# Blender 5.0.1
# www.blender.org
mtllib hypercube.mtl
o hypercube
v 15.000000 13.190917 -40.000000
v 15.000000 13.121535 -39.865524
v 15.000000 10.000000 -40.000000
v 15.000000 13.060397 -39.731640
v 15.000000 13.007771 -39.598934
v 15.000000 12.963888 -39.467987
v 15.000000 12.928941 -39.339375
v 15.000000 12.903082 -39.213661
v 15.000000 12.893599 -39.152065
v 15.000000 12.886427 -39.091396
v 15.000000 12.881574 -39.031731
v 15.000000 12.879046 -38.973122
v 15.000000 12.878846 -38.915646
v 15.000000 12.880975 -38.859356
v 15.000000 12.885428 -38.804317
v 15.000000 12.892202 -38.750591
v 15.000000 12.901290 -38.698238
v 15.000000 12.912680 -38.647312
v 15.000000 12.926361 -38.597870
v 15.000000 12.942318 -38.549969
v 15.000000 12.960534 -38.503658
v 15.000000 10.000000 -35.000000
v 15.000000 12.980988 -38.458988
v 15.000000 13.003656 -38.416012
v 15.000000 13.028517 -38.374771
v 15.000000 13.055540 -38.335316
v 15.000000 13.084698 -38.297688
v 15.000000 13.115957 -38.261929
v 15.000000 13.149285 -38.228073
v 15.000000 13.184643 -38.196167
v 15.000000 13.221993 -38.166237
v 15.000000 13.261295 -38.138321
v 15.000000 13.302505 -38.112446
v 15.000000 13.345579 -38.088646
v 15.000000 13.390468 -38.066940
v 15.000000 13.437122 -38.047359
v 15.000000 15.000000 -35.000000
v 15.000000 13.485493 -38.029919
v 15.000000 13.535524 -38.014641
v 15.000000 13.587164 -38.001541
v 15.000000 13.640354 -37.990635
v 15.000000 13.695036 -37.981937
v 15.000000 13.751150 -37.975449
v 15.000000 13.808635 -37.971188
v 15.000000 13.867427 -37.969151
v 15.000000 13.927463 -37.969341
v 15.000000 14.050997 -37.976406
v 15.000000 14.178696 -37.992352
v 15.000000 14.309999 -38.017109
v 15.000000 14.444330 -38.050568
v 15.000000 14.581100 -38.092583
v 15.000000 14.719707 -38.142971
v 15.000000 14.859546 -38.201504
v 15.000000 15.000000 -38.267933
v 14.859549 15.000000 -38.201511
v 14.719714 15.000000 -38.142979
v 14.581110 15.000000 -38.092598
v 14.444345 15.000000 -38.050587
v 14.310017 15.000000 -38.017132
v 14.178718 15.000000 -37.992378
v 14.051023 15.000000 -37.976437
v 13.927493 15.000000 -37.969372
v 13.867459 15.000000 -37.969181
v 13.808669 15.000000 -37.971222
v 13.751186 15.000000 -37.975487
v 13.695074 15.000000 -37.981972
v 13.640394 15.000000 -37.990673
v 13.587206 15.000000 -38.001579
v 13.535568 15.000000 -38.014679
v 13.485538 15.000000 -38.029957
v 13.437170 15.000000 -38.047398
v 10.000000 15.000000 -35.000000
v 13.390516 15.000000 -38.066982
v 13.345630 15.000000 -38.088684
v 13.302558 15.000000 -38.112488
v 13.261350 15.000000 -38.138363
v 13.222049 15.000000 -38.166279
v 13.184700 15.000000 -38.196205
v 13.149343 15.000000 -38.228115
v 13.116016 15.000000 -38.261967
v 13.084758 15.000000 -38.297726
v 13.055601 15.000000 -38.335354
v 13.028579 15.000000 -38.374809
v 13.003719 15.000000 -38.416050
v 12.981050 15.000000 -38.459026
v 12.960598 15.000000 -38.503693
v 10.000000 15.000000 -40.000000
v 12.942383 15.000000 -38.550003
v 12.926427 15.000000 -38.597904
v 12.912745 15.000000 -38.647346
v 12.901355 15.000000 -38.698269
v 12.892268 15.000000 -38.750622
v 12.885494 15.000000 -38.804348
v 12.881041 15.000000 -38.859383
v 12.878912 15.000000 -38.915668
v 12.879111 15.000000 -38.973148
v 12.881639 15.000000 -39.031754
v 12.886491 15.000000 -39.091419
v 12.893662 15.000000 -39.152084
v 12.903145 15.000000 -39.213680
v 12.929002 15.000000 -39.339390
v 12.963947 15.000000 -39.467999
v 13.007828 15.000000 -39.598942
v 13.060451 15.000000 -39.731647
v 13.121586 15.000000 -39.865528
v 13.190965 15.000000 -40.000000
v 11.001807 10.000000 -37.426399
v 10.000000 10.000000 -35.000000
v 11.000000 10.000000 -37.500000
v 11.007223 10.000000 -37.352974
v 11.016235 10.000000 -37.279903
v 11.028822 10.000000 -37.207363
v 11.044953 10.000000 -37.135529
v 11.064590 10.000000 -37.064571
v 11.087684 10.000000 -36.994667
v 11.114181 10.000000 -36.925976
v 11.144016 10.000000 -36.858665
v 11.177118 10.000000 -36.792904
v 11.213408 10.000000 -36.728848
v 11.252795 10.000000 -36.666645
v 11.295189 10.000000 -36.606453
v 11.340485 10.000000 -36.548409
v 11.388574 10.000000 -36.492661
v 11.439340 10.000000 -36.439339
v 11.492661 10.000000 -36.388573
v 11.548410 10.000000 -36.340485
v 11.606451 10.000000 -36.295189
v 11.666645 10.000000 -36.252796
v 11.728846 10.000000 -36.213406
v 11.792905 10.000000 -36.177116
v 11.858667 10.000000 -36.144016
v 11.925975 10.000000 -36.114182
v 11.994665 10.000000 -36.087685
v 12.064573 10.000000 -36.064590
v 12.135530 10.000000 -36.044952
v 12.207364 10.000000 -36.028824
v 12.279904 10.000000 -36.016235
v 12.352974 10.000000 -36.007221
v 12.426398 10.000000 -36.001808
v 12.500000 10.000000 -36.000000
v 12.573602 10.000000 -36.001808
v 12.647026 10.000000 -36.007221
v 12.720096 10.000000 -36.016235
v 12.792636 10.000000 -36.028824
v 12.864470 10.000000 -36.044952
v 12.935427 10.000000 -36.064590
v 13.005335 10.000000 -36.087685
v 13.074025 10.000000 -36.114182
v 13.141333 10.000000 -36.144016
v 13.207095 10.000000 -36.177116
v 13.271154 10.000000 -36.213406
v 13.333355 10.000000 -36.252796
v 13.393549 10.000000 -36.295189
v 13.451590 10.000000 -36.340485
v 13.507339 10.000000 -36.388573
v 13.560660 10.000000 -36.439339
v 13.611426 10.000000 -36.492661
v 13.659515 10.000000 -36.548409
v 13.704811 10.000000 -36.606453
v 13.747205 10.000000 -36.666645
v 13.786592 10.000000 -36.728848
v 13.822882 10.000000 -36.792904
v 13.855984 10.000000 -36.858665
v 13.885819 10.000000 -36.925976
v 13.912316 10.000000 -36.994667
v 13.935410 10.000000 -37.064571
v 13.955047 10.000000 -37.135529
v 13.971178 10.000000 -37.207363
v 13.983765 10.000000 -37.279903
v 13.992777 10.000000 -37.352974
v 13.998193 10.000000 -37.426399
v 14.000000 10.000000 -37.500000
v 13.998193 10.000000 -37.573601
v 13.992777 10.000000 -37.647026
v 13.983765 10.000000 -37.720097
v 13.971178 10.000000 -37.792637
v 13.955047 10.000000 -37.864471
v 13.935410 10.000000 -37.935429
v 13.912316 10.000000 -38.005333
v 13.885819 10.000000 -38.074024
v 13.855984 10.000000 -38.141335
v 13.822882 10.000000 -38.207096
v 13.786592 10.000000 -38.271152
v 13.747205 10.000000 -38.333355
v 13.704811 10.000000 -38.393547
v 13.659515 10.000000 -38.451591
v 13.611426 10.000000 -38.507339
v 13.560660 10.000000 -38.560661
v 13.507339 10.000000 -38.611427
v 13.451590 10.000000 -38.659515
v 13.393549 10.000000 -38.704811
v 13.333355 10.000000 -38.747204
v 13.271154 10.000000 -38.786594
v 13.207095 10.000000 -38.822884
v 13.141333 10.000000 -38.855984
v 13.074025 10.000000 -38.885818
v 13.005335 10.000000 -38.912315
v 12.935427 10.000000 -38.935410
v 12.864470 10.000000 -38.955048
v 12.792636 10.000000 -38.971176
v 12.720096 10.000000 -38.983765
v 12.647026 10.000000 -38.992779
v 12.573602 10.000000 -38.998192
v 12.500000 10.000000 -39.000000
v 10.000000 10.000000 -40.000000
v 12.426398 10.000000 -38.998192
v 12.352974 10.000000 -38.992779
v 12.279904 10.000000 -38.983765
v 12.207364 10.000000 -38.971176
v 12.135530 10.000000 -38.955048
v 12.064573 10.000000 -38.935410
v 11.994665 10.000000 -38.912315
v 11.925975 10.000000 -38.885818
v 11.858667 10.000000 -38.855984
v 11.792905 10.000000 -38.822884
v 11.728846 10.000000 -38.786594
v 11.666645 10.000000 -38.747204
v 11.606451 10.000000 -38.704811
v 11.548410 10.000000 -38.659515
v 11.492661 10.000000 -38.611427
v 11.439340 10.000000 -38.560661
v 11.388574 10.000000 -38.507339
v 11.340485 10.000000 -38.451591
v 11.295189 10.000000 -38.393547
v 11.252795 10.000000 -38.333355
v 11.213408 10.000000 -38.271152
v 11.177118 10.000000 -38.207096
v 11.144016 10.000000 -38.141335
v 11.114181 10.000000 -38.074024
v 11.087684 10.000000 -38.005333
v 11.064590 10.000000 -37.935429
v 11.044953 10.000000 -37.864471
v 11.028822 10.000000 -37.792637
v 11.016235 10.000000 -37.720097
v 11.007223 10.000000 -37.647026
v 11.001807 10.000000 -37.573601
v 10.000000 13.998193 -37.426399
v 10.000000 14.000000 -37.500000
v 10.000000 13.992777 -37.352974
v 10.000000 13.983765 -37.279903
v 10.000000 13.971178 -37.207363
v 10.000000 13.955047 -37.135529
v 10.000000 13.935410 -37.064571
v 10.000000 13.912316 -36.994667
v 10.000000 13.885819 -36.925976
v 10.000000 13.855984 -36.858665
v 10.000000 13.822882 -36.792904
v 10.000000 13.786592 -36.728848
v 10.000000 13.747205 -36.666645
v 10.000000 13.704811 -36.606453
v 10.000000 13.659515 -36.548409
v 10.000000 13.611426 -36.492661
v 10.000000 13.560660 -36.439339
v 10.000000 13.507339 -36.388573
v 10.000000 13.451590 -36.340485
v 10.000000 13.393549 -36.295189
v 10.000000 13.333355 -36.252796
v 10.000000 13.271154 -36.213406
v 10.000000 13.207095 -36.177116
v 10.000000 13.141333 -36.144016
v 10.000000 13.074025 -36.114182
v 10.000000 13.005335 -36.087685
v 10.000000 12.935427 -36.064590
v 10.000000 12.864470 -36.044952
v 10.000000 12.792636 -36.028824
v 10.000000 12.720096 -36.016235
v 10.000000 12.647026 -36.007221
v 10.000000 12.573602 -36.001808
v 10.000000 12.500000 -36.000000
v 10.000000 12.426398 -36.001808
v 10.000000 12.352974 -36.007221
v 10.000000 12.279904 -36.016235
v 10.000000 12.207364 -36.028824
v 10.000000 12.135530 -36.044952
v 10.000000 12.064573 -36.064590
v 10.000000 11.994665 -36.087685
v 10.000000 11.925975 -36.114182
v 10.000000 11.858667 -36.144016
v 10.000000 11.792905 -36.177116
v 10.000000 11.728846 -36.213406
v 10.000000 11.666645 -36.252796
v 10.000000 11.606451 -36.295189
v 10.000000 11.548410 -36.340485
v 10.000000 11.492661 -36.388573
v 10.000000 11.439340 -36.439339
v 10.000000 11.388574 -36.492661
v 10.000000 11.340485 -36.548409
v 10.000000 11.295189 -36.606453
v 10.000000 11.252795 -36.666645
v 10.000000 11.213408 -36.728848
v 10.000000 11.177118 -36.792904
v 10.000000 11.144016 -36.858665
v 10.000000 11.114181 -36.925976
v 10.000000 11.087684 -36.994667
v 10.000000 11.064590 -37.064571
v 10.000000 11.044953 -37.135529
v 10.000000 11.028822 -37.207363
v 10.000000 11.016235 -37.279903
v 10.000000 11.007223 -37.352974
v 10.000000 11.001807 -37.426399
v 10.000000 11.000000 -37.500000
v 10.000000 11.001807 -37.573601
v 10.000000 11.007223 -37.647026
v 10.000000 11.016235 -37.720097
v 10.000000 11.028822 -37.792637
v 10.000000 11.044953 -37.864471
v 10.000000 11.064590 -37.935429
v 10.000000 11.087684 -38.005333
v 10.000000 11.114181 -38.074024
v 10.000000 11.144016 -38.141335
v 10.000000 11.177118 -38.207096
v 10.000000 11.213408 -38.271152
v 10.000000 11.252795 -38.333355
v 10.000000 11.295189 -38.393547
v 10.000000 11.340485 -38.451591
v 10.000000 11.388574 -38.507339
v 10.000000 11.439340 -38.560661
v 10.000000 11.492661 -38.611427
v 10.000000 11.548410 -38.659515
v 10.000000 11.606451 -38.704811
v 10.000000 11.666645 -38.747204
v 10.000000 11.728846 -38.786594
v 10.000000 11.792905 -38.822884
v 10.000000 11.858667 -38.855984
v 10.000000 11.925975 -38.885818
v 10.000000 11.994665 -38.912315
v 10.000000 12.064573 -38.935410
v 10.000000 12.135530 -38.955048
v 10.000000 12.207364 -38.971176
v 10.000000 12.279904 -38.983765
v 10.000000 12.352974 -38.992779
v 10.000000 12.426398 -38.998192
v 10.000000 12.500000 -39.000000
v 10.000000 12.573602 -38.998192
v 10.000000 12.647026 -38.992779
v 10.000000 12.720096 -38.983765
v 10.000000 12.792636 -38.971176
v 10.000000 12.864470 -38.955048
v 10.000000 12.935427 -38.935410
v 10.000000 13.005335 -38.912315
v 10.000000 13.074025 -38.885818
v 10.000000 13.141333 -38.855984
v 10.000000 13.207095 -38.822884
v 10.000000 13.271154 -38.786594
v 10.000000 13.333355 -38.747204
v 10.000000 13.393549 -38.704811
v 10.000000 13.451590 -38.659515
v 10.000000 13.507339 -38.611427
v 10.000000 13.560660 -38.560661
v 10.000000 13.611426 -38.507339
v 10.000000 13.659515 -38.451591
v 10.000000 13.704811 -38.393547
v 10.000000 13.747205 -38.333355
v 10.000000 13.786592 -38.271152
v 10.000000 13.822882 -38.207096
v 10.000000 13.855984 -38.141335
v 10.000000 13.885819 -38.074024
v 10.000000 13.912316 -38.005333
v 10.000000 13.935410 -37.935429
v 10.000000 13.955047 -37.864471
v 10.000000 13.971178 -37.792637
v 10.000000 13.983765 -37.720097
v 10.000000 13.992777 -37.647026
v 10.000000 13.998193 -37.573601
v 11.001807 12.573602 -35.000000
v 11.000000 12.500000 -35.000000
v 11.007223 12.647026 -35.000000
v 11.016235 12.720096 -35.000000
v 11.028822 12.792636 -35.000000
v 11.044953 12.864470 -35.000000
v 11.064590 12.935427 -35.000000
v 11.087684 13.005335 -35.000000
v 11.114181 13.074025 -35.000000
v 11.144016 13.141333 -35.000000
v 11.177118 13.207095 -35.000000
v 11.213408 13.271154 -35.000000
v 11.252795 13.333355 -35.000000
v 11.295189 13.393549 -35.000000
v 11.340485 13.451590 -35.000000
v 11.388574 13.507339 -35.000000
v 11.439340 13.560660 -35.000000
v 11.492661 13.611426 -35.000000
v 11.548410 13.659515 -35.000000
v 11.606451 13.704811 -35.000000
v 11.666645 13.747205 -35.000000
v 11.728846 13.786592 -35.000000
v 11.792905 13.822882 -35.000000
v 11.858667 13.855984 -35.000000
v 11.925975 13.885819 -35.000000
v 11.994665 13.912316 -35.000000
v 12.064573 13.935410 -35.000000
v 12.135530 13.955047 -35.000000
v 12.207364 13.971178 -35.000000
v 12.279904 13.983765 -35.000000
v 12.352974 13.992777 -35.000000
v 12.426398 13.998193 -35.000000
v 12.500000 14.000000 -35.000000
v 12.573602 13.998193 -35.000000
v 12.647026 13.992777 -35.000000
v 12.720096 13.983765 -35.000000
v 12.792636 13.971178 -35.000000
v 12.864470 13.955047 -35.000000
v 12.935427 13.935410 -35.000000
v 13.005335 13.912316 -35.000000
v 13.074025 13.885819 -35.000000
v 13.141333 13.855984 -35.000000
v 13.207095 13.822882 -35.000000
v 13.271154 13.786592 -35.000000
v 13.333355 13.747205 -35.000000
v 13.393549 13.704811 -35.000000
v 13.451590 13.659515 -35.000000
v 13.507339 13.611426 -35.000000
v 13.560660 13.560660 -35.000000
v 13.611426 13.507339 -35.000000
v 13.659515 13.451590 -35.000000
v 13.704811 13.393549 -35.000000
v 13.747205 13.333355 -35.000000
v 13.786592 13.271154 -35.000000
v 13.822882 13.207095 -35.000000
v 13.855984 13.141333 -35.000000
v 13.885819 13.074025 -35.000000
v 13.912316 13.005335 -35.000000
v 13.935410 12.935427 -35.000000
v 13.955047 12.864470 -35.000000
v 13.971178 12.792636 -35.000000
v 13.983765 12.720096 -35.000000
v 13.992777 12.647026 -35.000000
v 13.998193 12.573602 -35.000000
v 14.000000 12.500000 -35.000000
v 13.998193 12.426398 -35.000000
v 13.992777 12.352974 -35.000000
v 13.983765 12.279904 -35.000000
v 13.971178 12.207364 -35.000000
v 13.955047 12.135530 -35.000000
v 13.935410 12.064573 -35.000000
v 13.912316 11.994665 -35.000000
v 13.885819 11.925975 -35.000000
v 13.855984 11.858667 -35.000000
v 13.822882 11.792905 -35.000000
v 13.786592 11.728846 -35.000000
v 13.747205 11.666645 -35.000000
v 13.704811 11.606451 -35.000000
v 13.659515 11.548410 -35.000000
v 13.611426 11.492661 -35.000000
v 13.560660 11.439340 -35.000000
v 13.507339 11.388574 -35.000000
v 13.451590 11.340485 -35.000000
v 13.393549 11.295189 -35.000000
v 13.333355 11.252795 -35.000000
v 13.271154 11.213408 -35.000000
v 13.207095 11.177118 -35.000000
v 13.141333 11.144016 -35.000000
v 13.074025 11.114181 -35.000000
v 13.005335 11.087684 -35.000000
v 12.935427 11.064590 -35.000000
v 12.864470 11.044953 -35.000000
v 12.792636 11.028822 -35.000000
v 12.720096 11.016235 -35.000000
v 12.647026 11.007223 -35.000000
v 12.573602 11.001807 -35.000000
v 12.500000 11.000000 -35.000000
v 12.426398 11.001807 -35.000000
v 12.352974 11.007223 -35.000000
v 12.279904 11.016235 -35.000000
v 12.207364 11.028822 -35.000000
v 12.135530 11.044953 -35.000000
v 12.064573 11.064590 -35.000000
v 11.994665 11.087684 -35.000000
v 11.925975 11.114181 -35.000000
v 11.858667 11.144016 -35.000000
v 11.792905 11.177118 -35.000000
v 11.728846 11.213408 -35.000000
v 11.666645 11.252795 -35.000000
v 11.606451 11.295189 -35.000000
v 11.548410 11.340485 -35.000000
v 11.492661 11.388574 -35.000000
v 11.439340 11.439340 -35.000000
v 11.388574 11.492661 -35.000000
v 11.340485 11.548410 -35.000000
v 11.295189 11.606451 -35.000000
v 11.252795 11.666645 -35.000000
v 11.213408 11.728846 -35.000000
v 11.177118 11.792905 -35.000000
v 11.144016 11.858667 -35.000000
v 11.114181 11.925975 -35.000000
v 11.087684 11.994665 -35.000000
v 11.064590 12.064573 -35.000000
v 11.044953 12.135530 -35.000000
v 11.028822 12.207364 -35.000000
v 11.016235 12.279904 -35.000000
v 11.007223 12.352974 -35.000000
v 11.001807 12.426398 -35.000000
v 13.135759 14.870443 -40.000000
v 13.088148 14.741415 -40.000000
v 13.048325 14.613440 -40.000000
v 13.016450 14.487039 -40.000000
v 12.992656 14.362726 -40.000000
v 12.977037 14.241011 -40.000000
v 12.969660 14.122386 -40.000000
v 12.969071 14.064385 -40.000000
v 12.970551 14.007337 -40.000000
v 12.974099 13.951300 -40.000000
v 12.979711 13.896331 -40.000000
v 12.987379 13.842485 -40.000000
v 12.997098 13.789820 -40.000000
v 13.008857 13.738386 -40.000000
v 13.022644 13.688238 -40.000000
v 13.038445 13.639426 -40.000000
v 13.056245 13.592000 -40.000000
v 13.076024 13.546008 -40.000000
v 13.097763 13.501496 -40.000000
v 13.121439 13.458511 -40.000000
v 13.147029 13.417097 -40.000000
v 13.174506 13.377295 -40.000000
v 13.203843 13.339145 -40.000000
v 13.235009 13.302687 -40.000000
v 13.267974 13.267958 -40.000000
v 13.302702 13.234993 -40.000000
v 13.339159 13.203826 -40.000000
v 13.377308 13.174488 -40.000000
v 13.417109 13.147010 -40.000000
v 13.458523 13.121419 -40.000000
v 13.501507 13.097742 -40.000000
v 13.546018 13.076002 -40.000000
v 13.592009 13.056222 -40.000000
v 13.639435 13.038422 -40.000000
v 13.688246 13.022619 -40.000000
v 13.738394 13.008831 -40.000000
v 13.789826 12.997071 -40.000000
v 13.842491 12.987350 -40.000000
v 13.896336 12.979681 -40.000000
v 13.951304 12.974069 -40.000000
v 14.007341 12.970520 -40.000000
v 14.064389 12.969039 -40.000000
v 14.122390 12.969626 -40.000000
v 14.241014 12.977002 -40.000000
v 14.362728 12.992618 -40.000000
v 14.487040 13.016411 -40.000000
v 14.613440 13.048283 -40.000000
v 14.741415 13.088104 -40.000000
v 14.870443 13.135715 -40.000000
v 11.001807 -10.000000 -37.573601
v 11.007223 -10.000000 -37.647026
v 11.016235 -10.000000 -37.720097
v 11.028822 -10.000000 -37.792637
v 11.044953 -10.000000 -37.864471
v 11.064590 -10.000000 -37.935429
v 11.087684 -10.000000 -38.005333
v 11.114181 -10.000000 -38.074024
v 11.144016 -10.000000 -38.141335
v 11.177118 -10.000000 -38.207096
v 11.213408 -10.000000 -38.271152
v 11.252795 -10.000000 -38.333355
v 11.295189 -10.000000 -38.393547
v 11.340485 -10.000000 -38.451591
v 11.388574 -10.000000 -38.507339
v 11.439340 -10.000000 -38.560661
v 11.492661 -10.000000 -38.611427
v 11.548410 -10.000000 -38.659515
v 11.606451 -10.000000 -38.704811
v 11.666645 -10.000000 -38.747204
v 11.728846 -10.000000 -38.786594
v 11.792905 -10.000000 -38.822884
v 11.858667 -10.000000 -38.855984
v 11.925975 -10.000000 -38.885818
v 11.994665 -10.000000 -38.912315
v 12.064573 -10.000000 -38.935410
v 12.135530 -10.000000 -38.955048
v 12.207364 -10.000000 -38.971176
v 12.279904 -10.000000 -38.983765
v 12.352974 -10.000000 -38.992779
v 12.426398 -10.000000 -38.998192
v 12.500000 -10.000000 -39.000000
v 12.573602 -10.000000 -38.998192
v 12.647026 -10.000000 -38.992779
v 12.720096 -10.000000 -38.983765
v 12.792636 -10.000000 -38.971176
v 12.864470 -10.000000 -38.955048
v 12.935427 -10.000000 -38.935410
v 13.005335 -10.000000 -38.912315
v 13.074025 -10.000000 -38.885818
v 13.141333 -10.000000 -38.855984
v 13.207095 -10.000000 -38.822884
v 13.271154 -10.000000 -38.786594
v 13.333355 -10.000000 -38.747204
v 13.393549 -10.000000 -38.704811
v 13.451590 -10.000000 -38.659515
v 13.507339 -10.000000 -38.611427
v 13.560660 -10.000000 -38.560661
v 13.611426 -10.000000 -38.507339
v 13.659515 -10.000000 -38.451591
v 13.704811 -10.000000 -38.393547
v 13.747205 -10.000000 -38.333355
v 13.786592 -10.000000 -38.271152
v 13.822882 -10.000000 -38.207096
v 13.855984 -10.000000 -38.141335
v 13.885819 -10.000000 -38.074024
v 13.912316 -10.000000 -38.005333
v 13.935410 -10.000000 -37.935429
v 13.955047 -10.000000 -37.864471
v 13.971178 -10.000000 -37.792637
v 13.983765 -10.000000 -37.720097
v 13.992777 -10.000000 -37.647026
v 13.998193 -10.000000 -37.573601
v 14.000000 -10.000000 -37.500000
v 13.998193 -10.000000 -37.426399
v 13.992777 -10.000000 -37.352974
v 13.983765 -10.000000 -37.279903
v 13.971178 -10.000000 -37.207363
v 13.955047 -10.000000 -37.135529
v 13.935410 -10.000000 -37.064571
v 13.912316 -10.000000 -36.994667
v 13.885819 -10.000000 -36.925976
v 13.855984 -10.000000 -36.858665
v 13.822882 -10.000000 -36.792904
v 13.786592 -10.000000 -36.728848
v 13.747205 -10.000000 -36.666645
v 13.704811 -10.000000 -36.606453
v 13.659515 -10.000000 -36.548409
v 13.611426 -10.000000 -36.492661
v 13.560660 -10.000000 -36.439339
v 13.507339 -10.000000 -36.388573
v 13.451590 -10.000000 -36.340485
v 13.393549 -10.000000 -36.295189
v 13.333355 -10.000000 -36.252796
v 13.271154 -10.000000 -36.213406
v 13.207095 -10.000000 -36.177116
v 13.141333 -10.000000 -36.144016
v 13.074025 -10.000000 -36.114182
v 13.005335 -10.000000 -36.087685
v 12.935427 -10.000000 -36.064590
v 12.864470 -10.000000 -36.044952
v 12.792636 -10.000000 -36.028824
v 12.720096 -10.000000 -36.016235
v 12.647026 -10.000000 -36.007221
v 12.573602 -10.000000 -36.001808
v 12.500000 -10.000000 -36.000000
v 12.426398 -10.000000 -36.001808
v 12.352974 -10.000000 -36.007221
v 12.279904 -10.000000 -36.016235
v 12.207364 -10.000000 -36.028824
v 12.135530 -10.000000 -36.044952
v 12.064573 -10.000000 -36.064590
v 11.994665 -10.000000 -36.087685
v 11.925975 -10.000000 -36.114182
v 11.858667 -10.000000 -36.144016
v 11.792905 -10.000000 -36.177116
v 11.728846 -10.000000 -36.213406
v 11.666645 -10.000000 -36.252796
v 11.606451 -10.000000 -36.295189
v 11.548410 -10.000000 -36.340485
v 11.492661 -10.000000 -36.388573
v 11.439340 -10.000000 -36.439339
v 11.388574 -10.000000 -36.492661
v 11.340485 -10.000000 -36.548409
v 11.295189 -10.000000 -36.606453
v 11.252795 -10.000000 -36.666645
v 11.213408 -10.000000 -36.728848
v 11.177118 -10.000000 -36.792904
v 11.144016 -10.000000 -36.858665
v 11.114181 -10.000000 -36.925976
v 11.087684 -10.000000 -36.994667
v 11.064590 -10.000000 -37.064571
v 11.044953 -10.000000 -37.135529
v 11.028822 -10.000000 -37.207363
v 11.016235 -10.000000 -37.279903
v 11.007223 -10.000000 -37.352974
v 11.001807 -10.000000 -37.426399
v 11.000000 -10.000000 -37.500000
v 15.000000 -13.190917 -40.000000
v 14.870443 -13.135715 -40.000000
v 15.000000 -10.000000 -40.000000
v 14.741415 -13.088104 -40.000000
v 14.613440 -13.048283 -40.000000
v 14.487040 -13.016411 -40.000000
v 14.362728 -12.992618 -40.000000
v 14.241014 -12.977002 -40.000000
v 14.122390 -12.969626 -40.000000
v 14.064389 -12.969039 -40.000000
v 14.007341 -12.970520 -40.000000
v 13.951304 -12.974069 -40.000000
v 13.896336 -12.979681 -40.000000
v 13.842491 -12.987350 -40.000000
v 13.789826 -12.997071 -40.000000
v 13.738394 -13.008831 -40.000000
v 13.688246 -13.022619 -40.000000
v 13.639435 -13.038422 -40.000000
v 13.592009 -13.056222 -40.000000
v 10.000000 -10.000000 -40.000000
v 13.546018 -13.076002 -40.000000
v 13.501507 -13.097742 -40.000000
v 13.458523 -13.121419 -40.000000
v 13.417109 -13.147010 -40.000000
v 13.377308 -13.174488 -40.000000
v 13.339159 -13.203826 -40.000000
v 13.302702 -13.234993 -40.000000
v 13.267974 -13.267958 -40.000000
v 13.235009 -13.302687 -40.000000
v 13.203843 -13.339145 -40.000000
v 13.174506 -13.377295 -40.000000
v 13.147029 -13.417097 -40.000000
v 13.121439 -13.458511 -40.000000
v 13.097763 -13.501496 -40.000000
v 13.076024 -13.546008 -40.000000
v 13.056245 -13.592000 -40.000000
v 10.000000 -15.000000 -40.000000
v 13.038445 -13.639426 -40.000000
v 13.022644 -13.688238 -40.000000
v 13.008857 -13.738386 -40.000000
v 12.997098 -13.789820 -40.000000
v 12.987379 -13.842485 -40.000000
v 12.979711 -13.896331 -40.000000
v 12.974099 -13.951300 -40.000000
v 12.970551 -14.007337 -40.000000
v 12.969071 -14.064385 -40.000000
v 12.969660 -14.122386 -40.000000
v 12.977037 -14.241011 -40.000000
v 12.992656 -14.362726 -40.000000
v 13.016450 -14.487039 -40.000000
v 13.048325 -14.613440 -40.000000
v 13.088148 -14.741415 -40.000000
v 13.135759 -14.870443 -40.000000
v 13.190965 -15.000000 -40.000000
v 13.121586 -15.000000 -39.865528
v 13.060451 -15.000000 -39.731647
v 13.007828 -15.000000 -39.598942
v 12.963947 -15.000000 -39.467999
v 12.929002 -15.000000 -39.339390
v 12.903145 -15.000000 -39.213680
v 12.893662 -15.000000 -39.152084
v 12.886491 -15.000000 -39.091419
v 12.881639 -15.000000 -39.031754
v 12.879111 -15.000000 -38.973148
v 12.878912 -15.000000 -38.915668
v 12.881041 -15.000000 -38.859383
v 12.885494 -15.000000 -38.804348
v 12.892268 -15.000000 -38.750622
v 12.901355 -15.000000 -38.698269
v 12.912745 -15.000000 -38.647346
v 12.926427 -15.000000 -38.597904
v 12.942383 -15.000000 -38.550003
v 12.960598 -15.000000 -38.503693
v 10.000000 -15.000000 -35.000000
v 12.981050 -15.000000 -38.459026
v 13.003719 -15.000000 -38.416050
v 13.028579 -15.000000 -38.374809
v 13.055601 -15.000000 -38.335354
v 13.084758 -15.000000 -38.297726
v 13.116016 -15.000000 -38.261967
v 13.149343 -15.000000 -38.228115
v 13.184700 -15.000000 -38.196205
v 13.222049 -15.000000 -38.166279
v 13.261350 -15.000000 -38.138363
v 13.302558 -15.000000 -38.112488
v 13.345630 -15.000000 -38.088684
v 13.390516 -15.000000 -38.066982
v 13.437170 -15.000000 -38.047398
v 15.000000 -15.000000 -35.000000
v 13.485538 -15.000000 -38.029957
v 13.535568 -15.000000 -38.014679
v 13.587206 -15.000000 -38.001579
v 13.640394 -15.000000 -37.990673
v 13.695074 -15.000000 -37.981972
v 13.751186 -15.000000 -37.975487
v 13.808669 -15.000000 -37.971222
v 13.867459 -15.000000 -37.969181
v 13.927493 -15.000000 -37.969372
v 14.051023 -15.000000 -37.976437
v 14.178718 -15.000000 -37.992378
v 14.310017 -15.000000 -38.017132
v 14.444345 -15.000000 -38.050587
v 14.581110 -15.000000 -38.092598
v 14.719714 -15.000000 -38.142979
v 14.859549 -15.000000 -38.201511
v 15.000000 -15.000000 -38.267933
v 10.000000 -13.998193 -37.573601
v 10.000000 -14.000000 -37.500000
v 10.000000 -13.992777 -37.647026
v 10.000000 -13.983765 -37.720097
v 10.000000 -13.971178 -37.792637
v 10.000000 -13.955047 -37.864471
v 10.000000 -13.935410 -37.935429
v 10.000000 -13.912316 -38.005333
v 10.000000 -13.885819 -38.074024
v 10.000000 -13.855984 -38.141335
v 10.000000 -13.822882 -38.207096
v 10.000000 -13.786592 -38.271152
v 10.000000 -13.747205 -38.333355
v 10.000000 -13.704811 -38.393547
v 10.000000 -13.659515 -38.451591
v 10.000000 -13.611426 -38.507339
v 10.000000 -13.560660 -38.560661
v 10.000000 -13.507339 -38.611427
v 10.000000 -13.451590 -38.659515
v 10.000000 -13.393549 -38.704811
v 10.000000 -13.333355 -38.747204
v 10.000000 -13.271154 -38.786594
v 10.000000 -13.207095 -38.822884
v 10.000000 -13.141333 -38.855984
v 10.000000 -13.074025 -38.885818
v 10.000000 -13.005335 -38.912315
v 10.000000 -12.935427 -38.935410
v 10.000000 -12.864470 -38.955048
v 10.000000 -12.792636 -38.971176
v 10.000000 -12.720096 -38.983765
v 10.000000 -12.647026 -38.992779
v 10.000000 -12.573602 -38.998192
v 10.000000 -12.500000 -39.000000
v 10.000000 -12.426398 -38.998192
v 10.000000 -12.352974 -38.992779
v 10.000000 -12.279904 -38.983765
v 10.000000 -12.207364 -38.971176
v 10.000000 -12.135530 -38.955048
v 10.000000 -12.064573 -38.935410
v 10.000000 -11.994665 -38.912315
v 10.000000 -11.925975 -38.885818
v 10.000000 -11.858667 -38.855984
v 10.000000 -11.792905 -38.822884
v 10.000000 -11.728846 -38.786594
v 10.000000 -11.666645 -38.747204
v 10.000000 -11.606451 -38.704811
v 10.000000 -11.548410 -38.659515
v 10.000000 -11.492661 -38.611427
v 10.000000 -11.439340 -38.560661
v 10.000000 -11.388574 -38.507339
v 10.000000 -11.340485 -38.451591
v 10.000000 -11.295189 -38.393547
v 10.000000 -11.252795 -38.333355
v 10.000000 -11.213408 -38.271152
v 10.000000 -11.177118 -38.207096
v 10.000000 -11.144016 -38.141335
v 10.000000 -11.114181 -38.074024
v 10.000000 -11.087684 -38.005333
v 10.000000 -11.064590 -37.935429
v 10.000000 -11.044953 -37.864471
v 10.000000 -11.028822 -37.792637
v 10.000000 -11.016235 -37.720097
v 10.000000 -11.007223 -37.647026
v 10.000000 -11.001807 -37.573601
v 10.000000 -11.000000 -37.500000
v 10.000000 -10.000000 -35.000000
v 10.000000 -11.001807 -37.426399
v 10.000000 -11.007223 -37.352974
v 10.000000 -11.016235 -37.279903
v 10.000000 -11.028822 -37.207363
v 10.000000 -11.044953 -37.135529
v 10.000000 -11.064590 -37.064571
v 10.000000 -11.087684 -36.994667
v 10.000000 -11.114181 -36.925976
v 10.000000 -11.144016 -36.858665
v 10.000000 -11.177118 -36.792904
v 10.000000 -11.213408 -36.728848
v 10.000000 -11.252795 -36.666645
v 10.000000 -11.295189 -36.606453
v 10.000000 -11.340485 -36.548409
v 10.000000 -11.388574 -36.492661
v 10.000000 -11.439340 -36.439339
v 10.000000 -11.492661 -36.388573
v 10.000000 -11.548410 -36.340485
v 10.000000 -11.606451 -36.295189
v 10.000000 -11.666645 -36.252796
v 10.000000 -11.728846 -36.213406
v 10.000000 -11.792905 -36.177116
v 10.000000 -11.858667 -36.144016
v 10.000000 -11.925975 -36.114182
v 10.000000 -11.994665 -36.087685
v 10.000000 -12.064573 -36.064590
v 10.000000 -12.135530 -36.044952
v 10.000000 -12.207364 -36.028824
v 10.000000 -12.279904 -36.016235
v 10.000000 -12.352974 -36.007221
v 10.000000 -12.426398 -36.001808
v 10.000000 -12.500000 -36.000000
v 10.000000 -12.573602 -36.001808
v 10.000000 -12.647026 -36.007221
v 10.000000 -12.720096 -36.016235
v 10.000000 -12.792636 -36.028824
v 10.000000 -12.864470 -36.044952
v 10.000000 -12.935427 -36.064590
v 10.000000 -13.005335 -36.087685
v 10.000000 -13.074025 -36.114182
v 10.000000 -13.141333 -36.144016
v 10.000000 -13.207095 -36.177116
v 10.000000 -13.271154 -36.213406
v 10.000000 -13.333355 -36.252796
v 10.000000 -13.393549 -36.295189
v 10.000000 -13.451590 -36.340485
v 10.000000 -13.507339 -36.388573
v 10.000000 -13.560660 -36.439339
v 10.000000 -13.611426 -36.492661
v 10.000000 -13.659515 -36.548409
v 10.000000 -13.704811 -36.606453
v 10.000000 -13.747205 -36.666645
v 10.000000 -13.786592 -36.728848
v 10.000000 -13.822882 -36.792904
v 10.000000 -13.855984 -36.858665
v 10.000000 -13.885819 -36.925976
v 10.000000 -13.912316 -36.994667
v 10.000000 -13.935410 -37.064571
v 10.000000 -13.955047 -37.135529
v 10.000000 -13.971178 -37.207363
v 10.000000 -13.983765 -37.279903
v 10.000000 -13.992777 -37.352974
v 10.000000 -13.998193 -37.426399
v 15.000000 -10.000000 -35.000000
v 15.000000 -14.859546 -38.201504
v 15.000000 -14.719707 -38.142971
v 15.000000 -14.581100 -38.092583
v 15.000000 -14.444330 -38.050568
v 15.000000 -14.309999 -38.017109
v 15.000000 -14.178696 -37.992352
v 15.000000 -14.050997 -37.976406
v 15.000000 -13.927463 -37.969341
v 15.000000 -13.867427 -37.969151
v 15.000000 -13.808635 -37.971188
v 15.000000 -13.751150 -37.975449
v 15.000000 -13.695036 -37.981937
v 15.000000 -13.640354 -37.990635
v 15.000000 -13.587164 -38.001541
v 15.000000 -13.535524 -38.014641
v 15.000000 -13.485493 -38.029919
v 15.000000 -13.437122 -38.047359
v 15.000000 -13.390468 -38.066940
v 15.000000 -13.345579 -38.088646
v 15.000000 -13.302505 -38.112446
v 15.000000 -13.261295 -38.138321
v 15.000000 -13.221993 -38.166237
v 15.000000 -13.184643 -38.196167
v 15.000000 -13.149285 -38.228073
v 15.000000 -13.115957 -38.261929
v 15.000000 -13.084698 -38.297688
v 15.000000 -13.055540 -38.335316
v 15.000000 -13.028517 -38.374771
v 15.000000 -13.003656 -38.416012
v 15.000000 -12.980988 -38.458988
v 15.000000 -12.960534 -38.503658
v 15.000000 -12.942318 -38.549969
v 15.000000 -12.926361 -38.597870
v 15.000000 -12.912680 -38.647312
v 15.000000 -12.901290 -38.698238
v 15.000000 -12.892202 -38.750591
v 15.000000 -12.885428 -38.804317
v 15.000000 -12.880975 -38.859356
v 15.000000 -12.878846 -38.915646
v 15.000000 -12.879046 -38.973122
v 15.000000 -12.881574 -39.031731
v 15.000000 -12.886427 -39.091396
v 15.000000 -12.893599 -39.152065
v 15.000000 -12.903082 -39.213661
v 15.000000 -12.928941 -39.339375
v 15.000000 -12.963888 -39.467987
v 15.000000 -13.007771 -39.598934
v 15.000000 -13.060397 -39.731640
v 15.000000 -13.121535 -39.865524
v 11.001807 -12.426398 -35.000000
v 11.000000 -12.500000 -35.000000
v 11.007223 -12.352974 -35.000000
v 11.016235 -12.279904 -35.000000
v 11.028822 -12.207364 -35.000000
v 11.044953 -12.135530 -35.000000
v 11.064590 -12.064573 -35.000000
v 11.087684 -11.994665 -35.000000
v 11.114181 -11.925975 -35.000000
v 11.144016 -11.858667 -35.000000
v 11.177118 -11.792905 -35.000000
v 11.213408 -11.728846 -35.000000
v 11.252795 -11.666645 -35.000000
v 11.295189 -11.606451 -35.000000
v 11.340485 -11.548410 -35.000000
v 11.388574 -11.492661 -35.000000
v 11.439340 -11.439340 -35.000000
v 11.492661 -11.388574 -35.000000
v 11.548410 -11.340485 -35.000000
v 11.606451 -11.295189 -35.000000
v 11.666645 -11.252795 -35.000000
v 11.728846 -11.213408 -35.000000
v 11.792905 -11.177118 -35.000000
v 11.858667 -11.144016 -35.000000
v 11.925975 -11.114181 -35.000000
v 11.994665 -11.087684 -35.000000
v 12.064573 -11.064590 -35.000000
v 12.135530 -11.044953 -35.000000
v 12.207364 -11.028822 -35.000000
v 12.279904 -11.016235 -35.000000
v 12.352974 -11.007223 -35.000000
v 12.426398 -11.001807 -35.000000
v 12.500000 -11.000000 -35.000000
v 12.573602 -11.001807 -35.000000
v 12.647026 -11.007223 -35.000000
v 12.720096 -11.016235 -35.000000
v 12.792636 -11.028822 -35.000000
v 12.864470 -11.044953 -35.000000
v 12.935427 -11.064590 -35.000000
v 13.005335 -11.087684 -35.000000
v 13.074025 -11.114181 -35.000000
v 13.141333 -11.144016 -35.000000
v 13.207095 -11.177118 -35.000000
v 13.271154 -11.213408 -35.000000
v 13.333355 -11.252795 -35.000000
v 13.393549 -11.295189 -35.000000
v 13.451590 -11.340485 -35.000000
v 13.507339 -11.388574 -35.000000
v 13.560660 -11.439340 -35.000000
v 13.611426 -11.492661 -35.000000
v 13.659515 -11.548410 -35.000000
v 13.704811 -11.606451 -35.000000
v 13.747205 -11.666645 -35.000000
v 13.786592 -11.728846 -35.000000
v 13.822882 -11.792905 -35.000000
v 13.855984 -11.858667 -35.000000
v 13.885819 -11.925975 -35.000000
v 13.912316 -11.994665 -35.000000
v 13.935410 -12.064573 -35.000000
v 13.955047 -12.135530 -35.000000
v 13.971178 -12.207364 -35.000000
v 13.983765 -12.279904 -35.000000
v 13.992777 -12.352974 -35.000000
v 13.998193 -12.426398 -35.000000
v 14.000000 -12.500000 -35.000000
v 13.998193 -12.573602 -35.000000
v 13.992777 -12.647026 -35.000000
v 13.983765 -12.720096 -35.000000
v 13.971178 -12.792636 -35.000000
v 13.955047 -12.864470 -35.000000
v 13.935410 -12.935427 -35.000000
v 13.912316 -13.005335 -35.000000
v 13.885819 -13.074025 -35.000000
v 13.855984 -13.141333 -35.000000
v 13.822882 -13.207095 -35.000000
v 13.786592 -13.271154 -35.000000
v 13.747205 -13.333355 -35.000000
v 13.704811 -13.393549 -35.000000
v 13.659515 -13.451590 -35.000000
v 13.611426 -13.507339 -35.000000
v 13.560660 -13.560660 -35.000000
v 13.507339 -13.611426 -35.000000
v 13.451590 -13.659515 -35.000000
v 13.393549 -13.704811 -35.000000
v 13.333355 -13.747205 -35.000000
v 13.271154 -13.786592 -35.000000
v 13.207095 -13.822882 -35.000000
v 13.141333 -13.855984 -35.000000
v 13.074025 -13.885819 -35.000000
v 13.005335 -13.912316 -35.000000
v 12.935427 -13.935410 -35.000000
v 12.864470 -13.955047 -35.000000
v 12.792636 -13.971178 -35.000000
v 12.720096 -13.983765 -35.000000
v 12.647026 -13.992777 -35.000000
v 12.573602 -13.998193 -35.000000
v 12.500000 -14.000000 -35.000000
v 12.426398 -13.998193 -35.000000
v 12.352974 -13.992777 -35.000000
v 12.279904 -13.983765 -35.000000
v 12.207364 -13.971178 -35.000000
v 12.135530 -13.955047 -35.000000
v 12.064573 -13.935410 -35.000000
v 11.994665 -13.912316 -35.000000
v 11.925975 -13.885819 -35.000000
v 11.858667 -13.855984 -35.000000
v 11.792905 -13.822882 -35.000000
v 11.728846 -13.786592 -35.000000
v 11.666645 -13.747205 -35.000000
v 11.606451 -13.704811 -35.000000
v 11.548410 -13.659515 -35.000000
v 11.492661 -13.611426 -35.000000
v 11.439340 -13.560660 -35.000000
v 11.388574 -13.507339 -35.000000
v 11.340485 -13.451590 -35.000000
v 11.295189 -13.393549 -35.000000
v 11.252795 -13.333355 -35.000000
v 11.213408 -13.271154 -35.000000
v 11.177118 -13.207095 -35.000000
v 11.144016 -13.141333 -35.000000
v 11.114181 -13.074025 -35.000000
v 11.087684 -13.005335 -35.000000
v 11.064590 -12.935427 -35.000000
v 11.044953 -12.864470 -35.000000
v 11.028822 -12.792636 -35.000000
v 11.016235 -12.720096 -35.000000
v 11.007223 -12.647026 -35.000000
v 11.001807 -12.573602 -35.000000
v -10.000000 13.998193 -37.573601
v -10.000000 13.992777 -37.647026
v -10.000000 13.983765 -37.720097
v -10.000000 13.971178 -37.792637
v -10.000000 13.955047 -37.864471
v -10.000000 13.935410 -37.935429
v -10.000000 13.912316 -38.005333
v -10.000000 13.885819 -38.074024
v -10.000000 13.855984 -38.141335
v -10.000000 13.822882 -38.207096
v -10.000000 13.786592 -38.271152
v -10.000000 13.747205 -38.333355
v -10.000000 13.704811 -38.393547
v -10.000000 13.659515 -38.451591
v -10.000000 13.611426 -38.507339
v -10.000000 13.560660 -38.560661
v -10.000000 13.507339 -38.611427
v -10.000000 13.451590 -38.659515
v -10.000000 13.393549 -38.704811
v -10.000000 13.333355 -38.747204
v -10.000000 13.271154 -38.786594
v -10.000000 13.207095 -38.822884
v -10.000000 13.141333 -38.855984
v -10.000000 13.074025 -38.885818
v -10.000000 13.005335 -38.912315
v -10.000000 12.935427 -38.935410
v -10.000000 12.864470 -38.955048
v -10.000000 12.792636 -38.971176
v -10.000000 12.720096 -38.983765
v -10.000000 12.647026 -38.992779
v -10.000000 12.573602 -38.998192
v -10.000000 12.500000 -39.000000
v -10.000000 12.426398 -38.998192
v -10.000000 12.352974 -38.992779
v -10.000000 12.279904 -38.983765
v -10.000000 12.207364 -38.971176
v -10.000000 12.135530 -38.955048
v -10.000000 12.064573 -38.935410
v -10.000000 11.994665 -38.912315
v -10.000000 11.925975 -38.885818
v -10.000000 11.858667 -38.855984
v -10.000000 11.792905 -38.822884
v -10.000000 11.728846 -38.786594
v -10.000000 11.666645 -38.747204
v -10.000000 11.606451 -38.704811
v -10.000000 11.548410 -38.659515
v -10.000000 11.492661 -38.611427
v -10.000000 11.439340 -38.560661
v -10.000000 11.388574 -38.507339
v -10.000000 11.340485 -38.451591
v -10.000000 11.295189 -38.393547
v -10.000000 11.252795 -38.333355
v -10.000000 11.213408 -38.271152
v -10.000000 11.177118 -38.207096
v -10.000000 11.144016 -38.141335
v -10.000000 11.114181 -38.074024
v -10.000000 11.087684 -38.005333
v -10.000000 11.064590 -37.935429
v -10.000000 11.044953 -37.864471
v -10.000000 11.028822 -37.792637
v -10.000000 11.016235 -37.720097
v -10.000000 11.007223 -37.647026
v -10.000000 11.001807 -37.573601
v -10.000000 11.000000 -37.500000
v -10.000000 11.001807 -37.426399
v -10.000000 11.007223 -37.352974
v -10.000000 11.016235 -37.279903
v -10.000000 11.028822 -37.207363
v -10.000000 11.044953 -37.135529
v -10.000000 11.064590 -37.064571
v -10.000000 11.087684 -36.994667
v -10.000000 11.114181 -36.925976
v -10.000000 11.144016 -36.858665
v -10.000000 11.177118 -36.792904
v -10.000000 11.213408 -36.728848
v -10.000000 11.252795 -36.666645
v -10.000000 11.295189 -36.606453
v -10.000000 11.340485 -36.548409
v -10.000000 11.388574 -36.492661
v -10.000000 11.439340 -36.439339
v -10.000000 11.492661 -36.388573
v -10.000000 11.548410 -36.340485
v -10.000000 11.606451 -36.295189
v -10.000000 11.666645 -36.252796
v -10.000000 11.728846 -36.213406
v -10.000000 11.792905 -36.177116
v -10.000000 11.858667 -36.144016
v -10.000000 11.925975 -36.114182
v -10.000000 11.994665 -36.087685
v -10.000000 12.064573 -36.064590
v -10.000000 12.135530 -36.044952
v -10.000000 12.207364 -36.028824
v -10.000000 12.279904 -36.016235
v -10.000000 12.352974 -36.007221
v -10.000000 12.426398 -36.001808
v -10.000000 12.500000 -36.000000
v -10.000000 12.573602 -36.001808
v -10.000000 12.647026 -36.007221
v -10.000000 12.720096 -36.016235
v -10.000000 12.792636 -36.028824
v -10.000000 12.864470 -36.044952
v -10.000000 12.935427 -36.064590
v -10.000000 13.005335 -36.087685
v -10.000000 13.074025 -36.114182
v -10.000000 13.141333 -36.144016
v -10.000000 13.207095 -36.177116
v -10.000000 13.271154 -36.213406
v -10.000000 13.333355 -36.252796
v -10.000000 13.393549 -36.295189
v -10.000000 13.451590 -36.340485
v -10.000000 13.507339 -36.388573
v -10.000000 13.560660 -36.439339
v -10.000000 13.611426 -36.492661
v -10.000000 13.659515 -36.548409
v -10.000000 13.704811 -36.606453
v -10.000000 13.747205 -36.666645
v -10.000000 13.786592 -36.728848
v -10.000000 13.822882 -36.792904
v -10.000000 13.855984 -36.858665
v -10.000000 13.885819 -36.925976
v -10.000000 13.912316 -36.994667
v -10.000000 13.935410 -37.064571
v -10.000000 13.955047 -37.135529
v -10.000000 13.971178 -37.207363
v -10.000000 13.983765 -37.279903
v -10.000000 13.992777 -37.352974
v -10.000000 13.998193 -37.426399
v -10.000000 14.000000 -37.500000
v -15.000000 13.190917 -40.000000
v -14.870443 13.135715 -40.000000
v -15.000000 10.000000 -40.000000
v -14.741415 13.088104 -40.000000
v -14.613440 13.048283 -40.000000
v -14.487040 13.016411 -40.000000
v -14.362728 12.992618 -40.000000
v -14.241014 12.977002 -40.000000
v -14.122390 12.969626 -40.000000
v -14.064389 12.969039 -40.000000
v -14.007341 12.970520 -40.000000
v -13.951304 12.974069 -40.000000
v -13.896336 12.979681 -40.000000
v -13.842491 12.987350 -40.000000
v -13.789826 12.997071 -40.000000
v -13.738394 13.008831 -40.000000
v -13.688246 13.022619 -40.000000
v -13.639435 13.038422 -40.000000
v -13.592009 13.056222 -40.000000
v -13.546018 13.076002 -40.000000
v -10.000000 10.000000 -40.000000
v -13.501507 13.097742 -40.000000
v -13.458523 13.121419 -40.000000
v -13.417109 13.147010 -40.000000
v -13.377308 13.174488 -40.000000
v -13.339159 13.203826 -40.000000
v -13.302702 13.234993 -40.000000
v -13.267974 13.267958 -40.000000
v -13.235009 13.302687 -40.000000
v -13.203843 13.339145 -40.000000
v -13.174506 13.377295 -40.000000
v -13.147029 13.417097 -40.000000
v -13.121439 13.458511 -40.000000
v -13.097763 13.501496 -40.000000
v -13.076024 13.546008 -40.000000
v -13.056245 13.592000 -40.000000
v -10.000000 15.000000 -40.000000
v -13.038445 13.639426 -40.000000
v -13.022644 13.688238 -40.000000
v -13.008857 13.738386 -40.000000
v -12.997098 13.789820 -40.000000
v -12.987379 13.842485 -40.000000
v -12.979711 13.896331 -40.000000
v -12.974099 13.951300 -40.000000
v -12.970551 14.007337 -40.000000
v -12.969071 14.064385 -40.000000
v -12.969660 14.122386 -40.000000
v -12.977037 14.241011 -40.000000
v -12.992656 14.362726 -40.000000
v -13.016450 14.487039 -40.000000
v -13.048325 14.613440 -40.000000
v -13.088148 14.741415 -40.000000
v -13.135759 14.870443 -40.000000
v -13.190965 15.000000 -40.000000
v -13.121586 15.000000 -39.865528
v -13.060451 15.000000 -39.731647
v -13.007828 15.000000 -39.598942
v -12.963947 15.000000 -39.467999
v -12.929002 15.000000 -39.339390
v -12.903145 15.000000 -39.213680
v -12.893662 15.000000 -39.152084
v -12.886491 15.000000 -39.091419
v -12.881639 15.000000 -39.031754
v -12.879111 15.000000 -38.973148
v -12.878912 15.000000 -38.915668
v -12.881041 15.000000 -38.859383
v -12.885494 15.000000 -38.804348
v -12.892268 15.000000 -38.750622
v -12.901355 15.000000 -38.698269
v -12.912745 15.000000 -38.647346
v -12.926427 15.000000 -38.597904
v -12.942383 15.000000 -38.550003
v -12.960598 15.000000 -38.503693
v -10.000000 15.000000 -35.000000
v -12.981050 15.000000 -38.459026
v -13.003719 15.000000 -38.416050
v -13.028579 15.000000 -38.374809
v -13.055601 15.000000 -38.335354
v -13.084758 15.000000 -38.297726
v -13.116016 15.000000 -38.261967
v -13.149343 15.000000 -38.228115
v -13.184700 15.000000 -38.196205
v -13.222049 15.000000 -38.166279
v -13.261350 15.000000 -38.138363
v -13.302558 15.000000 -38.112488
v -13.345630 15.000000 -38.088684
v -13.390516 15.000000 -38.066982
v -13.437170 15.000000 -38.047398
v -15.000000 15.000000 -35.000000
v -13.485538 15.000000 -38.029957
v -13.535568 15.000000 -38.014679
v -13.587206 15.000000 -38.001579
v -13.640394 15.000000 -37.990673
v -13.695074 15.000000 -37.981972
v -13.751186 15.000000 -37.975487
v -13.808669 15.000000 -37.971222
v -13.867459 15.000000 -37.969181
v -13.927493 15.000000 -37.969372
v -14.051023 15.000000 -37.976437
v -14.178718 15.000000 -37.992378
v -14.310017 15.000000 -38.017132
v -14.444345 15.000000 -38.050587
v -14.581110 15.000000 -38.092598
v -14.719714 15.000000 -38.142979
v -14.859549 15.000000 -38.201511
v -15.000000 15.000000 -38.267933
v -10.000000 10.000000 -35.000000
v -11.001807 10.000000 -37.573601
v -11.000000 10.000000 -37.500000
v -11.007223 10.000000 -37.647026
v -11.016235 10.000000 -37.720097
v -11.028822 10.000000 -37.792637
v -11.044953 10.000000 -37.864471
v -11.064590 10.000000 -37.935429
v -11.087684 10.000000 -38.005333
v -11.114181 10.000000 -38.074024
v -11.144016 10.000000 -38.141335
v -11.177118 10.000000 -38.207096
v -11.213408 10.000000 -38.271152
v -11.252795 10.000000 -38.333355
v -11.295189 10.000000 -38.393547
v -11.340485 10.000000 -38.451591
v -11.388574 10.000000 -38.507339
v -11.439340 10.000000 -38.560661
v -11.492661 10.000000 -38.611427
v -11.548410 10.000000 -38.659515
v -11.606451 10.000000 -38.704811
v -11.666645 10.000000 -38.747204
v -11.728846 10.000000 -38.786594
v -11.792905 10.000000 -38.822884
v -11.858667 10.000000 -38.855984
v -11.925975 10.000000 -38.885818
v -11.994665 10.000000 -38.912315
v -12.064573 10.000000 -38.935410
v -12.135530 10.000000 -38.955048
v -12.207364 10.000000 -38.971176
v -12.279904 10.000000 -38.983765
v -12.352974 10.000000 -38.992779
v -12.426398 10.000000 -38.998192
v -12.500000 10.000000 -39.000000
v -12.573602 10.000000 -38.998192
v -12.647026 10.000000 -38.992779
v -12.720096 10.000000 -38.983765
v -12.792636 10.000000 -38.971176
v -12.864470 10.000000 -38.955048
v -12.935427 10.000000 -38.935410
v -13.005335 10.000000 -38.912315
v -13.074025 10.000000 -38.885818
v -13.141333 10.000000 -38.855984
v -13.207095 10.000000 -38.822884
v -13.271154 10.000000 -38.786594
v -13.333355 10.000000 -38.747204
v -13.393549 10.000000 -38.704811
v -13.451590 10.000000 -38.659515
v -13.507339 10.000000 -38.611427
v -13.560660 10.000000 -38.560661
v -13.611426 10.000000 -38.507339
v -13.659515 10.000000 -38.451591
v -13.704811 10.000000 -38.393547
v -13.747205 10.000000 -38.333355
v -13.786592 10.000000 -38.271152
v -13.822882 10.000000 -38.207096
v -13.855984 10.000000 -38.141335
v -13.885819 10.000000 -38.074024
v -13.912316 10.000000 -38.005333
v -13.935410 10.000000 -37.935429
v -13.955047 10.000000 -37.864471
v -13.971178 10.000000 -37.792637
v -13.983765 10.000000 -37.720097
v -13.992777 10.000000 -37.647026
v -13.998193 10.000000 -37.573601
v -14.000000 10.000000 -37.500000
v -15.000000 10.000000 -35.000000
v -13.998193 10.000000 -37.426399
v -13.992777 10.000000 -37.352974
v -13.983765 10.000000 -37.279903
v -13.971178 10.000000 -37.207363
v -13.955047 10.000000 -37.135529
v -13.935410 10.000000 -37.064571
v -13.912316 10.000000 -36.994667
v -13.885819 10.000000 -36.925976
v -13.855984 10.000000 -36.858665
v -13.822882 10.000000 -36.792904
v -13.786592 10.000000 -36.728848
v -13.747205 10.000000 -36.666645
v -13.704811 10.000000 -36.606453
v -13.659515 10.000000 -36.548409
v -13.611426 10.000000 -36.492661
v -13.560660 10.000000 -36.439339
v -13.507339 10.000000 -36.388573
v -13.451590 10.000000 -36.340485
v -13.393549 10.000000 -36.295189
v -13.333355 10.000000 -36.252796
v -13.271154 10.000000 -36.213406
v -13.207095 10.000000 -36.177116
v -13.141333 10.000000 -36.144016
v -13.074025 10.000000 -36.114182
v -13.005335 10.000000 -36.087685
v -12.935427 10.000000 -36.064590
v -12.864470 10.000000 -36.044952
v -12.792636 10.000000 -36.028824
v -12.720096 10.000000 -36.016235
v -12.647026 10.000000 -36.007221
v -12.573602 10.000000 -36.001808
v -12.500000 10.000000 -36.000000
v -12.426398 10.000000 -36.001808
v -12.352974 10.000000 -36.007221
v -12.279904 10.000000 -36.016235
v -12.207364 10.000000 -36.028824
v -12.135530 10.000000 -36.044952
v -12.064573 10.000000 -36.064590
v -11.994665 10.000000 -36.087685
v -11.925975 10.000000 -36.114182
v -11.858667 10.000000 -36.144016
v -11.792905 10.000000 -36.177116
v -11.728846 10.000000 -36.213406
v -11.666645 10.000000 -36.252796
v -11.606451 10.000000 -36.295189
v -11.548410 10.000000 -36.340485
v -11.492661 10.000000 -36.388573
v -11.439340 10.000000 -36.439339
v -11.388574 10.000000 -36.492661
v -11.340485 10.000000 -36.548409
v -11.295189 10.000000 -36.606453
v -11.252795 10.000000 -36.666645
v -11.213408 10.000000 -36.728848
v -11.177118 10.000000 -36.792904
v -11.144016 10.000000 -36.858665
v -11.114181 10.000000 -36.925976
v -11.087684 10.000000 -36.994667
v -11.064590 10.000000 -37.064571
v -11.044953 10.000000 -37.135529
v -11.028822 10.000000 -37.207363
v -11.016235 10.000000 -37.279903
v -11.007223 10.000000 -37.352974
v -11.001807 10.000000 -37.426399
v -15.000000 14.859546 -38.201504
v -15.000000 14.719707 -38.142971
v -15.000000 14.581100 -38.092583
v -15.000000 14.444330 -38.050568
v -15.000000 14.309999 -38.017109
v -15.000000 14.178696 -37.992352
v -15.000000 14.050997 -37.976406
v -15.000000 13.927463 -37.969341
v -15.000000 13.867427 -37.969151
v -15.000000 13.808635 -37.971188
v -15.000000 13.751150 -37.975449
v -15.000000 13.695036 -37.981937
v -15.000000 13.640354 -37.990635
v -15.000000 13.587164 -38.001541
v -15.000000 13.535524 -38.014641
v -15.000000 13.485493 -38.029919
v -15.000000 13.437122 -38.047359
v -15.000000 13.390468 -38.066940
v -15.000000 13.345579 -38.088646
v -15.000000 13.302505 -38.112446
v -15.000000 13.261295 -38.138321
v -15.000000 13.221993 -38.166237
v -15.000000 13.184643 -38.196167
v -15.000000 13.149285 -38.228073
v -15.000000 13.115957 -38.261929
v -15.000000 13.084698 -38.297688
v -15.000000 13.055540 -38.335316
v -15.000000 13.028517 -38.374771
v -15.000000 13.003656 -38.416012
v -15.000000 12.980988 -38.458988
v -15.000000 12.960534 -38.503658
v -15.000000 12.942318 -38.549969
v -15.000000 12.926361 -38.597870
v -15.000000 12.912680 -38.647312
v -15.000000 12.901290 -38.698238
v -15.000000 12.892202 -38.750591
v -15.000000 12.885428 -38.804317
v -15.000000 12.880975 -38.859356
v -15.000000 12.878846 -38.915646
v -15.000000 12.879046 -38.973122
v -15.000000 12.881574 -39.031731
v -15.000000 12.886427 -39.091396
v -15.000000 12.893599 -39.152065
v -15.000000 12.903082 -39.213661
v -15.000000 12.928941 -39.339375
v -15.000000 12.963888 -39.467987
v -15.000000 13.007771 -39.598934
v -15.000000 13.060397 -39.731640
v -15.000000 13.121535 -39.865524
v -11.001807 12.426398 -35.000000
v -11.000000 12.500000 -35.000000
v -11.007223 12.352974 -35.000000
v -11.016235 12.279904 -35.000000
v -11.028822 12.207364 -35.000000
v -11.044953 12.135530 -35.000000
v -11.064590 12.064573 -35.000000
v -11.087684 11.994665 -35.000000
v -11.114181 11.925975 -35.000000
v -11.144016 11.858667 -35.000000
v -11.177118 11.792905 -35.000000
v -11.213408 11.728846 -35.000000
v -11.252795 11.666645 -35.000000
v -11.295189 11.606451 -35.000000
v -11.340485 11.548410 -35.000000
v -11.388574 11.492661 -35.000000
v -11.439340 11.439340 -35.000000
v -11.492661 11.388574 -35.000000
v -11.548410 11.340485 -35.000000
v -11.606451 11.295189 -35.000000
v -11.666645 11.252795 -35.000000
v -11.728846 11.213408 -35.000000
v -11.792905 11.177118 -35.000000
v -11.858667 11.144016 -35.000000
v -11.925975 11.114181 -35.000000
v -11.994665 11.087684 -35.000000
v -12.064573 11.064590 -35.000000
v -12.135530 11.044953 -35.000000
v -12.207364 11.028822 -35.000000
v -12.279904 11.016235 -35.000000
v -12.352974 11.007223 -35.000000
v -12.426398 11.001807 -35.000000
v -12.500000 11.000000 -35.000000
v -12.573602 11.001807 -35.000000
v -12.647026 11.007223 -35.000000
v -12.720096 11.016235 -35.000000
v -12.792636 11.028822 -35.000000
v -12.864470 11.044953 -35.000000
v -12.935427 11.064590 -35.000000
v -13.005335 11.087684 -35.000000
v -13.074025 11.114181 -35.000000
v -13.141333 11.144016 -35.000000
v -13.207095 11.177118 -35.000000
v -13.271154 11.213408 -35.000000
v -13.333355 11.252795 -35.000000
v -13.393549 11.295189 -35.000000
v -13.451590 11.340485 -35.000000
v -13.507339 11.388574 -35.000000
v -13.560660 11.439340 -35.000000
v -13.611426 11.492661 -35.000000
v -13.659515 11.548410 -35.000000
v -13.704811 11.606451 -35.000000
v -13.747205 11.666645 -35.000000
v -13.786592 11.728846 -35.000000
v -13.822882 11.792905 -35.000000
v -13.855984 11.858667 -35.000000
v -13.885819 11.925975 -35.000000
v -13.912316 11.994665 -35.000000
v -13.935410 12.064573 -35.000000
v -13.955047 12.135530 -35.000000
v -13.971178 12.207364 -35.000000
v -13.983765 12.279904 -35.000000
v -13.992777 12.352974 -35.000000
v -13.998193 12.426398 -35.000000
v -14.000000 12.500000 -35.000000
v -13.998193 12.573602 -35.000000
v -13.992777 12.647026 -35.000000
v -13.983765 12.720096 -35.000000
v -13.971178 12.792636 -35.000000
v -13.955047 12.864470 -35.000000
v -13.935410 12.935427 -35.000000
v -13.912316 13.005335 -35.000000
v -13.885819 13.074025 -35.000000
v -13.855984 13.141333 -35.000000
v -13.822882 13.207095 -35.000000
v -13.786592 13.271154 -35.000000
v -13.747205 13.333355 -35.000000
v -13.704811 13.393549 -35.000000
v -13.659515 13.451590 -35.000000
v -13.611426 13.507339 -35.000000
v -13.560660 13.560660 -35.000000
v -13.507339 13.611426 -35.000000
v -13.451590 13.659515 -35.000000
v -13.393549 13.704811 -35.000000
v -13.333355 13.747205 -35.000000
v -13.271154 13.786592 -35.000000
v -13.207095 13.822882 -35.000000
v -13.141333 13.855984 -35.000000
v -13.074025 13.885819 -35.000000
v -13.005335 13.912316 -35.000000
v -12.935427 13.935410 -35.000000
v -12.864470 13.955047 -35.000000
v -12.792636 13.971178 -35.000000
v -12.720096 13.983765 -35.000000
v -12.647026 13.992777 -35.000000
v -12.573602 13.998193 -35.000000
v -12.500000 14.000000 -35.000000
v -12.426398 13.998193 -35.000000
v -12.352974 13.992777 -35.000000
v -12.279904 13.983765 -35.000000
v -12.207364 13.971178 -35.000000
v -12.135530 13.955047 -35.000000
v -12.064573 13.935410 -35.000000
v -11.994665 13.912316 -35.000000
v -11.925975 13.885819 -35.000000
v -11.858667 13.855984 -35.000000
v -11.792905 13.822882 -35.000000
v -11.728846 13.786592 -35.000000
v -11.666645 13.747205 -35.000000
v -11.606451 13.704811 -35.000000
v -11.548410 13.659515 -35.000000
v -11.492661 13.611426 -35.000000
v -11.439340 13.560660 -35.000000
v -11.388574 13.507339 -35.000000
v -11.340485 13.451590 -35.000000
v -11.295189 13.393549 -35.000000
v -11.252795 13.333355 -35.000000
v -11.213408 13.271154 -35.000000
v -11.177118 13.207095 -35.000000
v -11.144016 13.141333 -35.000000
v -11.114181 13.074025 -35.000000
v -11.087684 13.005335 -35.000000
v -11.064590 12.935427 -35.000000
v -11.044953 12.864470 -35.000000
v -11.028822 12.792636 -35.000000
v -11.016235 12.720096 -35.000000
v -11.007223 12.647026 -35.000000
v -11.001807 12.573602 -35.000000
v -10.000000 -13.998193 -37.426399
v -10.000000 -13.992777 -37.352974
v -10.000000 -13.983765 -37.279903
v -10.000000 -13.971178 -37.207363
v -10.000000 -13.955047 -37.135529
v -10.000000 -13.935410 -37.064571
v -10.000000 -13.912316 -36.994667
v -10.000000 -13.885819 -36.925976
v -10.000000 -13.855984 -36.858665
v -10.000000 -13.822882 -36.792904
v -10.000000 -13.786592 -36.728848
v -10.000000 -13.747205 -36.666645
v -10.000000 -13.704811 -36.606453
v -10.000000 -13.659515 -36.548409
v -10.000000 -13.611426 -36.492661
v -10.000000 -13.560660 -36.439339
v -10.000000 -13.507339 -36.388573
v -10.000000 -13.451590 -36.340485
v -10.000000 -13.393549 -36.295189
v -10.000000 -13.333355 -36.252796
v -10.000000 -13.271154 -36.213406
v -10.000000 -13.207095 -36.177116
v -10.000000 -13.141333 -36.144016
v -10.000000 -13.074025 -36.114182
v -10.000000 -13.005335 -36.087685
v -10.000000 -12.935427 -36.064590
v -10.000000 -12.864470 -36.044952
v -10.000000 -12.792636 -36.028824
v -10.000000 -12.720096 -36.016235
v -10.000000 -12.647026 -36.007221
v -10.000000 -12.573602 -36.001808
v -10.000000 -12.500000 -36.000000
v -10.000000 -12.426398 -36.001808
v -10.000000 -12.352974 -36.007221
v -10.000000 -12.279904 -36.016235
v -10.000000 -12.207364 -36.028824
v -10.000000 -12.135530 -36.044952
v -10.000000 -12.064573 -36.064590
v -10.000000 -11.994665 -36.087685
v -10.000000 -11.925975 -36.114182
v -10.000000 -11.858667 -36.144016
v -10.000000 -11.792905 -36.177116
v -10.000000 -11.728846 -36.213406
v -10.000000 -11.666645 -36.252796
v -10.000000 -11.606451 -36.295189
v -10.000000 -11.548410 -36.340485
v -10.000000 -11.492661 -36.388573
v -10.000000 -11.439340 -36.439339
v -10.000000 -11.388574 -36.492661
v -10.000000 -11.340485 -36.548409
v -10.000000 -11.295189 -36.606453
v -10.000000 -11.252795 -36.666645
v -10.000000 -11.213408 -36.728848
v -10.000000 -11.177118 -36.792904
v -10.000000 -11.144016 -36.858665
v -10.000000 -11.114181 -36.925976
v -10.000000 -11.087684 -36.994667
v -10.000000 -11.064590 -37.064571
v -10.000000 -11.044953 -37.135529
v -10.000000 -11.028822 -37.207363
v -10.000000 -11.016235 -37.279903
v -10.000000 -11.007223 -37.352974
v -10.000000 -11.001807 -37.426399
v -10.000000 -11.000000 -37.500000
v -10.000000 -11.001807 -37.573601
v -10.000000 -11.007223 -37.647026
v -10.000000 -11.016235 -37.720097
v -10.000000 -11.028822 -37.792637
v -10.000000 -11.044953 -37.864471
v -10.000000 -11.064590 -37.935429
v -10.000000 -11.087684 -38.005333
v -10.000000 -11.114181 -38.074024
v -10.000000 -11.144016 -38.141335
v -10.000000 -11.177118 -38.207096
v -10.000000 -11.213408 -38.271152
v -10.000000 -11.252795 -38.333355
v -10.000000 -11.295189 -38.393547
v -10.000000 -11.340485 -38.451591
v -10.000000 -11.388574 -38.507339
v -10.000000 -11.439340 -38.560661
v -10.000000 -11.492661 -38.611427
v -10.000000 -11.548410 -38.659515
v -10.000000 -11.606451 -38.704811
v -10.000000 -11.666645 -38.747204
v -10.000000 -11.728846 -38.786594
v -10.000000 -11.792905 -38.822884
v -10.000000 -11.858667 -38.855984
v -10.000000 -11.925975 -38.885818
v -10.000000 -11.994665 -38.912315
v -10.000000 -12.064573 -38.935410
v -10.000000 -12.135530 -38.955048
v -10.000000 -12.207364 -38.971176
v -10.000000 -12.279904 -38.983765
v -10.000000 -12.352974 -38.992779
v -10.000000 -12.426398 -38.998192
v -10.000000 -12.500000 -39.000000
v -10.000000 -12.573602 -38.998192
v -10.000000 -12.647026 -38.992779
v -10.000000 -12.720096 -38.983765
v -10.000000 -12.792636 -38.971176
v -10.000000 -12.864470 -38.955048
v -10.000000 -12.935427 -38.935410
v -10.000000 -13.005335 -38.912315
v -10.000000 -13.074025 -38.885818
v -10.000000 -13.141333 -38.855984
v -10.000000 -13.207095 -38.822884
v -10.000000 -13.271154 -38.786594
v -10.000000 -13.333355 -38.747204
v -10.000000 -13.393549 -38.704811
v -10.000000 -13.451590 -38.659515
v -10.000000 -13.507339 -38.611427
v -10.000000 -13.560660 -38.560661
v -10.000000 -13.611426 -38.507339
v -10.000000 -13.659515 -38.451591
v -10.000000 -13.704811 -38.393547
v -10.000000 -13.747205 -38.333355
v -10.000000 -13.786592 -38.271152
v -10.000000 -13.822882 -38.207096
v -10.000000 -13.855984 -38.141335
v -10.000000 -13.885819 -38.074024
v -10.000000 -13.912316 -38.005333
v -10.000000 -13.935410 -37.935429
v -10.000000 -13.955047 -37.864471
v -10.000000 -13.971178 -37.792637
v -10.000000 -13.983765 -37.720097
v -10.000000 -13.992777 -37.647026
v -10.000000 -13.998193 -37.573601
v -10.000000 -14.000000 -37.500000
v -11.001807 -10.000000 -37.426399
v -11.007223 -10.000000 -37.352974
v -11.016235 -10.000000 -37.279903
v -11.028822 -10.000000 -37.207363
v -11.044953 -10.000000 -37.135529
v -11.064590 -10.000000 -37.064571
v -11.087684 -10.000000 -36.994667
v -11.114181 -10.000000 -36.925976
v -11.144016 -10.000000 -36.858665
v -11.177118 -10.000000 -36.792904
v -11.213408 -10.000000 -36.728848
v -11.252795 -10.000000 -36.666645
v -11.295189 -10.000000 -36.606453
v -11.340485 -10.000000 -36.548409
v -11.388574 -10.000000 -36.492661
v -11.439340 -10.000000 -36.439339
v -11.492661 -10.000000 -36.388573
v -11.548410 -10.000000 -36.340485
v -11.606451 -10.000000 -36.295189
v -11.666645 -10.000000 -36.252796
v -11.728846 -10.000000 -36.213406
v -11.792905 -10.000000 -36.177116
v -11.858667 -10.000000 -36.144016
v -11.925975 -10.000000 -36.114182
v -11.994665 -10.000000 -36.087685
v -12.064573 -10.000000 -36.064590
v -12.135530 -10.000000 -36.044952
v -12.207364 -10.000000 -36.028824
v -12.279904 -10.000000 -36.016235
v -12.352974 -10.000000 -36.007221
v -12.426398 -10.000000 -36.001808
v -12.500000 -10.000000 -36.000000
v -12.573602 -10.000000 -36.001808
v -12.647026 -10.000000 -36.007221
v -12.720096 -10.000000 -36.016235
v -12.792636 -10.000000 -36.028824
v -12.864470 -10.000000 -36.044952
v -12.935427 -10.000000 -36.064590
v -13.005335 -10.000000 -36.087685
v -13.074025 -10.000000 -36.114182
v -13.141333 -10.000000 -36.144016
v -13.207095 -10.000000 -36.177116
v -13.271154 -10.000000 -36.213406
v -13.333355 -10.000000 -36.252796
v -13.393549 -10.000000 -36.295189
v -13.451590 -10.000000 -36.340485
v -13.507339 -10.000000 -36.388573
v -13.560660 -10.000000 -36.439339
v -13.611426 -10.000000 -36.492661
v -13.659515 -10.000000 -36.548409
v -13.704811 -10.000000 -36.606453
v -13.747205 -10.000000 -36.666645
v -13.786592 -10.000000 -36.728848
v -13.822882 -10.000000 -36.792904
v -13.855984 -10.000000 -36.858665
v -13.885819 -10.000000 -36.925976
v -13.912316 -10.000000 -36.994667
v -13.935410 -10.000000 -37.064571
v -13.955047 -10.000000 -37.135529
v -13.971178 -10.000000 -37.207363
v -13.983765 -10.000000 -37.279903
v -13.992777 -10.000000 -37.352974
v -13.998193 -10.000000 -37.426399
v -14.000000 -10.000000 -37.500000
v -13.998193 -10.000000 -37.573601
v -13.992777 -10.000000 -37.647026
v -13.983765 -10.000000 -37.720097
v -13.971178 -10.000000 -37.792637
v -13.955047 -10.000000 -37.864471
v -13.935410 -10.000000 -37.935429
v -13.912316 -10.000000 -38.005333
v -13.885819 -10.000000 -38.074024
v -13.855984 -10.000000 -38.141335
v -13.822882 -10.000000 -38.207096
v -13.786592 -10.000000 -38.271152
v -13.747205 -10.000000 -38.333355
v -13.704811 -10.000000 -38.393547
v -13.659515 -10.000000 -38.451591
v -13.611426 -10.000000 -38.507339
v -13.560660 -10.000000 -38.560661
v -13.507339 -10.000000 -38.611427
v -13.451590 -10.000000 -38.659515
v -13.393549 -10.000000 -38.704811
v -13.333355 -10.000000 -38.747204
v -13.271154 -10.000000 -38.786594
v -13.207095 -10.000000 -38.822884
v -13.141333 -10.000000 -38.855984
v -13.074025 -10.000000 -38.885818
v -13.005335 -10.000000 -38.912315
v -12.935427 -10.000000 -38.935410
v -12.864470 -10.000000 -38.955048
v -12.792636 -10.000000 -38.971176
v -12.720096 -10.000000 -38.983765
v -12.647026 -10.000000 -38.992779
v -12.573602 -10.000000 -38.998192
v -12.500000 -10.000000 -39.000000
v -12.426398 -10.000000 -38.998192
v -12.352974 -10.000000 -38.992779
v -12.279904 -10.000000 -38.983765
v -12.207364 -10.000000 -38.971176
v -12.135530 -10.000000 -38.955048
v -12.064573 -10.000000 -38.935410
v -11.994665 -10.000000 -38.912315
v -11.925975 -10.000000 -38.885818
v -11.858667 -10.000000 -38.855984
v -11.792905 -10.000000 -38.822884
v -11.728846 -10.000000 -38.786594
v -11.666645 -10.000000 -38.747204
v -11.606451 -10.000000 -38.704811
v -11.548410 -10.000000 -38.659515
v -11.492661 -10.000000 -38.611427
v -11.439340 -10.000000 -38.560661
v -11.388574 -10.000000 -38.507339
v -11.340485 -10.000000 -38.451591
v -11.295189 -10.000000 -38.393547
v -11.252795 -10.000000 -38.333355
v -11.213408 -10.000000 -38.271152
v -11.177118 -10.000000 -38.207096
v -11.144016 -10.000000 -38.141335
v -11.114181 -10.000000 -38.074024
v -11.087684 -10.000000 -38.005333
v -11.064590 -10.000000 -37.935429
v -11.044953 -10.000000 -37.864471
v -11.028822 -10.000000 -37.792637
v -11.016235 -10.000000 -37.720097
v -11.007223 -10.000000 -37.647026
v -11.001807 -10.000000 -37.573601
v -11.000000 -10.000000 -37.500000
v -15.000000 -13.190917 -40.000000
v -15.000000 -13.121535 -39.865524
v -15.000000 -10.000000 -40.000000
v -15.000000 -13.060397 -39.731640
v -15.000000 -13.007771 -39.598934
v -15.000000 -12.963888 -39.467987
v -15.000000 -12.928941 -39.339375
v -15.000000 -12.903082 -39.213661
v -15.000000 -12.893599 -39.152065
v -15.000000 -12.886427 -39.091396
v -15.000000 -12.881574 -39.031731
v -15.000000 -12.879046 -38.973122
v -15.000000 -12.878846 -38.915646
v -15.000000 -12.880975 -38.859356
v -15.000000 -12.885428 -38.804317
v -15.000000 -12.892202 -38.750591
v -15.000000 -12.901290 -38.698238
v -15.000000 -12.912680 -38.647312
v -15.000000 -12.926361 -38.597870
v -15.000000 -12.942318 -38.549969
v -15.000000 -12.960534 -38.503658
v -15.000000 -10.000000 -35.000000
v -15.000000 -12.980988 -38.458988
v -15.000000 -13.003656 -38.416012
v -15.000000 -13.028517 -38.374771
v -15.000000 -13.055540 -38.335316
v -15.000000 -13.084698 -38.297688
v -15.000000 -13.115957 -38.261929
v -15.000000 -13.149285 -38.228073
v -15.000000 -13.184643 -38.196167
v -15.000000 -13.221993 -38.166237
v -15.000000 -13.261295 -38.138321
v -15.000000 -13.302505 -38.112446
v -15.000000 -13.345579 -38.088646
v -15.000000 -13.390468 -38.066940
v -15.000000 -13.437122 -38.047359
v -15.000000 -15.000000 -35.000000
v -15.000000 -13.485493 -38.029919
v -15.000000 -13.535524 -38.014641
v -15.000000 -13.587164 -38.001541
v -15.000000 -13.640354 -37.990635
v -15.000000 -13.695036 -37.981937
v -15.000000 -13.751150 -37.975449
v -15.000000 -13.808635 -37.971188
v -15.000000 -13.867427 -37.969151
v -15.000000 -13.927463 -37.969341
v -15.000000 -14.050997 -37.976406
v -15.000000 -14.178696 -37.992352
v -15.000000 -14.309999 -38.017109
v -15.000000 -14.444330 -38.050568
v -15.000000 -14.581100 -38.092583
v -15.000000 -14.719707 -38.142971
v -15.000000 -14.859546 -38.201504
v -15.000000 -15.000000 -38.267933
v -14.859549 -15.000000 -38.201511
v -14.719714 -15.000000 -38.142979
v -14.581110 -15.000000 -38.092598
v -14.444345 -15.000000 -38.050587
v -14.310017 -15.000000 -38.017132
v -14.178718 -15.000000 -37.992378
v -14.051023 -15.000000 -37.976437
v -13.927493 -15.000000 -37.969372
v -13.867459 -15.000000 -37.969181
v -13.808669 -15.000000 -37.971222
v -13.751186 -15.000000 -37.975487
v -13.695074 -15.000000 -37.981972
v -13.640394 -15.000000 -37.990673
v -13.587206 -15.000000 -38.001579
v -13.535568 -15.000000 -38.014679
v -13.485538 -15.000000 -38.029957
v -13.437170 -15.000000 -38.047398
v -10.000000 -15.000000 -35.000000
v -13.390516 -15.000000 -38.066982
v -13.345630 -15.000000 -38.088684
v -13.302558 -15.000000 -38.112488
v -13.261350 -15.000000 -38.138363
v -13.222049 -15.000000 -38.166279
v -13.184700 -15.000000 -38.196205
v -13.149343 -15.000000 -38.228115
v -13.116016 -15.000000 -38.261967
v -13.084758 -15.000000 -38.297726
v -13.055601 -15.000000 -38.335354
v -13.028579 -15.000000 -38.374809
v -13.003719 -15.000000 -38.416050
v -12.981050 -15.000000 -38.459026
v -12.960598 -15.000000 -38.503693
v -10.000000 -15.000000 -40.000000
v -12.942383 -15.000000 -38.550003
v -12.926427 -15.000000 -38.597904
v -12.912745 -15.000000 -38.647346
v -12.901355 -15.000000 -38.698269
v -12.892268 -15.000000 -38.750622
v -12.885494 -15.000000 -38.804348
v -12.881041 -15.000000 -38.859383
v -12.878912 -15.000000 -38.915668
v -12.879111 -15.000000 -38.973148
v -12.881639 -15.000000 -39.031754
v -12.886491 -15.000000 -39.091419
v -12.893662 -15.000000 -39.152084
v -12.903145 -15.000000 -39.213680
v -12.929002 -15.000000 -39.339390
v -12.963947 -15.000000 -39.467999
v -13.007828 -15.000000 -39.598942
v -13.060451 -15.000000 -39.731647
v -13.121586 -15.000000 -39.865528
v -13.190965 -15.000000 -40.000000
v -10.000000 -10.000000 -35.000000
v -10.000000 -10.000000 -40.000000
v -11.001807 -12.573602 -35.000000
v -11.000000 -12.500000 -35.000000
v -11.007223 -12.647026 -35.000000
v -11.016235 -12.720096 -35.000000
v -11.028822 -12.792636 -35.000000
v -11.044953 -12.864470 -35.000000
v -11.064590 -12.935427 -35.000000
v -11.087684 -13.005335 -35.000000
v -11.114181 -13.074025 -35.000000
v -11.144016 -13.141333 -35.000000
v -11.177118 -13.207095 -35.000000
v -11.213408 -13.271154 -35.000000
v -11.252795 -13.333355 -35.000000
v -11.295189 -13.393549 -35.000000
v -11.340485 -13.451590 -35.000000
v -11.388574 -13.507339 -35.000000
v -11.439340 -13.560660 -35.000000
v -11.492661 -13.611426 -35.000000
v -11.548410 -13.659515 -35.000000
v -11.606451 -13.704811 -35.000000
v -11.666645 -13.747205 -35.000000
v -11.728846 -13.786592 -35.000000
v -11.792905 -13.822882 -35.000000
v -11.858667 -13.855984 -35.000000
v -11.925975 -13.885819 -35.000000
v -11.994665 -13.912316 -35.000000
v -12.064573 -13.935410 -35.000000
v -12.135530 -13.955047 -35.000000
v -12.207364 -13.971178 -35.000000
v -12.279904 -13.983765 -35.000000
v -12.352974 -13.992777 -35.000000
v -12.426398 -13.998193 -35.000000
v -12.500000 -14.000000 -35.000000
v -12.573602 -13.998193 -35.000000
v -12.647026 -13.992777 -35.000000
v -12.720096 -13.983765 -35.000000
v -12.792636 -13.971178 -35.000000
v -12.864470 -13.955047 -35.000000
v -12.935427 -13.935410 -35.000000
v -13.005335 -13.912316 -35.000000
v -13.074025 -13.885819 -35.000000
v -13.141333 -13.855984 -35.000000
v -13.207095 -13.822882 -35.000000
v -13.271154 -13.786592 -35.000000
v -13.333355 -13.747205 -35.000000
v -13.393549 -13.704811 -35.000000
v -13.451590 -13.659515 -35.000000
v -13.507339 -13.611426 -35.000000
v -13.560660 -13.560660 -35.000000
v -13.611426 -13.507339 -35.000000
v -13.659515 -13.451590 -35.000000
v -13.704811 -13.393549 -35.000000
v -13.747205 -13.333355 -35.000000
v -13.786592 -13.271154 -35.000000
v -13.822882 -13.207095 -35.000000
v -13.855984 -13.141333 -35.000000
v -13.885819 -13.074025 -35.000000
v -13.912316 -13.005335 -35.000000
v -13.935410 -12.935427 -35.000000
v -13.955047 -12.864470 -35.000000
v -13.971178 -12.792636 -35.000000
v -13.983765 -12.720096 -35.000000
v -13.992777 -12.647026 -35.000000
v -13.998193 -12.573602 -35.000000
v -14.000000 -12.500000 -35.000000
v -13.998193 -12.426398 -35.000000
v -13.992777 -12.352974 -35.000000
v -13.983765 -12.279904 -35.000000
v -13.971178 -12.207364 -35.000000
v -13.955047 -12.135530 -35.000000
v -13.935410 -12.064573 -35.000000
v -13.912316 -11.994665 -35.000000
v -13.885819 -11.925975 -35.000000
v -13.855984 -11.858667 -35.000000
v -13.822882 -11.792905 -35.000000
v -13.786592 -11.728846 -35.000000
v -13.747205 -11.666645 -35.000000
v -13.704811 -11.606451 -35.000000
v -13.659515 -11.548410 -35.000000
v -13.611426 -11.492661 -35.000000
v -13.560660 -11.439340 -35.000000
v -13.507339 -11.388574 -35.000000
v -13.451590 -11.340485 -35.000000
v -13.393549 -11.295189 -35.000000
v -13.333355 -11.252795 -35.000000
v -13.271154 -11.213408 -35.000000
v -13.207095 -11.177118 -35.000000
v -13.141333 -11.144016 -35.000000
v -13.074025 -11.114181 -35.000000
v -13.005335 -11.087684 -35.000000
v -12.935427 -11.064590 -35.000000
v -12.864470 -11.044953 -35.000000
v -12.792636 -11.028822 -35.000000
v -12.720096 -11.016235 -35.000000
v -12.647026 -11.007223 -35.000000
v -12.573602 -11.001807 -35.000000
v -12.500000 -11.000000 -35.000000
v -12.426398 -11.001807 -35.000000
v -12.352974 -11.007223 -35.000000
v -12.279904 -11.016235 -35.000000
v -12.207364 -11.028822 -35.000000
v -12.135530 -11.044953 -35.000000
v -12.064573 -11.064590 -35.000000
v -11.994665 -11.087684 -35.000000
v -11.925975 -11.114181 -35.000000
v -11.858667 -11.144016 -35.000000
v -11.792905 -11.177118 -35.000000
v -11.728846 -11.213408 -35.000000
v -11.666645 -11.252795 -35.000000
v -11.606451 -11.295189 -35.000000
v -11.548410 -11.340485 -35.000000
v -11.492661 -11.388574 -35.000000
v -11.439340 -11.439340 -35.000000
v -11.388574 -11.492661 -35.000000
v -11.340485 -11.548410 -35.000000
v -11.295189 -11.606451 -35.000000
v -11.252795 -11.666645 -35.000000
v -11.213408 -11.728846 -35.000000
v -11.177118 -11.792905 -35.000000
v -11.144016 -11.858667 -35.000000
v -11.114181 -11.925975 -35.000000
v -11.087684 -11.994665 -35.000000
v -11.064590 -12.064573 -35.000000
v -11.044953 -12.135530 -35.000000
v -11.028822 -12.207364 -35.000000
v -11.016235 -12.279904 -35.000000
v -11.007223 -12.352974 -35.000000
v -11.001807 -12.426398 -35.000000
v -13.135759 -14.870443 -40.000000
v -13.088148 -14.741415 -40.000000
v -13.048325 -14.613440 -40.000000
v -13.016450 -14.487039 -40.000000
v -12.992656 -14.362726 -40.000000
v -12.977037 -14.241011 -40.000000
v -12.969660 -14.122386 -40.000000
v -12.969071 -14.064385 -40.000000
v -12.970551 -14.007337 -40.000000
v -12.974099 -13.951300 -40.000000
v -12.979711 -13.896331 -40.000000
v -12.987379 -13.842485 -40.000000
v -12.997098 -13.789820 -40.000000
v -13.008857 -13.738386 -40.000000
v -13.022644 -13.688238 -40.000000
v -13.038445 -13.639426 -40.000000
v -13.056245 -13.592000 -40.000000
v -13.076024 -13.546008 -40.000000
v -13.097763 -13.501496 -40.000000
v -13.121439 -13.458511 -40.000000
v -13.147029 -13.417097 -40.000000
v -13.174506 -13.377295 -40.000000
v -13.203843 -13.339145 -40.000000
v -13.235009 -13.302687 -40.000000
v -13.267974 -13.267958 -40.000000
v -13.302702 -13.234993 -40.000000
v -13.339159 -13.203826 -40.000000
v -13.377308 -13.174488 -40.000000
v -13.417109 -13.147010 -40.000000
v -13.458523 -13.121419 -40.000000
v -13.501507 -13.097742 -40.000000
v -13.546018 -13.076002 -40.000000
v -13.592009 -13.056222 -40.000000
v -13.639435 -13.038422 -40.000000
v -13.688246 -13.022619 -40.000000
v -13.738394 -13.008831 -40.000000
v -13.789826 -12.997071 -40.000000
v -13.842491 -12.987350 -40.000000
v -13.896336 -12.979681 -40.000000
v -13.951304 -12.974069 -40.000000
v -14.007341 -12.970520 -40.000000
v -14.064389 -12.969039 -40.000000
v -14.122390 -12.969626 -40.000000
v -14.241014 -12.977002 -40.000000
v -14.362728 -12.992618 -40.000000
v -14.487040 -13.016411 -40.000000
v -14.613440 -13.048283 -40.000000
v -14.741415 -13.088104 -40.000000
v -14.870443 -13.135715 -40.000000
v 11.001807 12.426398 -15.000000
v 11.007223 12.352974 -15.000000
v 11.016235 12.279904 -15.000000
v 11.028822 12.207364 -15.000000
v 11.044953 12.135530 -15.000000
v 11.064590 12.064573 -15.000000
v 11.087684 11.994665 -15.000000
v 11.114181 11.925975 -15.000000
v 11.144016 11.858667 -15.000000
v 11.177118 11.792905 -15.000000
v 11.213408 11.728846 -15.000000
v 11.252795 11.666645 -15.000000
v 11.295189 11.606451 -15.000000
v 11.340485 11.548410 -15.000000
v 11.388574 11.492661 -15.000000
v 11.439340 11.439340 -15.000000
v 11.492661 11.388574 -15.000000
v 11.548410 11.340485 -15.000000
v 11.606451 11.295189 -15.000000
v 11.666645 11.252795 -15.000000
v 11.728846 11.213408 -15.000000
v 11.792905 11.177118 -15.000000
v 11.858667 11.144016 -15.000000
v 11.925975 11.114181 -15.000000
v 11.994665 11.087684 -15.000000
v 12.064573 11.064590 -15.000000
v 12.135530 11.044953 -15.000000
v 12.207364 11.028822 -15.000000
v 12.279904 11.016235 -15.000000
v 12.352974 11.007223 -15.000000
v 12.426398 11.001807 -15.000000
v 12.500000 11.000000 -15.000000
v 12.573602 11.001807 -15.000000
v 12.647026 11.007223 -15.000000
v 12.720096 11.016235 -15.000000
v 12.792636 11.028822 -15.000000
v 12.864470 11.044953 -15.000000
v 12.935427 11.064590 -15.000000
v 13.005335 11.087684 -15.000000
v 13.074025 11.114181 -15.000000
v 13.141333 11.144016 -15.000000
v 13.207095 11.177118 -15.000000
v 13.271154 11.213408 -15.000000
v 13.333355 11.252795 -15.000000
v 13.393549 11.295189 -15.000000
v 13.451590 11.340485 -15.000000
v 13.507339 11.388574 -15.000000
v 13.560660 11.439340 -15.000000
v 13.611426 11.492661 -15.000000
v 13.659515 11.548410 -15.000000
v 13.704811 11.606451 -15.000000
v 13.747205 11.666645 -15.000000
v 13.786592 11.728846 -15.000000
v 13.822882 11.792905 -15.000000
v 13.855984 11.858667 -15.000000
v 13.885819 11.925975 -15.000000
v 13.912316 11.994665 -15.000000
v 13.935410 12.064573 -15.000000
v 13.955047 12.135530 -15.000000
v 13.971178 12.207364 -15.000000
v 13.983765 12.279904 -15.000000
v 13.992777 12.352974 -15.000000
v 13.998193 12.426398 -15.000000
v 14.000000 12.500000 -15.000000
v 13.998193 12.573602 -15.000000
v 13.992777 12.647026 -15.000000
v 13.983765 12.720096 -15.000000
v 13.971178 12.792636 -15.000000
v 13.955047 12.864470 -15.000000
v 13.935410 12.935427 -15.000000
v 13.912316 13.005335 -15.000000
v 13.885819 13.074025 -15.000000
v 13.855984 13.141333 -15.000000
v 13.822882 13.207095 -15.000000
v 13.786592 13.271154 -15.000000
v 13.747205 13.333355 -15.000000
v 13.704811 13.393549 -15.000000
v 13.659515 13.451590 -15.000000
v 13.611426 13.507339 -15.000000
v 13.560660 13.560660 -15.000000
v 13.507339 13.611426 -15.000000
v 13.451590 13.659515 -15.000000
v 13.393549 13.704811 -15.000000
v 13.333355 13.747205 -15.000000
v 13.271154 13.786592 -15.000000
v 13.207095 13.822882 -15.000000
v 13.141333 13.855984 -15.000000
v 13.074025 13.885819 -15.000000
v 13.005335 13.912316 -15.000000
v 12.935427 13.935410 -15.000000
v 12.864470 13.955047 -15.000000
v 12.792636 13.971178 -15.000000
v 12.720096 13.983765 -15.000000
v 12.647026 13.992777 -15.000000
v 12.573602 13.998193 -15.000000
v 12.500000 14.000000 -15.000000
v 12.426398 13.998193 -15.000000
v 12.352974 13.992777 -15.000000
v 12.279904 13.983765 -15.000000
v 12.207364 13.971178 -15.000000
v 12.135530 13.955047 -15.000000
v 12.064573 13.935410 -15.000000
v 11.994665 13.912316 -15.000000
v 11.925975 13.885819 -15.000000
v 11.858667 13.855984 -15.000000
v 11.792905 13.822882 -15.000000
v 11.728846 13.786592 -15.000000
v 11.666645 13.747205 -15.000000
v 11.606451 13.704811 -15.000000
v 11.548410 13.659515 -15.000000
v 11.492661 13.611426 -15.000000
v 11.439340 13.560660 -15.000000
v 11.388574 13.507339 -15.000000
v 11.340485 13.451590 -15.000000
v 11.295189 13.393549 -15.000000
v 11.252795 13.333355 -15.000000
v 11.213408 13.271154 -15.000000
v 11.177118 13.207095 -15.000000
v 11.144016 13.141333 -15.000000
v 11.114181 13.074025 -15.000000
v 11.087684 13.005335 -15.000000
v 11.064590 12.935427 -15.000000
v 11.044953 12.864470 -15.000000
v 11.028822 12.792636 -15.000000
v 11.016235 12.720096 -15.000000
v 11.007223 12.647026 -15.000000
v 11.001807 12.573602 -15.000000
v 11.000000 12.500000 -15.000000
v 15.000000 13.190917 -10.000000
v 14.870443 13.135715 -10.000000
v 15.000000 10.000000 -10.000000
v 14.741415 13.088104 -10.000000
v 14.613440 13.048283 -10.000000
v 14.487040 13.016411 -10.000000
v 14.362728 12.992618 -10.000000
v 14.241014 12.977002 -10.000000
v 14.122390 12.969626 -10.000000
v 14.064389 12.969039 -10.000000
v 14.007341 12.970520 -10.000000
v 13.951304 12.974069 -10.000000
v 13.896336 12.979681 -10.000000
v 13.842491 12.987350 -10.000000
v 13.789826 12.997071 -10.000000
v 13.738394 13.008831 -10.000000
v 13.688246 13.022619 -10.000000
v 13.639435 13.038422 -10.000000
v 13.592009 13.056222 -10.000000
v 10.000000 10.000000 -10.000000
v 13.546018 13.076002 -10.000000
v 13.501507 13.097742 -10.000000
v 13.458523 13.121419 -10.000000
v 13.417109 13.147010 -10.000000
v 13.377308 13.174488 -10.000000
v 13.339159 13.203826 -10.000000
v 13.302702 13.234993 -10.000000
v 13.267974 13.267958 -10.000000
v 13.235009 13.302687 -10.000000
v 13.203843 13.339145 -10.000000
v 13.174506 13.377295 -10.000000
v 13.147029 13.417097 -10.000000
v 13.121439 13.458511 -10.000000
v 13.097763 13.501496 -10.000000
v 13.076024 13.546008 -10.000000
v 13.056245 13.592000 -10.000000
v 10.000000 15.000000 -10.000000
v 13.038445 13.639426 -10.000000
v 13.022644 13.688238 -10.000000
v 13.008857 13.738386 -10.000000
v 12.997098 13.789820 -10.000000
v 12.987379 13.842485 -10.000000
v 12.979711 13.896331 -10.000000
v 12.974099 13.951300 -10.000000
v 12.970551 14.007337 -10.000000
v 12.969071 14.064385 -10.000000
v 12.969660 14.122386 -10.000000
v 12.977037 14.241011 -10.000000
v 12.992656 14.362726 -10.000000
v 13.016450 14.487039 -10.000000
v 13.048325 14.613440 -10.000000
v 13.088148 14.741415 -10.000000
v 13.135759 14.870443 -10.000000
v 13.190965 15.000000 -10.000000
v 13.121586 15.000000 -10.134472
v 13.060451 15.000000 -10.268353
v 13.007828 15.000000 -10.401057
v 12.963947 15.000000 -10.532001
v 12.929002 15.000000 -10.660610
v 12.903145 15.000000 -10.786321
v 12.893662 15.000000 -10.847916
v 12.886491 15.000000 -10.908580
v 12.881639 15.000000 -10.968247
v 12.879111 15.000000 -11.026852
v 12.878912 15.000000 -11.084330
v 12.881041 15.000000 -11.140617
v 12.885494 15.000000 -11.195654
v 12.892268 15.000000 -11.249378
v 12.901355 15.000000 -11.301731
v 12.912745 15.000000 -11.352655
v 12.926427 15.000000 -11.402095
v 12.942383 15.000000 -11.449996
v 12.960598 15.000000 -11.496306
v 10.000000 15.000000 -15.000000
v 12.981050 15.000000 -11.540975
v 13.003719 15.000000 -11.583951
v 13.028579 15.000000 -11.625190
v 13.055601 15.000000 -11.664644
v 13.084758 15.000000 -11.702272
v 13.116016 15.000000 -11.738033
v 13.149343 15.000000 -11.771886
v 13.184700 15.000000 -11.803794
v 13.222049 15.000000 -11.833723
v 13.261350 15.000000 -11.861639
v 13.302558 15.000000 -11.887512
v 13.345630 15.000000 -11.911314
v 13.390516 15.000000 -11.933019
v 13.437170 15.000000 -11.952601
v 15.000000 15.000000 -15.000000
v 13.485538 15.000000 -11.970042
v 13.535568 15.000000 -11.985320
v 13.587206 15.000000 -11.998420
v 13.640394 15.000000 -12.009326
v 13.695074 15.000000 -12.018027
v 13.751186 15.000000 -12.024514
v 13.808669 15.000000 -12.028779
v 13.867459 15.000000 -12.030818
v 13.927493 15.000000 -12.030628
v 14.051023 15.000000 -12.023565
v 14.178718 15.000000 -12.007622
v 14.310017 15.000000 -11.982868
v 14.444345 15.000000 -11.949412
v 14.581110 15.000000 -11.907402
v 14.719714 15.000000 -11.857021
v 14.859549 15.000000 -11.798491
v 15.000000 15.000000 -11.732067
v 10.000000 13.998193 -12.426398
v 10.000000 14.000000 -12.500000
v 10.000000 13.992777 -12.352974
v 10.000000 13.983765 -12.279904
v 10.000000 13.971178 -12.207364
v 10.000000 13.955047 -12.135530
v 10.000000 13.935410 -12.064573
v 10.000000 13.912316 -11.994665
v 10.000000 13.885819 -11.925975
v 10.000000 13.855984 -11.858667
v 10.000000 13.822882 -11.792905
v 10.000000 13.786592 -11.728846
v 10.000000 13.747205 -11.666645
v 10.000000 13.704811 -11.606451
v 10.000000 13.659515 -11.548410
v 10.000000 13.611426 -11.492661
v 10.000000 13.560660 -11.439340
v 10.000000 13.507339 -11.388574
v 10.000000 13.451590 -11.340485
v 10.000000 13.393549 -11.295189
v 10.000000 13.333355 -11.252795
v 10.000000 13.271154 -11.213408
v 10.000000 13.207095 -11.177118
v 10.000000 13.141333 -11.144016
v 10.000000 13.074025 -11.114181
v 10.000000 13.005335 -11.087684
v 10.000000 12.935427 -11.064590
v 10.000000 12.864470 -11.044953
v 10.000000 12.792636 -11.028822
v 10.000000 12.720096 -11.016235
v 10.000000 12.647026 -11.007223
v 10.000000 12.573602 -11.001807
v 10.000000 12.500000 -11.000000
v 10.000000 12.426398 -11.001807
v 10.000000 12.352974 -11.007223
v 10.000000 12.279904 -11.016235
v 10.000000 12.207364 -11.028822
v 10.000000 12.135530 -11.044953
v 10.000000 12.064573 -11.064590
v 10.000000 11.994665 -11.087684
v 10.000000 11.925975 -11.114181
v 10.000000 11.858667 -11.144016
v 10.000000 11.792905 -11.177118
v 10.000000 11.728846 -11.213408
v 10.000000 11.666645 -11.252795
v 10.000000 11.606451 -11.295189
v 10.000000 11.548410 -11.340485
v 10.000000 11.492661 -11.388574
v 10.000000 11.439340 -11.439340
v 10.000000 11.388574 -11.492661
v 10.000000 11.340485 -11.548410
v 10.000000 11.295189 -11.606451
v 10.000000 11.252795 -11.666645
v 10.000000 11.213408 -11.728846
v 10.000000 11.177118 -11.792905
v 10.000000 11.144016 -11.858667
v 10.000000 11.114181 -11.925975
v 10.000000 11.087684 -11.994665
v 10.000000 11.064590 -12.064573
v 10.000000 11.044953 -12.135530
v 10.000000 11.028822 -12.207364
v 10.000000 11.016235 -12.279904
v 10.000000 11.007223 -12.352974
v 10.000000 11.001807 -12.426398
v 10.000000 11.000000 -12.500000
v 10.000000 10.000000 -15.000000
v 10.000000 11.001807 -12.573602
v 10.000000 11.007223 -12.647026
v 10.000000 11.016235 -12.720096
v 10.000000 11.028822 -12.792636
v 10.000000 11.044953 -12.864470
v 10.000000 11.064590 -12.935427
v 10.000000 11.087684 -13.005335
v 10.000000 11.114181 -13.074025
v 10.000000 11.144016 -13.141333
v 10.000000 11.177118 -13.207095
v 10.000000 11.213408 -13.271154
v 10.000000 11.252795 -13.333355
v 10.000000 11.295189 -13.393549
v 10.000000 11.340485 -13.451590
v 10.000000 11.388574 -13.507339
v 10.000000 11.439340 -13.560660
v 10.000000 11.492661 -13.611426
v 10.000000 11.548410 -13.659515
v 10.000000 11.606451 -13.704811
v 10.000000 11.666645 -13.747205
v 10.000000 11.728846 -13.786592
v 10.000000 11.792905 -13.822882
v 10.000000 11.858667 -13.855984
v 10.000000 11.925975 -13.885819
v 10.000000 11.994665 -13.912316
v 10.000000 12.064573 -13.935410
v 10.000000 12.135530 -13.955047
v 10.000000 12.207364 -13.971178
v 10.000000 12.279904 -13.983765
v 10.000000 12.352974 -13.992777
v 10.000000 12.426398 -13.998193
v 10.000000 12.500000 -14.000000
v 10.000000 12.573602 -13.998193
v 10.000000 12.647026 -13.992777
v 10.000000 12.720096 -13.983765
v 10.000000 12.792636 -13.971178
v 10.000000 12.864470 -13.955047
v 10.000000 12.935427 -13.935410
v 10.000000 13.005335 -13.912316
v 10.000000 13.074025 -13.885819
v 10.000000 13.141333 -13.855984
v 10.000000 13.207095 -13.822882
v 10.000000 13.271154 -13.786592
v 10.000000 13.333355 -13.747205
v 10.000000 13.393549 -13.704811
v 10.000000 13.451590 -13.659515
v 10.000000 13.507339 -13.611426
v 10.000000 13.560660 -13.560660
v 10.000000 13.611426 -13.507339
v 10.000000 13.659515 -13.451590
v 10.000000 13.704811 -13.393549
v 10.000000 13.747205 -13.333355
v 10.000000 13.786592 -13.271154
v 10.000000 13.822882 -13.207095
v 10.000000 13.855984 -13.141333
v 10.000000 13.885819 -13.074025
v 10.000000 13.912316 -13.005335
v 10.000000 13.935410 -12.935427
v 10.000000 13.955047 -12.864470
v 10.000000 13.971178 -12.792636
v 10.000000 13.983765 -12.720096
v 10.000000 13.992777 -12.647026
v 10.000000 13.998193 -12.573602
v 11.001807 10.000000 -12.426398
v 11.000000 10.000000 -12.500000
v 11.007223 10.000000 -12.352974
v 11.016235 10.000000 -12.279904
v 11.028822 10.000000 -12.207364
v 11.044953 10.000000 -12.135530
v 11.064590 10.000000 -12.064573
v 11.087684 10.000000 -11.994665
v 11.114181 10.000000 -11.925975
v 11.144016 10.000000 -11.858667
v 11.177118 10.000000 -11.792905
v 11.213408 10.000000 -11.728846
v 11.252795 10.000000 -11.666645
v 11.295189 10.000000 -11.606451
v 11.340485 10.000000 -11.548410
v 11.388574 10.000000 -11.492661
v 11.439340 10.000000 -11.439340
v 11.492661 10.000000 -11.388574
v 11.548410 10.000000 -11.340485
v 11.606451 10.000000 -11.295189
v 11.666645 10.000000 -11.252795
v 11.728846 10.000000 -11.213408
v 11.792905 10.000000 -11.177118
v 11.858667 10.000000 -11.144016
v 11.925975 10.000000 -11.114181
v 11.994665 10.000000 -11.087684
v 12.064573 10.000000 -11.064590
v 12.135530 10.000000 -11.044953
v 12.207364 10.000000 -11.028822
v 12.279904 10.000000 -11.016235
v 12.352974 10.000000 -11.007223
v 12.426398 10.000000 -11.001807
v 12.500000 10.000000 -11.000000
v 12.573602 10.000000 -11.001807
v 12.647026 10.000000 -11.007223
v 12.720096 10.000000 -11.016235
v 12.792636 10.000000 -11.028822
v 12.864470 10.000000 -11.044953
v 12.935427 10.000000 -11.064590
v 13.005335 10.000000 -11.087684
v 13.074025 10.000000 -11.114181
v 13.141333 10.000000 -11.144016
v 13.207095 10.000000 -11.177118
v 13.271154 10.000000 -11.213408
v 13.333355 10.000000 -11.252795
v 13.393549 10.000000 -11.295189
v 13.451590 10.000000 -11.340485
v 13.507339 10.000000 -11.388574
v 13.560660 10.000000 -11.439340
v 13.611426 10.000000 -11.492661
v 13.659515 10.000000 -11.548410
v 13.704811 10.000000 -11.606451
v 13.747205 10.000000 -11.666645
v 13.786592 10.000000 -11.728846
v 13.822882 10.000000 -11.792905
v 13.855984 10.000000 -11.858667
v 13.885819 10.000000 -11.925975
v 13.912316 10.000000 -11.994665
v 13.935410 10.000000 -12.064573
v 13.955047 10.000000 -12.135530
v 13.971178 10.000000 -12.207364
v 13.983765 10.000000 -12.279904
v 13.992777 10.000000 -12.352974
v 13.998193 10.000000 -12.426398
v 14.000000 10.000000 -12.500000
v 15.000000 10.000000 -15.000000
v 13.998193 10.000000 -12.573602
v 13.992777 10.000000 -12.647026
v 13.983765 10.000000 -12.720096
v 13.971178 10.000000 -12.792636
v 13.955047 10.000000 -12.864470
v 13.935410 10.000000 -12.935427
v 13.912316 10.000000 -13.005335
v 13.885819 10.000000 -13.074025
v 13.855984 10.000000 -13.141333
v 13.822882 10.000000 -13.207095
v 13.786592 10.000000 -13.271154
v 13.747205 10.000000 -13.333355
v 13.704811 10.000000 -13.393549
v 13.659515 10.000000 -13.451590
v 13.611426 10.000000 -13.507339
v 13.560660 10.000000 -13.560660
v 13.507339 10.000000 -13.611426
v 13.451590 10.000000 -13.659515
v 13.393549 10.000000 -13.704811
v 13.333355 10.000000 -13.747205
v 13.271154 10.000000 -13.786592
v 13.207095 10.000000 -13.822882
v 13.141333 10.000000 -13.855984
v 13.074025 10.000000 -13.885819
v 13.005335 10.000000 -13.912316
v 12.935427 10.000000 -13.935410
v 12.864470 10.000000 -13.955047
v 12.792636 10.000000 -13.971178
v 12.720096 10.000000 -13.983765
v 12.647026 10.000000 -13.992777
v 12.573602 10.000000 -13.998193
v 12.500000 10.000000 -14.000000
v 12.426398 10.000000 -13.998193
v 12.352974 10.000000 -13.992777
v 12.279904 10.000000 -13.983765
v 12.207364 10.000000 -13.971178
v 12.135530 10.000000 -13.955047
v 12.064573 10.000000 -13.935410
v 11.994665 10.000000 -13.912316
v 11.925975 10.000000 -13.885819
v 11.858667 10.000000 -13.855984
v 11.792905 10.000000 -13.822882
v 11.728846 10.000000 -13.786592
v 11.666645 10.000000 -13.747205
v 11.606451 10.000000 -13.704811
v 11.548410 10.000000 -13.659515
v 11.492661 10.000000 -13.611426
v 11.439340 10.000000 -13.560660
v 11.388574 10.000000 -13.507339
v 11.340485 10.000000 -13.451590
v 11.295189 10.000000 -13.393549
v 11.252795 10.000000 -13.333355
v 11.213408 10.000000 -13.271154
v 11.177118 10.000000 -13.207095
v 11.144016 10.000000 -13.141333
v 11.114181 10.000000 -13.074025
v 11.087684 10.000000 -13.005335
v 11.064590 10.000000 -12.935427
v 11.044953 10.000000 -12.864470
v 11.028822 10.000000 -12.792636
v 11.016235 10.000000 -12.720096
v 11.007223 10.000000 -12.647026
v 11.001807 10.000000 -12.573602
v 15.000000 14.859546 -11.798495
v 15.000000 14.719707 -11.857031
v 15.000000 14.581100 -11.907416
v 15.000000 14.444330 -11.949431
v 15.000000 14.309999 -11.982890
v 15.000000 14.178696 -12.007648
v 15.000000 14.050997 -12.023594
v 15.000000 13.927463 -12.030660
v 15.000000 13.867427 -12.030851
v 15.000000 13.808635 -12.028813
v 15.000000 13.751150 -12.024549
v 15.000000 13.695036 -12.018064
v 15.000000 13.640354 -12.009363
v 15.000000 13.587164 -11.998458
v 15.000000 13.535524 -11.985359
v 15.000000 13.485493 -11.970081
v 15.000000 13.437122 -11.952641
v 15.000000 13.390468 -11.933059
v 15.000000 13.345579 -11.911354
v 15.000000 13.302505 -11.887552
v 15.000000 13.261295 -11.861679
v 15.000000 13.221993 -11.833763
v 15.000000 13.184643 -11.803834
v 15.000000 13.149285 -11.771926
v 15.000000 13.115957 -11.738072
v 15.000000 13.084698 -11.702312
v 15.000000 13.055540 -11.664683
v 15.000000 13.028517 -11.625228
v 15.000000 13.003656 -11.583988
v 15.000000 12.980988 -11.541011
v 15.000000 12.960534 -11.496342
v 15.000000 12.942318 -11.450031
v 15.000000 12.926361 -11.402129
v 15.000000 12.912680 -11.352688
v 15.000000 12.901290 -11.301763
v 15.000000 12.892202 -11.249408
v 15.000000 12.885428 -11.195683
v 15.000000 12.880975 -11.140645
v 15.000000 12.878846 -11.084356
v 15.000000 12.879046 -11.026876
v 15.000000 12.881574 -10.968270
v 15.000000 12.886427 -10.908602
v 15.000000 12.893599 -10.847936
v 15.000000 12.903082 -10.786340
v 15.000000 12.928941 -10.660626
v 15.000000 12.963888 -10.532014
v 15.000000 13.007771 -10.401067
v 15.000000 13.060397 -10.268359
v 15.000000 13.121535 -10.134475
v 11.001807 -12.573602 -15.000000
v 11.007223 -12.647026 -15.000000
v 11.016235 -12.720096 -15.000000
v 11.028822 -12.792636 -15.000000
v 11.044953 -12.864470 -15.000000
v 11.064590 -12.935427 -15.000000
v 11.087684 -13.005335 -15.000000
v 11.114181 -13.074025 -15.000000
v 11.144016 -13.141333 -15.000000
v 11.177118 -13.207095 -15.000000
v 11.213408 -13.271154 -15.000000
v 11.252795 -13.333355 -15.000000
v 11.295189 -13.393549 -15.000000
v 11.340485 -13.451590 -15.000000
v 11.388574 -13.507339 -15.000000
v 11.439340 -13.560660 -15.000000
v 11.492661 -13.611426 -15.000000
v 11.548410 -13.659515 -15.000000
v 11.606451 -13.704811 -15.000000
v 11.666645 -13.747205 -15.000000
v 11.728846 -13.786592 -15.000000
v 11.792905 -13.822882 -15.000000
v 11.858667 -13.855984 -15.000000
v 11.925975 -13.885819 -15.000000
v 11.994665 -13.912316 -15.000000
v 12.064573 -13.935410 -15.000000
v 12.135530 -13.955047 -15.000000
v 12.207364 -13.971178 -15.000000
v 12.279904 -13.983765 -15.000000
v 12.352974 -13.992777 -15.000000
v 12.426398 -13.998193 -15.000000
v 12.500000 -14.000000 -15.000000
v 12.573602 -13.998193 -15.000000
v 12.647026 -13.992777 -15.000000
v 12.720096 -13.983765 -15.000000
v 12.792636 -13.971178 -15.000000
v 12.864470 -13.955047 -15.000000
v 12.935427 -13.935410 -15.000000
v 13.005335 -13.912316 -15.000000
v 13.074025 -13.885819 -15.000000
v 13.141333 -13.855984 -15.000000
v 13.207095 -13.822882 -15.000000
v 13.271154 -13.786592 -15.000000
v 13.333355 -13.747205 -15.000000
v 13.393549 -13.704811 -15.000000
v 13.451590 -13.659515 -15.000000
v 13.507339 -13.611426 -15.000000
v 13.560660 -13.560660 -15.000000
v 13.611426 -13.507339 -15.000000
v 13.659515 -13.451590 -15.000000
v 13.704811 -13.393549 -15.000000
v 13.747205 -13.333355 -15.000000
v 13.786592 -13.271154 -15.000000
v 13.822882 -13.207095 -15.000000
v 13.855984 -13.141333 -15.000000
v 13.885819 -13.074025 -15.000000
v 13.912316 -13.005335 -15.000000
v 13.935410 -12.935427 -15.000000
v 13.955047 -12.864470 -15.000000
v 13.971178 -12.792636 -15.000000
v 13.983765 -12.720096 -15.000000
v 13.992777 -12.647026 -15.000000
v 13.998193 -12.573602 -15.000000
v 14.000000 -12.500000 -15.000000
v 13.998193 -12.426398 -15.000000
v 13.992777 -12.352974 -15.000000
v 13.983765 -12.279904 -15.000000
v 13.971178 -12.207364 -15.000000
v 13.955047 -12.135530 -15.000000
v 13.935410 -12.064573 -15.000000
v 13.912316 -11.994665 -15.000000
v 13.885819 -11.925975 -15.000000
v 13.855984 -11.858667 -15.000000
v 13.822882 -11.792905 -15.000000
v 13.786592 -11.728846 -15.000000
v 13.747205 -11.666645 -15.000000
v 13.704811 -11.606451 -15.000000
v 13.659515 -11.548410 -15.000000
v 13.611426 -11.492661 -15.000000
v 13.560660 -11.439340 -15.000000
v 13.507339 -11.388574 -15.000000
v 13.451590 -11.340485 -15.000000
v 13.393549 -11.295189 -15.000000
v 13.333355 -11.252795 -15.000000
v 13.271154 -11.213408 -15.000000
v 13.207095 -11.177118 -15.000000
v 13.141333 -11.144016 -15.000000
v 13.074025 -11.114181 -15.000000
v 13.005335 -11.087684 -15.000000
v 12.935427 -11.064590 -15.000000
v 12.864470 -11.044953 -15.000000
v 12.792636 -11.028822 -15.000000
v 12.720096 -11.016235 -15.000000
v 12.647026 -11.007223 -15.000000
v 12.573602 -11.001807 -15.000000
v 12.500000 -11.000000 -15.000000
v 12.426398 -11.001807 -15.000000
v 12.352974 -11.007223 -15.000000
v 12.279904 -11.016235 -15.000000
v 12.207364 -11.028822 -15.000000
v 12.135530 -11.044953 -15.000000
v 12.064573 -11.064590 -15.000000
v 11.994665 -11.087684 -15.000000
v 11.925975 -11.114181 -15.000000
v 11.858667 -11.144016 -15.000000
v 11.792905 -11.177118 -15.000000
v 11.728846 -11.213408 -15.000000
v 11.666645 -11.252795 -15.000000
v 11.606451 -11.295189 -15.000000
v 11.548410 -11.340485 -15.000000
v 11.492661 -11.388574 -15.000000
v 11.439340 -11.439340 -15.000000
v 11.388574 -11.492661 -15.000000
v 11.340485 -11.548410 -15.000000
v 11.295189 -11.606451 -15.000000
v 11.252795 -11.666645 -15.000000
v 11.213408 -11.728846 -15.000000
v 11.177118 -11.792905 -15.000000
v 11.144016 -11.858667 -15.000000
v 11.114181 -11.925975 -15.000000
v 11.087684 -11.994665 -15.000000
v 11.064590 -12.064573 -15.000000
v 11.044953 -12.135530 -15.000000
v 11.028822 -12.207364 -15.000000
v 11.016235 -12.279904 -15.000000
v 11.007223 -12.352974 -15.000000
v 11.001807 -12.426398 -15.000000
v 11.000000 -12.500000 -15.000000
v 11.001807 -10.000000 -12.573602
v 11.007223 -10.000000 -12.647026
v 11.016235 -10.000000 -12.720096
v 11.028822 -10.000000 -12.792636
v 11.044953 -10.000000 -12.864470
v 11.064590 -10.000000 -12.935427
v 11.087684 -10.000000 -13.005335
v 11.114181 -10.000000 -13.074025
v 11.144016 -10.000000 -13.141333
v 11.177118 -10.000000 -13.207095
v 11.213408 -10.000000 -13.271154
v 11.252795 -10.000000 -13.333355
v 11.295189 -10.000000 -13.393549
v 11.340485 -10.000000 -13.451590
v 11.388574 -10.000000 -13.507339
v 11.439340 -10.000000 -13.560660
v 11.492661 -10.000000 -13.611426
v 11.548410 -10.000000 -13.659515
v 11.606451 -10.000000 -13.704811
v 11.666645 -10.000000 -13.747205
v 11.728846 -10.000000 -13.786592
v 11.792905 -10.000000 -13.822882
v 11.858667 -10.000000 -13.855984
v 11.925975 -10.000000 -13.885819
v 11.994665 -10.000000 -13.912316
v 12.064573 -10.000000 -13.935410
v 12.135530 -10.000000 -13.955047
v 12.207364 -10.000000 -13.971178
v 12.279904 -10.000000 -13.983765
v 12.352974 -10.000000 -13.992777
v 12.426398 -10.000000 -13.998193
v 12.500000 -10.000000 -14.000000
v 12.573602 -10.000000 -13.998193
v 12.647026 -10.000000 -13.992777
v 12.720096 -10.000000 -13.983765
v 12.792636 -10.000000 -13.971178
v 12.864470 -10.000000 -13.955047
v 12.935427 -10.000000 -13.935410
v 13.005335 -10.000000 -13.912316
v 13.074025 -10.000000 -13.885819
v 13.141333 -10.000000 -13.855984
v 13.207095 -10.000000 -13.822882
v 13.271154 -10.000000 -13.786592
v 13.333355 -10.000000 -13.747205
v 13.393549 -10.000000 -13.704811
v 13.451590 -10.000000 -13.659515
v 13.507339 -10.000000 -13.611426
v 13.560660 -10.000000 -13.560660
v 13.611426 -10.000000 -13.507339
v 13.659515 -10.000000 -13.451590
v 13.704811 -10.000000 -13.393549
v 13.747205 -10.000000 -13.333355
v 13.786592 -10.000000 -13.271154
v 13.822882 -10.000000 -13.207095
v 13.855984 -10.000000 -13.141333
v 13.885819 -10.000000 -13.074025
v 13.912316 -10.000000 -13.005335
v 13.935410 -10.000000 -12.935427
v 13.955047 -10.000000 -12.864470
v 13.971178 -10.000000 -12.792636
v 13.983765 -10.000000 -12.720096
v 13.992777 -10.000000 -12.647026
v 13.998193 -10.000000 -12.573602
v 14.000000 -10.000000 -12.500000
v 13.998193 -10.000000 -12.426398
v 13.992777 -10.000000 -12.352974
v 13.983765 -10.000000 -12.279904
v 13.971178 -10.000000 -12.207364
v 13.955047 -10.000000 -12.135530
v 13.935410 -10.000000 -12.064573
v 13.912316 -10.000000 -11.994665
v 13.885819 -10.000000 -11.925975
v 13.855984 -10.000000 -11.858667
v 13.822882 -10.000000 -11.792905
v 13.786592 -10.000000 -11.728846
v 13.747205 -10.000000 -11.666645
v 13.704811 -10.000000 -11.606451
v 13.659515 -10.000000 -11.548410
v 13.611426 -10.000000 -11.492661
v 13.560660 -10.000000 -11.439340
v 13.507339 -10.000000 -11.388574
v 13.451590 -10.000000 -11.340485
v 13.393549 -10.000000 -11.295189
v 13.333355 -10.000000 -11.252795
v 13.271154 -10.000000 -11.213408
v 13.207095 -10.000000 -11.177118
v 13.141333 -10.000000 -11.144016
v 13.074025 -10.000000 -11.114181
v 13.005335 -10.000000 -11.087684
v 12.935427 -10.000000 -11.064590
v 12.864470 -10.000000 -11.044953
v 12.792636 -10.000000 -11.028822
v 12.720096 -10.000000 -11.016235
v 12.647026 -10.000000 -11.007223
v 12.573602 -10.000000 -11.001807
v 12.500000 -10.000000 -11.000000
v 12.426398 -10.000000 -11.001807
v 12.352974 -10.000000 -11.007223
v 12.279904 -10.000000 -11.016235
v 12.207364 -10.000000 -11.028822
v 12.135530 -10.000000 -11.044953
v 12.064573 -10.000000 -11.064590
v 11.994665 -10.000000 -11.087684
v 11.925975 -10.000000 -11.114181
v 11.858667 -10.000000 -11.144016
v 11.792905 -10.000000 -11.177118
v 11.728846 -10.000000 -11.213408
v 11.666645 -10.000000 -11.252795
v 11.606451 -10.000000 -11.295189
v 11.548410 -10.000000 -11.340485
v 11.492661 -10.000000 -11.388574
v 11.439340 -10.000000 -11.439340
v 11.388574 -10.000000 -11.492661
v 11.340485 -10.000000 -11.548410
v 11.295189 -10.000000 -11.606451
v 11.252795 -10.000000 -11.666645
v 11.213408 -10.000000 -11.728846
v 11.177118 -10.000000 -11.792905
v 11.144016 -10.000000 -11.858667
v 11.114181 -10.000000 -11.925975
v 11.087684 -10.000000 -11.994665
v 11.064590 -10.000000 -12.064573
v 11.044953 -10.000000 -12.135530
v 11.028822 -10.000000 -12.207364
v 11.016235 -10.000000 -12.279904
v 11.007223 -10.000000 -12.352974
v 11.001807 -10.000000 -12.426398
v 11.000000 -10.000000 -12.500000
v 15.000000 -13.190917 -10.000000
v 15.000000 -13.121535 -10.134475
v 15.000000 -10.000000 -10.000000
v 15.000000 -13.060397 -10.268359
v 15.000000 -13.007771 -10.401067
v 15.000000 -12.963888 -10.532014
v 15.000000 -12.928941 -10.660626
v 15.000000 -12.903082 -10.786340
v 15.000000 -12.893599 -10.847936
v 15.000000 -12.886427 -10.908602
v 15.000000 -12.881574 -10.968270
v 15.000000 -12.879046 -11.026876
v 15.000000 -12.878846 -11.084356
v 15.000000 -12.880975 -11.140645
v 15.000000 -12.885428 -11.195683
v 15.000000 -12.892202 -11.249408
v 15.000000 -12.901290 -11.301763
v 15.000000 -12.912680 -11.352688
v 15.000000 -12.926361 -11.402129
v 15.000000 -12.942318 -11.450031
v 15.000000 -12.960534 -11.496342
v 15.000000 -10.000000 -15.000000
v 15.000000 -12.980988 -11.541011
v 15.000000 -13.003656 -11.583988
v 15.000000 -13.028517 -11.625228
v 15.000000 -13.055540 -11.664683
v 15.000000 -13.084698 -11.702312
v 15.000000 -13.115957 -11.738072
v 15.000000 -13.149285 -11.771926
v 15.000000 -13.184643 -11.803834
v 15.000000 -13.221993 -11.833763
v 15.000000 -13.261295 -11.861679
v 15.000000 -13.302505 -11.887552
v 15.000000 -13.345579 -11.911354
v 15.000000 -13.390468 -11.933059
v 15.000000 -13.437122 -11.952641
v 15.000000 -15.000000 -15.000000
v 15.000000 -13.485493 -11.970081
v 15.000000 -13.535524 -11.985359
v 15.000000 -13.587164 -11.998458
v 15.000000 -13.640354 -12.009363
v 15.000000 -13.695036 -12.018064
v 15.000000 -13.751150 -12.024549
v 15.000000 -13.808635 -12.028813
v 15.000000 -13.867427 -12.030851
v 15.000000 -13.927463 -12.030660
v 15.000000 -14.050997 -12.023594
v 15.000000 -14.178696 -12.007648
v 15.000000 -14.309999 -11.982890
v 15.000000 -14.444330 -11.949431
v 15.000000 -14.581100 -11.907416
v 15.000000 -14.719707 -11.857031
v 15.000000 -14.859546 -11.798495
v 15.000000 -15.000000 -11.732067
v 14.859549 -15.000000 -11.798491
v 14.719714 -15.000000 -11.857021
v 14.581110 -15.000000 -11.907402
v 14.444345 -15.000000 -11.949412
v 14.310017 -15.000000 -11.982868
v 14.178718 -15.000000 -12.007622
v 14.051023 -15.000000 -12.023565
v 13.927493 -15.000000 -12.030628
v 13.867459 -15.000000 -12.030818
v 13.808669 -15.000000 -12.028779
v 13.751186 -15.000000 -12.024514
v 13.695074 -15.000000 -12.018027
v 13.640394 -15.000000 -12.009326
v 13.587206 -15.000000 -11.998420
v 13.535568 -15.000000 -11.985320
v 13.485538 -15.000000 -11.970042
v 13.437170 -15.000000 -11.952601
v 10.000000 -15.000000 -15.000000
v 13.390516 -15.000000 -11.933019
v 13.345630 -15.000000 -11.911314
v 13.302558 -15.000000 -11.887512
v 13.261350 -15.000000 -11.861639
v 13.222049 -15.000000 -11.833723
v 13.184700 -15.000000 -11.803794
v 13.149343 -15.000000 -11.771886
v 13.116016 -15.000000 -11.738033
v 13.084758 -15.000000 -11.702272
v 13.055601 -15.000000 -11.664644
v 13.028579 -15.000000 -11.625190
v 13.003719 -15.000000 -11.583951
v 12.981050 -15.000000 -11.540975
v 12.960598 -15.000000 -11.496306
v 10.000000 -15.000000 -10.000000
v 12.942383 -15.000000 -11.449996
v 12.926427 -15.000000 -11.402095
v 12.912745 -15.000000 -11.352655
v 12.901355 -15.000000 -11.301731
v 12.892268 -15.000000 -11.249378
v 12.885494 -15.000000 -11.195654
v 12.881041 -15.000000 -11.140617
v 12.878912 -15.000000 -11.084330
v 12.879111 -15.000000 -11.026852
v 12.881639 -15.000000 -10.968247
v 12.886491 -15.000000 -10.908580
v 12.893662 -15.000000 -10.847916
v 12.903145 -15.000000 -10.786321
v 12.929002 -15.000000 -10.660610
v 12.963947 -15.000000 -10.532001
v 13.007828 -15.000000 -10.401057
v 13.060451 -15.000000 -10.268353
v 13.121586 -15.000000 -10.134472
v 13.190965 -15.000000 -10.000000
v 10.000000 -10.000000 -15.000000
v 10.000000 -10.000000 -10.000000
v 10.000000 -13.998193 -12.573602
v 10.000000 -14.000000 -12.500000
v 10.000000 -13.992777 -12.647026
v 10.000000 -13.983765 -12.720096
v 10.000000 -13.971178 -12.792636
v 10.000000 -13.955047 -12.864470
v 10.000000 -13.935410 -12.935427
v 10.000000 -13.912316 -13.005335
v 10.000000 -13.885819 -13.074025
v 10.000000 -13.855984 -13.141333
v 10.000000 -13.822882 -13.207095
v 10.000000 -13.786592 -13.271154
v 10.000000 -13.747205 -13.333355
v 10.000000 -13.704811 -13.393549
v 10.000000 -13.659515 -13.451590
v 10.000000 -13.611426 -13.507339
v 10.000000 -13.560660 -13.560660
v 10.000000 -13.507339 -13.611426
v 10.000000 -13.451590 -13.659515
v 10.000000 -13.393549 -13.704811
v 10.000000 -13.333355 -13.747205
v 10.000000 -13.271154 -13.786592
v 10.000000 -13.207095 -13.822882
v 10.000000 -13.141333 -13.855984
v 10.000000 -13.074025 -13.885819
v 10.000000 -13.005335 -13.912316
v 10.000000 -12.935427 -13.935410
v 10.000000 -12.864470 -13.955047
v 10.000000 -12.792636 -13.971178
v 10.000000 -12.720096 -13.983765
v 10.000000 -12.647026 -13.992777
v 10.000000 -12.573602 -13.998193
v 10.000000 -12.500000 -14.000000
v 10.000000 -12.426398 -13.998193
v 10.000000 -12.352974 -13.992777
v 10.000000 -12.279904 -13.983765
v 10.000000 -12.207364 -13.971178
v 10.000000 -12.135530 -13.955047
v 10.000000 -12.064573 -13.935410
v 10.000000 -11.994665 -13.912316
v 10.000000 -11.925975 -13.885819
v 10.000000 -11.858667 -13.855984
v 10.000000 -11.792905 -13.822882
v 10.000000 -11.728846 -13.786592
v 10.000000 -11.666645 -13.747205
v 10.000000 -11.606451 -13.704811
v 10.000000 -11.548410 -13.659515
v 10.000000 -11.492661 -13.611426
v 10.000000 -11.439340 -13.560660
v 10.000000 -11.388574 -13.507339
v 10.000000 -11.340485 -13.451590
v 10.000000 -11.295189 -13.393549
v 10.000000 -11.252795 -13.333355
v 10.000000 -11.213408 -13.271154
v 10.000000 -11.177118 -13.207095
v 10.000000 -11.144016 -13.141333
v 10.000000 -11.114181 -13.074025
v 10.000000 -11.087684 -13.005335
v 10.000000 -11.064590 -12.935427
v 10.000000 -11.044953 -12.864470
v 10.000000 -11.028822 -12.792636
v 10.000000 -11.016235 -12.720096
v 10.000000 -11.007223 -12.647026
v 10.000000 -11.001807 -12.573602
v 10.000000 -11.000000 -12.500000
v 10.000000 -11.001807 -12.426398
v 10.000000 -11.007223 -12.352974
v 10.000000 -11.016235 -12.279904
v 10.000000 -11.028822 -12.207364
v 10.000000 -11.044953 -12.135530
v 10.000000 -11.064590 -12.064573
v 10.000000 -11.087684 -11.994665
v 10.000000 -11.114181 -11.925975
v 10.000000 -11.144016 -11.858667
v 10.000000 -11.177118 -11.792905
v 10.000000 -11.213408 -11.728846
v 10.000000 -11.252795 -11.666645
v 10.000000 -11.295189 -11.606451
v 10.000000 -11.340485 -11.548410
v 10.000000 -11.388574 -11.492661
v 10.000000 -11.439340 -11.439340
v 10.000000 -11.492661 -11.388574
v 10.000000 -11.548410 -11.340485
v 10.000000 -11.606451 -11.295189
v 10.000000 -11.666645 -11.252795
v 10.000000 -11.728846 -11.213408
v 10.000000 -11.792905 -11.177118
v 10.000000 -11.858667 -11.144016
v 10.000000 -11.925975 -11.114181
v 10.000000 -11.994665 -11.087684
v 10.000000 -12.064573 -11.064590
v 10.000000 -12.135530 -11.044953
v 10.000000 -12.207364 -11.028822
v 10.000000 -12.279904 -11.016235
v 10.000000 -12.352974 -11.007223
v 10.000000 -12.426398 -11.001807
v 10.000000 -12.500000 -11.000000
v 10.000000 -12.573602 -11.001807
v 10.000000 -12.647026 -11.007223
v 10.000000 -12.720096 -11.016235
v 10.000000 -12.792636 -11.028822
v 10.000000 -12.864470 -11.044953
v 10.000000 -12.935427 -11.064590
v 10.000000 -13.005335 -11.087684
v 10.000000 -13.074025 -11.114181
v 10.000000 -13.141333 -11.144016
v 10.000000 -13.207095 -11.177118
v 10.000000 -13.271154 -11.213408
v 10.000000 -13.333355 -11.252795
v 10.000000 -13.393549 -11.295189
v 10.000000 -13.451590 -11.340485
v 10.000000 -13.507339 -11.388574
v 10.000000 -13.560660 -11.439340
v 10.000000 -13.611426 -11.492661
v 10.000000 -13.659515 -11.548410
v 10.000000 -13.704811 -11.606451
v 10.000000 -13.747205 -11.666645
v 10.000000 -13.786592 -11.728846
v 10.000000 -13.822882 -11.792905
v 10.000000 -13.855984 -11.858667
v 10.000000 -13.885819 -11.925975
v 10.000000 -13.912316 -11.994665
v 10.000000 -13.935410 -12.064573
v 10.000000 -13.955047 -12.135530
v 10.000000 -13.971178 -12.207364
v 10.000000 -13.983765 -12.279904
v 10.000000 -13.992777 -12.352974
v 10.000000 -13.998193 -12.426398
v 13.135759 -14.870443 -10.000000
v 13.088148 -14.741415 -10.000000
v 13.048325 -14.613440 -10.000000
v 13.016450 -14.487039 -10.000000
v 12.992656 -14.362726 -10.000000
v 12.977037 -14.241011 -10.000000
v 12.969660 -14.122386 -10.000000
v 12.969071 -14.064385 -10.000000
v 12.970551 -14.007337 -10.000000
v 12.974099 -13.951300 -10.000000
v 12.979711 -13.896331 -10.000000
v 12.987379 -13.842485 -10.000000
v 12.997098 -13.789820 -10.000000
v 13.008857 -13.738386 -10.000000
v 13.022644 -13.688238 -10.000000
v 13.038445 -13.639426 -10.000000
v 13.056245 -13.592000 -10.000000
v 13.076024 -13.546008 -10.000000
v 13.097763 -13.501496 -10.000000
v 13.121439 -13.458511 -10.000000
v 13.147029 -13.417097 -10.000000
v 13.174506 -13.377295 -10.000000
v 13.203843 -13.339145 -10.000000
v 13.235009 -13.302687 -10.000000
v 13.267974 -13.267958 -10.000000
v 13.302702 -13.234993 -10.000000
v 13.339159 -13.203826 -10.000000
v 13.377308 -13.174488 -10.000000
v 13.417109 -13.147010 -10.000000
v 13.458523 -13.121419 -10.000000
v 13.501507 -13.097742 -10.000000
v 13.546018 -13.076002 -10.000000
v 13.592009 -13.056222 -10.000000
v 13.639435 -13.038422 -10.000000
v 13.688246 -13.022619 -10.000000
v 13.738394 -13.008831 -10.000000
v 13.789826 -12.997071 -10.000000
v 13.842491 -12.987350 -10.000000
v 13.896336 -12.979681 -10.000000
v 13.951304 -12.974069 -10.000000
v 14.007341 -12.970520 -10.000000
v 14.064389 -12.969039 -10.000000
v 14.122390 -12.969626 -10.000000
v 14.241014 -12.977002 -10.000000
v 14.362728 -12.992618 -10.000000
v 14.487040 -13.016411 -10.000000
v 14.613440 -13.048283 -10.000000
v 14.741415 -13.088104 -10.000000
v 14.870443 -13.135715 -10.000000
v -11.001807 12.573602 -15.000000
v -11.007223 12.647026 -15.000000
v -11.016235 12.720096 -15.000000
v -11.028822 12.792636 -15.000000
v -11.044953 12.864470 -15.000000
v -11.064590 12.935427 -15.000000
v -11.087684 13.005335 -15.000000
v -11.114181 13.074025 -15.000000
v -11.144016 13.141333 -15.000000
v -11.177118 13.207095 -15.000000
v -11.213408 13.271154 -15.000000
v -11.252795 13.333355 -15.000000
v -11.295189 13.393549 -15.000000
v -11.340485 13.451590 -15.000000
v -11.388574 13.507339 -15.000000
v -11.439340 13.560660 -15.000000
v -11.492661 13.611426 -15.000000
v -11.548410 13.659515 -15.000000
v -11.606451 13.704811 -15.000000
v -11.666645 13.747205 -15.000000
v -11.728846 13.786592 -15.000000
v -11.792905 13.822882 -15.000000
v -11.858667 13.855984 -15.000000
v -11.925975 13.885819 -15.000000
v -11.994665 13.912316 -15.000000
v -12.064573 13.935410 -15.000000
v -12.135530 13.955047 -15.000000
v -12.207364 13.971178 -15.000000
v -12.279904 13.983765 -15.000000
v -12.352974 13.992777 -15.000000
v -12.426398 13.998193 -15.000000
v -12.500000 14.000000 -15.000000
v -12.573602 13.998193 -15.000000
v -12.647026 13.992777 -15.000000
v -12.720096 13.983765 -15.000000
v -12.792636 13.971178 -15.000000
v -12.864470 13.955047 -15.000000
v -12.935427 13.935410 -15.000000
v -13.005335 13.912316 -15.000000
v -13.074025 13.885819 -15.000000
v -13.141333 13.855984 -15.000000
v -13.207095 13.822882 -15.000000
v -13.271154 13.786592 -15.000000
v -13.333355 13.747205 -15.000000
v -13.393549 13.704811 -15.000000
v -13.451590 13.659515 -15.000000
v -13.507339 13.611426 -15.000000
v -13.560660 13.560660 -15.000000
v -13.611426 13.507339 -15.000000
v -13.659515 13.451590 -15.000000
v -13.704811 13.393549 -15.000000
v -13.747205 13.333355 -15.000000
v -13.786592 13.271154 -15.000000
v -13.822882 13.207095 -15.000000
v -13.855984 13.141333 -15.000000
v -13.885819 13.074025 -15.000000
v -13.912316 13.005335 -15.000000
v -13.935410 12.935427 -15.000000
v -13.955047 12.864470 -15.000000
v -13.971178 12.792636 -15.000000
v -13.983765 12.720096 -15.000000
v -13.992777 12.647026 -15.000000
v -13.998193 12.573602 -15.000000
v -14.000000 12.500000 -15.000000
v -13.998193 12.426398 -15.000000
v -13.992777 12.352974 -15.000000
v -13.983765 12.279904 -15.000000
v -13.971178 12.207364 -15.000000
v -13.955047 12.135530 -15.000000
v -13.935410 12.064573 -15.000000
v -13.912316 11.994665 -15.000000
v -13.885819 11.925975 -15.000000
v -13.855984 11.858667 -15.000000
v -13.822882 11.792905 -15.000000
v -13.786592 11.728846 -15.000000
v -13.747205 11.666645 -15.000000
v -13.704811 11.606451 -15.000000
v -13.659515 11.548410 -15.000000
v -13.611426 11.492661 -15.000000
v -13.560660 11.439340 -15.000000
v -13.507339 11.388574 -15.000000
v -13.451590 11.340485 -15.000000
v -13.393549 11.295189 -15.000000
v -13.333355 11.252795 -15.000000
v -13.271154 11.213408 -15.000000
v -13.207095 11.177118 -15.000000
v -13.141333 11.144016 -15.000000
v -13.074025 11.114181 -15.000000
v -13.005335 11.087684 -15.000000
v -12.935427 11.064590 -15.000000
v -12.864470 11.044953 -15.000000
v -12.792636 11.028822 -15.000000
v -12.720096 11.016235 -15.000000
v -12.647026 11.007223 -15.000000
v -12.573602 11.001807 -15.000000
v -12.500000 11.000000 -15.000000
v -12.426398 11.001807 -15.000000
v -12.352974 11.007223 -15.000000
v -12.279904 11.016235 -15.000000
v -12.207364 11.028822 -15.000000
v -12.135530 11.044953 -15.000000
v -12.064573 11.064590 -15.000000
v -11.994665 11.087684 -15.000000
v -11.925975 11.114181 -15.000000
v -11.858667 11.144016 -15.000000
v -11.792905 11.177118 -15.000000
v -11.728846 11.213408 -15.000000
v -11.666645 11.252795 -15.000000
v -11.606451 11.295189 -15.000000
v -11.548410 11.340485 -15.000000
v -11.492661 11.388574 -15.000000
v -11.439340 11.439340 -15.000000
v -11.388574 11.492661 -15.000000
v -11.340485 11.548410 -15.000000
v -11.295189 11.606451 -15.000000
v -11.252795 11.666645 -15.000000
v -11.213408 11.728846 -15.000000
v -11.177118 11.792905 -15.000000
v -11.144016 11.858667 -15.000000
v -11.114181 11.925975 -15.000000
v -11.087684 11.994665 -15.000000
v -11.064590 12.064573 -15.000000
v -11.044953 12.135530 -15.000000
v -11.028822 12.207364 -15.000000
v -11.016235 12.279904 -15.000000
v -11.007223 12.352974 -15.000000
v -11.001807 12.426398 -15.000000
v -11.000000 12.500000 -15.000000
v -10.000000 13.998193 -12.573602
v -10.000000 13.992777 -12.647026
v -10.000000 13.983765 -12.720096
v -10.000000 13.971178 -12.792636
v -10.000000 13.955047 -12.864470
v -10.000000 13.935410 -12.935427
v -10.000000 13.912316 -13.005335
v -10.000000 13.885819 -13.074025
v -10.000000 13.855984 -13.141333
v -10.000000 13.822882 -13.207095
v -10.000000 13.786592 -13.271154
v -10.000000 13.747205 -13.333355
v -10.000000 13.704811 -13.393549
v -10.000000 13.659515 -13.451590
v -10.000000 13.611426 -13.507339
v -10.000000 13.560660 -13.560660
v -10.000000 13.507339 -13.611426
v -10.000000 13.451590 -13.659515
v -10.000000 13.393549 -13.704811
v -10.000000 13.333355 -13.747205
v -10.000000 13.271154 -13.786592
v -10.000000 13.207095 -13.822882
v -10.000000 13.141333 -13.855984
v -10.000000 13.074025 -13.885819
v -10.000000 13.005335 -13.912316
v -10.000000 12.935427 -13.935410
v -10.000000 12.864470 -13.955047
v -10.000000 12.792636 -13.971178
v -10.000000 12.720096 -13.983765
v -10.000000 12.647026 -13.992777
v -10.000000 12.573602 -13.998193
v -10.000000 12.500000 -14.000000
v -10.000000 12.426398 -13.998193
v -10.000000 12.352974 -13.992777
v -10.000000 12.279904 -13.983765
v -10.000000 12.207364 -13.971178
v -10.000000 12.135530 -13.955047
v -10.000000 12.064573 -13.935410
v -10.000000 11.994665 -13.912316
v -10.000000 11.925975 -13.885819
v -10.000000 11.858667 -13.855984
v -10.000000 11.792905 -13.822882
v -10.000000 11.728846 -13.786592
v -10.000000 11.666645 -13.747205
v -10.000000 11.606451 -13.704811
v -10.000000 11.548410 -13.659515
v -10.000000 11.492661 -13.611426
v -10.000000 11.439340 -13.560660
v -10.000000 11.388574 -13.507339
v -10.000000 11.340485 -13.451590
v -10.000000 11.295189 -13.393549
v -10.000000 11.252795 -13.333355
v -10.000000 11.213408 -13.271154
v -10.000000 11.177118 -13.207095
v -10.000000 11.144016 -13.141333
v -10.000000 11.114181 -13.074025
v -10.000000 11.087684 -13.005335
v -10.000000 11.064590 -12.935427
v -10.000000 11.044953 -12.864470
v -10.000000 11.028822 -12.792636
v -10.000000 11.016235 -12.720096
v -10.000000 11.007223 -12.647026
v -10.000000 11.001807 -12.573602
v -10.000000 11.000000 -12.500000
v -10.000000 11.001807 -12.426398
v -10.000000 11.007223 -12.352974
v -10.000000 11.016235 -12.279904
v -10.000000 11.028822 -12.207364
v -10.000000 11.044953 -12.135530
v -10.000000 11.064590 -12.064573
v -10.000000 11.087684 -11.994665
v -10.000000 11.114181 -11.925975
v -10.000000 11.144016 -11.858667
v -10.000000 11.177118 -11.792905
v -10.000000 11.213408 -11.728846
v -10.000000 11.252795 -11.666645
v -10.000000 11.295189 -11.606451
v -10.000000 11.340485 -11.548410
v -10.000000 11.388574 -11.492661
v -10.000000 11.439340 -11.439340
v -10.000000 11.492661 -11.388574
v -10.000000 11.548410 -11.340485
v -10.000000 11.606451 -11.295189
v -10.000000 11.666645 -11.252795
v -10.000000 11.728846 -11.213408
v -10.000000 11.792905 -11.177118
v -10.000000 11.858667 -11.144016
v -10.000000 11.925975 -11.114181
v -10.000000 11.994665 -11.087684
v -10.000000 12.064573 -11.064590
v -10.000000 12.135530 -11.044953
v -10.000000 12.207364 -11.028822
v -10.000000 12.279904 -11.016235
v -10.000000 12.352974 -11.007223
v -10.000000 12.426398 -11.001807
v -10.000000 12.500000 -11.000000
v -10.000000 12.573602 -11.001807
v -10.000000 12.647026 -11.007223
v -10.000000 12.720096 -11.016235
v -10.000000 12.792636 -11.028822
v -10.000000 12.864470 -11.044953
v -10.000000 12.935427 -11.064590
v -10.000000 13.005335 -11.087684
v -10.000000 13.074025 -11.114181
v -10.000000 13.141333 -11.144016
v -10.000000 13.207095 -11.177118
v -10.000000 13.271154 -11.213408
v -10.000000 13.333355 -11.252795
v -10.000000 13.393549 -11.295189
v -10.000000 13.451590 -11.340485
v -10.000000 13.507339 -11.388574
v -10.000000 13.560660 -11.439340
v -10.000000 13.611426 -11.492661
v -10.000000 13.659515 -11.548410
v -10.000000 13.704811 -11.606451
v -10.000000 13.747205 -11.666645
v -10.000000 13.786592 -11.728846
v -10.000000 13.822882 -11.792905
v -10.000000 13.855984 -11.858667
v -10.000000 13.885819 -11.925975
v -10.000000 13.912316 -11.994665
v -10.000000 13.935410 -12.064573
v -10.000000 13.955047 -12.135530
v -10.000000 13.971178 -12.207364
v -10.000000 13.983765 -12.279904
v -10.000000 13.992777 -12.352974
v -10.000000 13.998193 -12.426398
v -10.000000 14.000000 -12.500000
v -15.000000 13.190917 -10.000000
v -15.000000 13.121535 -10.134475
v -15.000000 10.000000 -10.000000
v -15.000000 13.060397 -10.268359
v -15.000000 13.007771 -10.401067
v -15.000000 12.963888 -10.532014
v -15.000000 12.928941 -10.660626
v -15.000000 12.903082 -10.786340
v -15.000000 12.893599 -10.847936
v -15.000000 12.886427 -10.908602
v -15.000000 12.881574 -10.968270
v -15.000000 12.879046 -11.026876
v -15.000000 12.878846 -11.084356
v -15.000000 12.880975 -11.140645
v -15.000000 12.885428 -11.195683
v -15.000000 12.892202 -11.249408
v -15.000000 12.901290 -11.301763
v -15.000000 12.912680 -11.352688
v -15.000000 12.926361 -11.402129
v -15.000000 12.942318 -11.450031
v -15.000000 12.960534 -11.496342
v -15.000000 10.000000 -15.000000
v -15.000000 12.980988 -11.541011
v -15.000000 13.003656 -11.583988
v -15.000000 13.028517 -11.625228
v -15.000000 13.055540 -11.664683
v -15.000000 13.084698 -11.702312
v -15.000000 13.115957 -11.738072
v -15.000000 13.149285 -11.771926
v -15.000000 13.184643 -11.803834
v -15.000000 13.221993 -11.833763
v -15.000000 13.261295 -11.861679
v -15.000000 13.302505 -11.887552
v -15.000000 13.345579 -11.911354
v -15.000000 13.390468 -11.933059
v -15.000000 13.437122 -11.952641
v -15.000000 15.000000 -15.000000
v -15.000000 13.485493 -11.970081
v -15.000000 13.535524 -11.985359
v -15.000000 13.587164 -11.998458
v -15.000000 13.640354 -12.009363
v -15.000000 13.695036 -12.018064
v -15.000000 13.751150 -12.024549
v -15.000000 13.808635 -12.028813
v -15.000000 13.867427 -12.030851
v -15.000000 13.927463 -12.030660
v -15.000000 14.050997 -12.023594
v -15.000000 14.178696 -12.007648
v -15.000000 14.309999 -11.982890
v -15.000000 14.444330 -11.949431
v -15.000000 14.581100 -11.907416
v -15.000000 14.719707 -11.857031
v -15.000000 14.859546 -11.798495
v -15.000000 15.000000 -11.732067
v -14.859549 15.000000 -11.798491
v -14.719714 15.000000 -11.857021
v -14.581110 15.000000 -11.907402
v -14.444345 15.000000 -11.949412
v -14.310017 15.000000 -11.982868
v -14.178718 15.000000 -12.007622
v -14.051023 15.000000 -12.023565
v -13.927493 15.000000 -12.030628
v -13.867459 15.000000 -12.030818
v -13.808669 15.000000 -12.028779
v -13.751186 15.000000 -12.024514
v -13.695074 15.000000 -12.018027
v -13.640394 15.000000 -12.009326
v -13.587206 15.000000 -11.998420
v -13.535568 15.000000 -11.985320
v -13.485538 15.000000 -11.970042
v -13.437170 15.000000 -11.952601
v -10.000000 15.000000 -15.000000
v -13.390516 15.000000 -11.933019
v -13.345630 15.000000 -11.911314
v -13.302558 15.000000 -11.887512
v -13.261350 15.000000 -11.861639
v -13.222049 15.000000 -11.833723
v -13.184700 15.000000 -11.803794
v -13.149343 15.000000 -11.771886
v -13.116016 15.000000 -11.738033
v -13.084758 15.000000 -11.702272
v -13.055601 15.000000 -11.664644
v -13.028579 15.000000 -11.625190
v -13.003719 15.000000 -11.583951
v -12.981050 15.000000 -11.540975
v -12.960598 15.000000 -11.496306
v -10.000000 15.000000 -10.000000
v -12.942383 15.000000 -11.449996
v -12.926427 15.000000 -11.402095
v -12.912745 15.000000 -11.352655
v -12.901355 15.000000 -11.301731
v -12.892268 15.000000 -11.249378
v -12.885494 15.000000 -11.195654
v -12.881041 15.000000 -11.140617
v -12.878912 15.000000 -11.084330
v -12.879111 15.000000 -11.026852
v -12.881639 15.000000 -10.968247
v -12.886491 15.000000 -10.908580
v -12.893662 15.000000 -10.847916
v -12.903145 15.000000 -10.786321
v -12.929002 15.000000 -10.660610
v -12.963947 15.000000 -10.532001
v -13.007828 15.000000 -10.401057
v -13.060451 15.000000 -10.268353
v -13.121586 15.000000 -10.134472
v -13.190965 15.000000 -10.000000
v -11.001807 10.000000 -12.573602
v -10.000000 10.000000 -15.000000
v -11.000000 10.000000 -12.500000
v -11.007223 10.000000 -12.647026
v -11.016235 10.000000 -12.720096
v -11.028822 10.000000 -12.792636
v -11.044953 10.000000 -12.864470
v -11.064590 10.000000 -12.935427
v -11.087684 10.000000 -13.005335
v -11.114181 10.000000 -13.074025
v -11.144016 10.000000 -13.141333
v -11.177118 10.000000 -13.207095
v -11.213408 10.000000 -13.271154
v -11.252795 10.000000 -13.333355
v -11.295189 10.000000 -13.393549
v -11.340485 10.000000 -13.451590
v -11.388574 10.000000 -13.507339
v -11.439340 10.000000 -13.560660
v -11.492661 10.000000 -13.611426
v -11.548410 10.000000 -13.659515
v -11.606451 10.000000 -13.704811
v -11.666645 10.000000 -13.747205
v -11.728846 10.000000 -13.786592
v -11.792905 10.000000 -13.822882
v -11.858667 10.000000 -13.855984
v -11.925975 10.000000 -13.885819
v -11.994665 10.000000 -13.912316
v -12.064573 10.000000 -13.935410
v -12.135530 10.000000 -13.955047
v -12.207364 10.000000 -13.971178
v -12.279904 10.000000 -13.983765
v -12.352974 10.000000 -13.992777
v -12.426398 10.000000 -13.998193
v -12.500000 10.000000 -14.000000
v -12.573602 10.000000 -13.998193
v -12.647026 10.000000 -13.992777
v -12.720096 10.000000 -13.983765
v -12.792636 10.000000 -13.971178
v -12.864470 10.000000 -13.955047
v -12.935427 10.000000 -13.935410
v -13.005335 10.000000 -13.912316
v -13.074025 10.000000 -13.885819
v -13.141333 10.000000 -13.855984
v -13.207095 10.000000 -13.822882
v -13.271154 10.000000 -13.786592
v -13.333355 10.000000 -13.747205
v -13.393549 10.000000 -13.704811
v -13.451590 10.000000 -13.659515
v -13.507339 10.000000 -13.611426
v -13.560660 10.000000 -13.560660
v -13.611426 10.000000 -13.507339
v -13.659515 10.000000 -13.451590
v -13.704811 10.000000 -13.393549
v -13.747205 10.000000 -13.333355
v -13.786592 10.000000 -13.271154
v -13.822882 10.000000 -13.207095
v -13.855984 10.000000 -13.141333
v -13.885819 10.000000 -13.074025
v -13.912316 10.000000 -13.005335
v -13.935410 10.000000 -12.935427
v -13.955047 10.000000 -12.864470
v -13.971178 10.000000 -12.792636
v -13.983765 10.000000 -12.720096
v -13.992777 10.000000 -12.647026
v -13.998193 10.000000 -12.573602
v -14.000000 10.000000 -12.500000
v -13.998193 10.000000 -12.426398
v -13.992777 10.000000 -12.352974
v -13.983765 10.000000 -12.279904
v -13.971178 10.000000 -12.207364
v -13.955047 10.000000 -12.135530
v -13.935410 10.000000 -12.064573
v -13.912316 10.000000 -11.994665
v -13.885819 10.000000 -11.925975
v -13.855984 10.000000 -11.858667
v -13.822882 10.000000 -11.792905
v -13.786592 10.000000 -11.728846
v -13.747205 10.000000 -11.666645
v -13.704811 10.000000 -11.606451
v -13.659515 10.000000 -11.548410
v -13.611426 10.000000 -11.492661
v -13.560660 10.000000 -11.439340
v -13.507339 10.000000 -11.388574
v -13.451590 10.000000 -11.340485
v -13.393549 10.000000 -11.295189
v -13.333355 10.000000 -11.252795
v -13.271154 10.000000 -11.213408
v -13.207095 10.000000 -11.177118
v -13.141333 10.000000 -11.144016
v -13.074025 10.000000 -11.114181
v -13.005335 10.000000 -11.087684
v -12.935427 10.000000 -11.064590
v -12.864470 10.000000 -11.044953
v -12.792636 10.000000 -11.028822
v -12.720096 10.000000 -11.016235
v -12.647026 10.000000 -11.007223
v -12.573602 10.000000 -11.001807
v -12.500000 10.000000 -11.000000
v -10.000000 10.000000 -10.000000
v -12.426398 10.000000 -11.001807
v -12.352974 10.000000 -11.007223
v -12.279904 10.000000 -11.016235
v -12.207364 10.000000 -11.028822
v -12.135530 10.000000 -11.044953
v -12.064573 10.000000 -11.064590
v -11.994665 10.000000 -11.087684
v -11.925975 10.000000 -11.114181
v -11.858667 10.000000 -11.144016
v -11.792905 10.000000 -11.177118
v -11.728846 10.000000 -11.213408
v -11.666645 10.000000 -11.252795
v -11.606451 10.000000 -11.295189
v -11.548410 10.000000 -11.340485
v -11.492661 10.000000 -11.388574
v -11.439340 10.000000 -11.439340
v -11.388574 10.000000 -11.492661
v -11.340485 10.000000 -11.548410
v -11.295189 10.000000 -11.606451
v -11.252795 10.000000 -11.666645
v -11.213408 10.000000 -11.728846
v -11.177118 10.000000 -11.792905
v -11.144016 10.000000 -11.858667
v -11.114181 10.000000 -11.925975
v -11.087684 10.000000 -11.994665
v -11.064590 10.000000 -12.064573
v -11.044953 10.000000 -12.135530
v -11.028822 10.000000 -12.207364
v -11.016235 10.000000 -12.279904
v -11.007223 10.000000 -12.352974
v -11.001807 10.000000 -12.426398
v -13.135759 14.870443 -10.000000
v -13.088148 14.741415 -10.000000
v -13.048325 14.613440 -10.000000
v -13.016450 14.487039 -10.000000
v -12.992656 14.362726 -10.000000
v -12.977037 14.241011 -10.000000
v -12.969660 14.122386 -10.000000
v -12.969071 14.064385 -10.000000
v -12.970551 14.007337 -10.000000
v -12.974099 13.951300 -10.000000
v -12.979711 13.896331 -10.000000
v -12.987379 13.842485 -10.000000
v -12.997098 13.789820 -10.000000
v -13.008857 13.738386 -10.000000
v -13.022644 13.688238 -10.000000
v -13.038445 13.639426 -10.000000
v -13.056245 13.592000 -10.000000
v -13.076024 13.546008 -10.000000
v -13.097763 13.501496 -10.000000
v -13.121439 13.458511 -10.000000
v -13.147029 13.417097 -10.000000
v -13.174506 13.377295 -10.000000
v -13.203843 13.339145 -10.000000
v -13.235009 13.302687 -10.000000
v -13.267974 13.267958 -10.000000
v -13.302702 13.234993 -10.000000
v -13.339159 13.203826 -10.000000
v -13.377308 13.174488 -10.000000
v -13.417109 13.147010 -10.000000
v -13.458523 13.121419 -10.000000
v -13.501507 13.097742 -10.000000
v -13.546018 13.076002 -10.000000
v -13.592009 13.056222 -10.000000
v -13.639435 13.038422 -10.000000
v -13.688246 13.022619 -10.000000
v -13.738394 13.008831 -10.000000
v -13.789826 12.997071 -10.000000
v -13.842491 12.987350 -10.000000
v -13.896336 12.979681 -10.000000
v -13.951304 12.974069 -10.000000
v -14.007341 12.970520 -10.000000
v -14.064389 12.969039 -10.000000
v -14.122390 12.969626 -10.000000
v -14.241014 12.977002 -10.000000
v -14.362728 12.992618 -10.000000
v -14.487040 13.016411 -10.000000
v -14.613440 13.048283 -10.000000
v -14.741415 13.088104 -10.000000
v -14.870443 13.135715 -10.000000
v -11.001807 -12.426398 -15.000000
v -11.007223 -12.352974 -15.000000
v -11.016235 -12.279904 -15.000000
v -11.028822 -12.207364 -15.000000
v -11.044953 -12.135530 -15.000000
v -11.064590 -12.064573 -15.000000
v -11.087684 -11.994665 -15.000000
v -11.114181 -11.925975 -15.000000
v -11.144016 -11.858667 -15.000000
v -11.177118 -11.792905 -15.000000
v -11.213408 -11.728846 -15.000000
v -11.252795 -11.666645 -15.000000
v -11.295189 -11.606451 -15.000000
v -11.340485 -11.548410 -15.000000
v -11.388574 -11.492661 -15.000000
v -11.439340 -11.439340 -15.000000
v -11.492661 -11.388574 -15.000000
v -11.548410 -11.340485 -15.000000
v -11.606451 -11.295189 -15.000000
v -11.666645 -11.252795 -15.000000
v -11.728846 -11.213408 -15.000000
v -11.792905 -11.177118 -15.000000
v -11.858667 -11.144016 -15.000000
v -11.925975 -11.114181 -15.000000
v -11.994665 -11.087684 -15.000000
v -12.064573 -11.064590 -15.000000
v -12.135530 -11.044953 -15.000000
v -12.207364 -11.028822 -15.000000
v -12.279904 -11.016235 -15.000000
v -12.352974 -11.007223 -15.000000
v -12.426398 -11.001807 -15.000000
v -12.500000 -11.000000 -15.000000
v -12.573602 -11.001807 -15.000000
v -12.647026 -11.007223 -15.000000
v -12.720096 -11.016235 -15.000000
v -12.792636 -11.028822 -15.000000
v -12.864470 -11.044953 -15.000000
v -12.935427 -11.064590 -15.000000
v -13.005335 -11.087684 -15.000000
v -13.074025 -11.114181 -15.000000
v -13.141333 -11.144016 -15.000000
v -13.207095 -11.177118 -15.000000
v -13.271154 -11.213408 -15.000000
v -13.333355 -11.252795 -15.000000
v -13.393549 -11.295189 -15.000000
v -13.451590 -11.340485 -15.000000
v -13.507339 -11.388574 -15.000000
v -13.560660 -11.439340 -15.000000
v -13.611426 -11.492661 -15.000000
v -13.659515 -11.548410 -15.000000
v -13.704811 -11.606451 -15.000000
v -13.747205 -11.666645 -15.000000
v -13.786592 -11.728846 -15.000000
v -13.822882 -11.792905 -15.000000
v -13.855984 -11.858667 -15.000000
v -13.885819 -11.925975 -15.000000
v -13.912316 -11.994665 -15.000000
v -13.935410 -12.064573 -15.000000
v -13.955047 -12.135530 -15.000000
v -13.971178 -12.207364 -15.000000
v -13.983765 -12.279904 -15.000000
v -13.992777 -12.352974 -15.000000
v -13.998193 -12.426398 -15.000000
v -14.000000 -12.500000 -15.000000
v -13.998193 -12.573602 -15.000000
v -13.992777 -12.647026 -15.000000
v -13.983765 -12.720096 -15.000000
v -13.971178 -12.792636 -15.000000
v -13.955047 -12.864470 -15.000000
v -13.935410 -12.935427 -15.000000
v -13.912316 -13.005335 -15.000000
v -13.885819 -13.074025 -15.000000
v -13.855984 -13.141333 -15.000000
v -13.822882 -13.207095 -15.000000
v -13.786592 -13.271154 -15.000000
v -13.747205 -13.333355 -15.000000
v -13.704811 -13.393549 -15.000000
v -13.659515 -13.451590 -15.000000
v -13.611426 -13.507339 -15.000000
v -13.560660 -13.560660 -15.000000
v -13.507339 -13.611426 -15.000000
v -13.451590 -13.659515 -15.000000
v -13.393549 -13.704811 -15.000000
v -13.333355 -13.747205 -15.000000
v -13.271154 -13.786592 -15.000000
v -13.207095 -13.822882 -15.000000
v -13.141333 -13.855984 -15.000000
v -13.074025 -13.885819 -15.000000
v -13.005335 -13.912316 -15.000000
v -12.935427 -13.935410 -15.000000
v -12.864470 -13.955047 -15.000000
v -12.792636 -13.971178 -15.000000
v -12.720096 -13.983765 -15.000000
v -12.647026 -13.992777 -15.000000
v -12.573602 -13.998193 -15.000000
v -12.500000 -14.000000 -15.000000
v -12.426398 -13.998193 -15.000000
v -12.352974 -13.992777 -15.000000
v -12.279904 -13.983765 -15.000000
v -12.207364 -13.971178 -15.000000
v -12.135530 -13.955047 -15.000000
v -12.064573 -13.935410 -15.000000
v -11.994665 -13.912316 -15.000000
v -11.925975 -13.885819 -15.000000
v -11.858667 -13.855984 -15.000000
v -11.792905 -13.822882 -15.000000
v -11.728846 -13.786592 -15.000000
v -11.666645 -13.747205 -15.000000
v -11.606451 -13.704811 -15.000000
v -11.548410 -13.659515 -15.000000
v -11.492661 -13.611426 -15.000000
v -11.439340 -13.560660 -15.000000
v -11.388574 -13.507339 -15.000000
v -11.340485 -13.451590 -15.000000
v -11.295189 -13.393549 -15.000000
v -11.252795 -13.333355 -15.000000
v -11.213408 -13.271154 -15.000000
v -11.177118 -13.207095 -15.000000
v -11.144016 -13.141333 -15.000000
v -11.114181 -13.074025 -15.000000
v -11.087684 -13.005335 -15.000000
v -11.064590 -12.935427 -15.000000
v -11.044953 -12.864470 -15.000000
v -11.028822 -12.792636 -15.000000
v -11.016235 -12.720096 -15.000000
v -11.007223 -12.647026 -15.000000
v -11.001807 -12.573602 -15.000000
v -11.000000 -12.500000 -15.000000
v -10.000000 -13.998193 -12.426398
v -10.000000 -13.992777 -12.352974
v -10.000000 -13.983765 -12.279904
v -10.000000 -13.971178 -12.207364
v -10.000000 -13.955047 -12.135530
v -10.000000 -13.935410 -12.064573
v -10.000000 -13.912316 -11.994665
v -10.000000 -13.885819 -11.925975
v -10.000000 -13.855984 -11.858667
v -10.000000 -13.822882 -11.792905
v -10.000000 -13.786592 -11.728846
v -10.000000 -13.747205 -11.666645
v -10.000000 -13.704811 -11.606451
v -10.000000 -13.659515 -11.548410
v -10.000000 -13.611426 -11.492661
v -10.000000 -13.560660 -11.439340
v -10.000000 -13.507339 -11.388574
v -10.000000 -13.451590 -11.340485
v -10.000000 -13.393549 -11.295189
v -10.000000 -13.333355 -11.252795
v -10.000000 -13.271154 -11.213408
v -10.000000 -13.207095 -11.177118
v -10.000000 -13.141333 -11.144016
v -10.000000 -13.074025 -11.114181
v -10.000000 -13.005335 -11.087684
v -10.000000 -12.935427 -11.064590
v -10.000000 -12.864470 -11.044953
v -10.000000 -12.792636 -11.028822
v -10.000000 -12.720096 -11.016235
v -10.000000 -12.647026 -11.007223
v -10.000000 -12.573602 -11.001807
v -10.000000 -12.500000 -11.000000
v -10.000000 -12.426398 -11.001807
v -10.000000 -12.352974 -11.007223
v -10.000000 -12.279904 -11.016235
v -10.000000 -12.207364 -11.028822
v -10.000000 -12.135530 -11.044953
v -10.000000 -12.064573 -11.064590
v -10.000000 -11.994665 -11.087684
v -10.000000 -11.925975 -11.114181
v -10.000000 -11.858667 -11.144016
v -10.000000 -11.792905 -11.177118
v -10.000000 -11.728846 -11.213408
v -10.000000 -11.666645 -11.252795
v -10.000000 -11.606451 -11.295189
v -10.000000 -11.548410 -11.340485
v -10.000000 -11.492661 -11.388574
v -10.000000 -11.439340 -11.439340
v -10.000000 -11.388574 -11.492661
v -10.000000 -11.340485 -11.548410
v -10.000000 -11.295189 -11.606451
v -10.000000 -11.252795 -11.666645
v -10.000000 -11.213408 -11.728846
v -10.000000 -11.177118 -11.792905
v -10.000000 -11.144016 -11.858667
v -10.000000 -11.114181 -11.925975
v -10.000000 -11.087684 -11.994665
v -10.000000 -11.064590 -12.064573
v -10.000000 -11.044953 -12.135530
v -10.000000 -11.028822 -12.207364
v -10.000000 -11.016235 -12.279904
v -10.000000 -11.007223 -12.352974
v -10.000000 -11.001807 -12.426398
v -10.000000 -11.000000 -12.500000
v -10.000000 -11.001807 -12.573602
v -10.000000 -11.007223 -12.647026
v -10.000000 -11.016235 -12.720096
v -10.000000 -11.028822 -12.792636
v -10.000000 -11.044953 -12.864470
v -10.000000 -11.064590 -12.935427
v -10.000000 -11.087684 -13.005335
v -10.000000 -11.114181 -13.074025
v -10.000000 -11.144016 -13.141333
v -10.000000 -11.177118 -13.207095
v -10.000000 -11.213408 -13.271154
v -10.000000 -11.252795 -13.333355
v -10.000000 -11.295189 -13.393549
v -10.000000 -11.340485 -13.451590
v -10.000000 -11.388574 -13.507339
v -10.000000 -11.439340 -13.560660
v -10.000000 -11.492661 -13.611426
v -10.000000 -11.548410 -13.659515
v -10.000000 -11.606451 -13.704811
v -10.000000 -11.666645 -13.747205
v -10.000000 -11.728846 -13.786592
v -10.000000 -11.792905 -13.822882
v -10.000000 -11.858667 -13.855984
v -10.000000 -11.925975 -13.885819
v -10.000000 -11.994665 -13.912316
v -10.000000 -12.064573 -13.935410
v -10.000000 -12.135530 -13.955047
v -10.000000 -12.207364 -13.971178
v -10.000000 -12.279904 -13.983765
v -10.000000 -12.352974 -13.992777
v -10.000000 -12.426398 -13.998193
v -10.000000 -12.500000 -14.000000
v -10.000000 -12.573602 -13.998193
v -10.000000 -12.647026 -13.992777
v -10.000000 -12.720096 -13.983765
v -10.000000 -12.792636 -13.971178
v -10.000000 -12.864470 -13.955047
v -10.000000 -12.935427 -13.935410
v -10.000000 -13.005335 -13.912316
v -10.000000 -13.074025 -13.885819
v -10.000000 -13.141333 -13.855984
v -10.000000 -13.207095 -13.822882
v -10.000000 -13.271154 -13.786592
v -10.000000 -13.333355 -13.747205
v -10.000000 -13.393549 -13.704811
v -10.000000 -13.451590 -13.659515
v -10.000000 -13.507339 -13.611426
v -10.000000 -13.560660 -13.560660
v -10.000000 -13.611426 -13.507339
v -10.000000 -13.659515 -13.451590
v -10.000000 -13.704811 -13.393549
v -10.000000 -13.747205 -13.333355
v -10.000000 -13.786592 -13.271154
v -10.000000 -13.822882 -13.207095
v -10.000000 -13.855984 -13.141333
v -10.000000 -13.885819 -13.074025
v -10.000000 -13.912316 -13.005335
v -10.000000 -13.935410 -12.935427
v -10.000000 -13.955047 -12.864470
v -10.000000 -13.971178 -12.792636
v -10.000000 -13.983765 -12.720096
v -10.000000 -13.992777 -12.647026
v -10.000000 -13.998193 -12.573602
v -10.000000 -14.000000 -12.500000
v -11.001807 -10.000000 -12.426398
v -11.007223 -10.000000 -12.352974
v -11.016235 -10.000000 -12.279904
v -11.028822 -10.000000 -12.207364
v -11.044953 -10.000000 -12.135530
v -11.064590 -10.000000 -12.064573
v -11.087684 -10.000000 -11.994665
v -11.114181 -10.000000 -11.925975
v -11.144016 -10.000000 -11.858667
v -11.177118 -10.000000 -11.792905
v -11.213408 -10.000000 -11.728846
v -11.252795 -10.000000 -11.666645
v -11.295189 -10.000000 -11.606451
v -11.340485 -10.000000 -11.548410
v -11.388574 -10.000000 -11.492661
v -11.439340 -10.000000 -11.439340
v -11.492661 -10.000000 -11.388574
v -11.548410 -10.000000 -11.340485
v -11.606451 -10.000000 -11.295189
v -11.666645 -10.000000 -11.252795
v -11.728846 -10.000000 -11.213408
v -11.792905 -10.000000 -11.177118
v -11.858667 -10.000000 -11.144016
v -11.925975 -10.000000 -11.114181
v -11.994665 -10.000000 -11.087684
v -12.064573 -10.000000 -11.064590
v -12.135530 -10.000000 -11.044953
v -12.207364 -10.000000 -11.028822
v -12.279904 -10.000000 -11.016235
v -12.352974 -10.000000 -11.007223
v -12.426398 -10.000000 -11.001807
v -12.500000 -10.000000 -11.000000
v -12.573602 -10.000000 -11.001807
v -12.647026 -10.000000 -11.007223
v -12.720096 -10.000000 -11.016235
v -12.792636 -10.000000 -11.028822
v -12.864470 -10.000000 -11.044953
v -12.935427 -10.000000 -11.064590
v -13.005335 -10.000000 -11.087684
v -13.074025 -10.000000 -11.114181
v -13.141333 -10.000000 -11.144016
v -13.207095 -10.000000 -11.177118
v -13.271154 -10.000000 -11.213408
v -13.333355 -10.000000 -11.252795
v -13.393549 -10.000000 -11.295189
v -13.451590 -10.000000 -11.340485
v -13.507339 -10.000000 -11.388574
v -13.560660 -10.000000 -11.439340
v -13.611426 -10.000000 -11.492661
v -13.659515 -10.000000 -11.548410
v -13.704811 -10.000000 -11.606451
v -13.747205 -10.000000 -11.666645
v -13.786592 -10.000000 -11.728846
v -13.822882 -10.000000 -11.792905
v -13.855984 -10.000000 -11.858667
v -13.885819 -10.000000 -11.925975
v -13.912316 -10.000000 -11.994665
v -13.935410 -10.000000 -12.064573
v -13.955047 -10.000000 -12.135530
v -13.971178 -10.000000 -12.207364
v -13.983765 -10.000000 -12.279904
v -13.992777 -10.000000 -12.352974
v -13.998193 -10.000000 -12.426398
v -14.000000 -10.000000 -12.500000
v -13.998193 -10.000000 -12.573602
v -13.992777 -10.000000 -12.647026
v -13.983765 -10.000000 -12.720096
v -13.971178 -10.000000 -12.792636
v -13.955047 -10.000000 -12.864470
v -13.935410 -10.000000 -12.935427
v -13.912316 -10.000000 -13.005335
v -13.885819 -10.000000 -13.074025
v -13.855984 -10.000000 -13.141333
v -13.822882 -10.000000 -13.207095
v -13.786592 -10.000000 -13.271154
v -13.747205 -10.000000 -13.333355
v -13.704811 -10.000000 -13.393549
v -13.659515 -10.000000 -13.451590
v -13.611426 -10.000000 -13.507339
v -13.560660 -10.000000 -13.560660
v -13.507339 -10.000000 -13.611426
v -13.451590 -10.000000 -13.659515
v -13.393549 -10.000000 -13.704811
v -13.333355 -10.000000 -13.747205
v -13.271154 -10.000000 -13.786592
v -13.207095 -10.000000 -13.822882
v -13.141333 -10.000000 -13.855984
v -13.074025 -10.000000 -13.885819
v -13.005335 -10.000000 -13.912316
v -12.935427 -10.000000 -13.935410
v -12.864470 -10.000000 -13.955047
v -12.792636 -10.000000 -13.971178
v -12.720096 -10.000000 -13.983765
v -12.647026 -10.000000 -13.992777
v -12.573602 -10.000000 -13.998193
v -12.500000 -10.000000 -14.000000
v -12.426398 -10.000000 -13.998193
v -12.352974 -10.000000 -13.992777
v -12.279904 -10.000000 -13.983765
v -12.207364 -10.000000 -13.971178
v -12.135530 -10.000000 -13.955047
v -12.064573 -10.000000 -13.935410
v -11.994665 -10.000000 -13.912316
v -11.925975 -10.000000 -13.885819
v -11.858667 -10.000000 -13.855984
v -11.792905 -10.000000 -13.822882
v -11.728846 -10.000000 -13.786592
v -11.666645 -10.000000 -13.747205
v -11.606451 -10.000000 -13.704811
v -11.548410 -10.000000 -13.659515
v -11.492661 -10.000000 -13.611426
v -11.439340 -10.000000 -13.560660
v -11.388574 -10.000000 -13.507339
v -11.340485 -10.000000 -13.451590
v -11.295189 -10.000000 -13.393549
v -11.252795 -10.000000 -13.333355
v -11.213408 -10.000000 -13.271154
v -11.177118 -10.000000 -13.207095
v -11.144016 -10.000000 -13.141333
v -11.114181 -10.000000 -13.074025
v -11.087684 -10.000000 -13.005335
v -11.064590 -10.000000 -12.935427
v -11.044953 -10.000000 -12.864470
v -11.028822 -10.000000 -12.792636
v -11.016235 -10.000000 -12.720096
v -11.007223 -10.000000 -12.647026
v -11.001807 -10.000000 -12.573602
v -11.000000 -10.000000 -12.500000
v -15.000000 -13.190917 -10.000000
v -14.870443 -13.135715 -10.000000
v -15.000000 -10.000000 -10.000000
v -14.741415 -13.088104 -10.000000
v -14.613440 -13.048283 -10.000000
v -14.487040 -13.016411 -10.000000
v -14.362728 -12.992618 -10.000000
v -14.241014 -12.977002 -10.000000
v -14.122390 -12.969626 -10.000000
v -14.064389 -12.969039 -10.000000
v -14.007341 -12.970520 -10.000000
v -13.951304 -12.974069 -10.000000
v -13.896336 -12.979681 -10.000000
v -13.842491 -12.987350 -10.000000
v -13.789826 -12.997071 -10.000000
v -13.738394 -13.008831 -10.000000
v -13.688246 -13.022619 -10.000000
v -13.639435 -13.038422 -10.000000
v -13.592009 -13.056222 -10.000000
v -13.546018 -13.076002 -10.000000
v -10.000000 -10.000000 -10.000000
v -13.501507 -13.097742 -10.000000
v -13.458523 -13.121419 -10.000000
v -13.417109 -13.147010 -10.000000
v -13.377308 -13.174488 -10.000000
v -13.339159 -13.203826 -10.000000
v -13.302702 -13.234993 -10.000000
v -13.267974 -13.267958 -10.000000
v -13.235009 -13.302687 -10.000000
v -13.203843 -13.339145 -10.000000
v -13.174506 -13.377295 -10.000000
v -13.147029 -13.417097 -10.000000
v -13.121439 -13.458511 -10.000000
v -13.097763 -13.501496 -10.000000
v -13.076024 -13.546008 -10.000000
v -13.056245 -13.592000 -10.000000
v -10.000000 -15.000000 -10.000000
v -13.038445 -13.639426 -10.000000
v -13.022644 -13.688238 -10.000000
v -13.008857 -13.738386 -10.000000
v -12.997098 -13.789820 -10.000000
v -12.987379 -13.842485 -10.000000
v -12.979711 -13.896331 -10.000000
v -12.974099 -13.951300 -10.000000
v -12.970551 -14.007337 -10.000000
v -12.969071 -14.064385 -10.000000
v -12.969660 -14.122386 -10.000000
v -12.977037 -14.241011 -10.000000
v -12.992656 -14.362726 -10.000000
v -13.016450 -14.487039 -10.000000
v -13.048325 -14.613440 -10.000000
v -13.088148 -14.741415 -10.000000
v -13.135759 -14.870443 -10.000000
v -13.190965 -15.000000 -10.000000
v -13.121586 -15.000000 -10.134472
v -13.060451 -15.000000 -10.268353
v -13.007828 -15.000000 -10.401057
v -12.963947 -15.000000 -10.532001
v -12.929002 -15.000000 -10.660610
v -12.903145 -15.000000 -10.786321
v -12.893662 -15.000000 -10.847916
v -12.886491 -15.000000 -10.908580
v -12.881639 -15.000000 -10.968247
v -12.879111 -15.000000 -11.026852
v -12.878912 -15.000000 -11.084330
v -12.881041 -15.000000 -11.140617
v -12.885494 -15.000000 -11.195654
v -12.892268 -15.000000 -11.249378
v -12.901355 -15.000000 -11.301731
v -12.912745 -15.000000 -11.352655
v -12.926427 -15.000000 -11.402095
v -12.942383 -15.000000 -11.449996
v -12.960598 -15.000000 -11.496306
v -10.000000 -15.000000 -15.000000
v -12.981050 -15.000000 -11.540975
v -13.003719 -15.000000 -11.583951
v -13.028579 -15.000000 -11.625190
v -13.055601 -15.000000 -11.664644
v -13.084758 -15.000000 -11.702272
v -13.116016 -15.000000 -11.738033
v -13.149343 -15.000000 -11.771886
v -13.184700 -15.000000 -11.803794
v -13.222049 -15.000000 -11.833723
v -13.261350 -15.000000 -11.861639
v -13.302558 -15.000000 -11.887512
v -13.345630 -15.000000 -11.911314
v -13.390516 -15.000000 -11.933019
v -13.437170 -15.000000 -11.952601
v -15.000000 -15.000000 -15.000000
v -13.485538 -15.000000 -11.970042
v -13.535568 -15.000000 -11.985320
v -13.587206 -15.000000 -11.998420
v -13.640394 -15.000000 -12.009326
v -13.695074 -15.000000 -12.018027
v -13.751186 -15.000000 -12.024514
v -13.808669 -15.000000 -12.028779
v -13.867459 -15.000000 -12.030818
v -13.927493 -15.000000 -12.030628
v -14.051023 -15.000000 -12.023565
v -14.178718 -15.000000 -12.007622
v -14.310017 -15.000000 -11.982868
v -14.444345 -15.000000 -11.949412
v -14.581110 -15.000000 -11.907402
v -14.719714 -15.000000 -11.857021
v -14.859549 -15.000000 -11.798491
v -15.000000 -15.000000 -11.732067
v -10.000000 -10.000000 -15.000000
v -15.000000 -10.000000 -15.000000
v -15.000000 -14.859546 -11.798495
v -15.000000 -14.719707 -11.857031
v -15.000000 -14.581100 -11.907416
v -15.000000 -14.444330 -11.949431
v -15.000000 -14.309999 -11.982890
v -15.000000 -14.178696 -12.007648
v -15.000000 -14.050997 -12.023594
v -15.000000 -13.927463 -12.030660
v -15.000000 -13.867427 -12.030851
v -15.000000 -13.808635 -12.028813
v -15.000000 -13.751150 -12.024549
v -15.000000 -13.695036 -12.018064
v -15.000000 -13.640354 -12.009363
v -15.000000 -13.587164 -11.998458
v -15.000000 -13.535524 -11.985359
v -15.000000 -13.485493 -11.970081
v -15.000000 -13.437122 -11.952641
v -15.000000 -13.390468 -11.933059
v -15.000000 -13.345579 -11.911354
v -15.000000 -13.302505 -11.887552
v -15.000000 -13.261295 -11.861679
v -15.000000 -13.221993 -11.833763
v -15.000000 -13.184643 -11.803834
v -15.000000 -13.149285 -11.771926
v -15.000000 -13.115957 -11.738072
v -15.000000 -13.084698 -11.702312
v -15.000000 -13.055540 -11.664683
v -15.000000 -13.028517 -11.625228
v -15.000000 -13.003656 -11.583988
v -15.000000 -12.980988 -11.541011
v -15.000000 -12.960534 -11.496342
v -15.000000 -12.942318 -11.450031
v -15.000000 -12.926361 -11.402129
v -15.000000 -12.912680 -11.352688
v -15.000000 -12.901290 -11.301763
v -15.000000 -12.892202 -11.249408
v -15.000000 -12.885428 -11.195683
v -15.000000 -12.880975 -11.140645
v -15.000000 -12.878846 -11.084356
v -15.000000 -12.879046 -11.026876
v -15.000000 -12.881574 -10.968270
v -15.000000 -12.886427 -10.908602
v -15.000000 -12.893599 -10.847936
v -15.000000 -12.903082 -10.786340
v -15.000000 -12.928941 -10.660626
v -15.000000 -12.963888 -10.532014
v -15.000000 -13.007771 -10.401067
v -15.000000 -13.060397 -10.268359
v -15.000000 -13.121535 -10.134475
v 20.000000 21.915234 -46.702248
v 20.000000 21.883976 -46.738010
v 20.000000 21.944391 -46.664623
v 20.000000 21.971415 -46.625168
v 20.000000 21.996275 -46.583931
v 20.000000 22.018944 -46.540955
v 20.000000 22.039396 -46.496288
v 20.000000 22.057611 -46.449978
v 20.000000 22.073568 -46.402077
v 20.000000 22.087250 -46.352638
v 20.000000 22.098642 -46.301716
v 20.000000 22.107729 -46.249363
v 20.000000 22.114504 -46.195641
v 20.000000 22.118959 -46.140606
v 20.000000 22.121088 -46.084316
v 20.000000 22.120890 -46.026840
v 20.000000 22.118362 -45.968235
v 20.000000 22.113512 -45.908569
v 20.000000 22.106340 -45.847908
v 20.000000 22.096859 -45.786312
v 20.000000 22.071005 -45.660603
v 20.000000 22.036062 -45.531998
v 20.000000 21.992184 -45.401054
v 20.000000 21.939562 -45.268353
v 20.000000 21.878429 -45.134472
v 20.000000 21.809053 -45.000000
v 20.129559 21.864262 -45.000000
v 20.258589 21.911875 -45.000000
v 20.386568 21.951700 -45.000000
v 20.512970 21.983578 -45.000000
v 20.637285 22.007374 -45.000000
v 20.759003 22.022993 -45.000000
v 20.877630 22.030373 -45.000000
v 20.935633 22.030962 -45.000000
v 20.992682 22.029482 -45.000000
v 21.048719 22.025934 -45.000000
v 21.103691 22.020325 -45.000000
v 21.157536 22.012655 -45.000000
v 21.210203 22.002937 -45.000000
v 21.261637 21.991179 -45.000000
v 21.311787 21.977390 -45.000000
v 21.360600 21.961590 -45.000000
v 21.408028 21.943790 -45.000000
v 21.454020 21.924011 -45.000000
v 21.498531 21.902273 -45.000000
v 21.541517 21.878595 -45.000000
v 21.582933 21.853006 -45.000000
v 21.622736 21.825527 -45.000000
v 21.660887 21.796190 -45.000000
v 21.697346 21.765024 -45.000000
v 21.732075 21.732059 -45.000000
v 21.765041 21.697330 -45.000000
v 21.796207 21.660873 -45.000000
v 21.825546 21.622723 -45.000000
v 21.853025 21.582922 -45.000000
v 21.878616 21.541506 -45.000000
v 21.902294 21.498522 -45.000000
v 21.924034 21.454010 -45.000000
v 21.943813 21.408018 -45.000000
v 21.961615 21.360592 -45.000000
v 21.977417 21.311779 -45.000000
v 21.991203 21.261631 -45.000000
v 22.002964 21.210197 -45.000000
v 22.012684 21.157530 -45.000000
v 22.020353 21.103685 -45.000000
v 22.025965 21.048716 -45.000000
v 22.029512 20.992678 -45.000000
v 22.030994 20.935629 -45.000000
v 22.030407 20.877626 -45.000000
v 22.023029 20.759001 -45.000000
v 22.007412 20.637283 -45.000000
v 21.983618 20.512970 -45.000000
v 21.951742 20.386566 -45.000000
v 21.911919 20.258589 -45.000000
v 21.864307 20.129559 -45.000000
v 21.809101 20.000000 -45.000000
v 21.878481 20.000000 -45.134472
v 21.939617 20.000000 -45.268356
v 21.992241 20.000000 -45.401062
v 22.036121 20.000000 -45.532009
v 22.071066 20.000000 -45.660618
v 22.096922 20.000000 -45.786331
v 22.106405 20.000000 -45.847927
v 22.113575 20.000000 -45.908592
v 22.118427 20.000000 -45.968262
v 22.120955 20.000000 -46.026867
v 22.121153 20.000000 -46.084343
v 22.119024 20.000000 -46.140633
v 22.114571 20.000000 -46.195667
v 22.107796 20.000000 -46.249393
v 22.098707 20.000000 -46.301746
v 22.087317 20.000000 -46.352673
v 22.073633 20.000000 -46.402111
v 22.057676 20.000000 -46.450012
v 22.039461 20.000000 -46.496323
v 22.019007 20.000000 -46.540989
v 21.996336 20.000000 -46.583969
v 21.971476 20.000000 -46.625206
v 21.944452 20.000000 -46.664661
v 21.915295 20.000000 -46.702290
v 21.884035 20.000000 -46.738049
v 21.850706 20.000000 -46.771900
v 21.815348 20.000000 -46.803810
v 21.777998 20.000000 -46.833736
v 21.738695 20.000000 -46.861652
v 21.697485 20.000000 -46.887524
v 21.654411 20.000000 -46.911327
v 21.609524 20.000000 -46.933029
v 21.562868 20.000000 -46.952614
v 21.514498 20.000000 -46.970051
v 21.464466 20.000000 -46.985329
v 21.412827 20.000000 -46.998428
v 21.359638 20.000000 -47.009331
v 21.304955 20.000000 -47.018032
v 21.248842 20.000000 -47.024517
v 21.191357 20.000000 -47.028782
v 21.132565 20.000000 -47.030819
v 21.072531 20.000000 -47.030628
v 20.948997 20.000000 -47.023560
v 20.821299 20.000000 -47.007614
v 20.689997 20.000000 -46.982857
v 20.555666 20.000000 -46.949398
v 20.418898 20.000000 -46.907383
v 20.280291 20.000000 -46.856998
v 20.140453 20.000000 -46.798462
v 20.000000 20.000000 -46.732033
v 20.000000 20.140450 -46.798458
v 20.000000 20.280283 -46.856987
v 20.000000 20.418886 -46.907368
v 20.000000 20.555653 -46.949379
v 20.000000 20.689978 -46.982834
v 20.000000 20.821276 -47.007587
v 20.000000 20.948971 -47.023533
v 20.000000 21.072500 -47.030594
v 20.000000 21.132532 -47.030785
v 20.000000 21.191322 -47.028748
v 20.000000 21.248806 -47.024483
v 20.000000 21.304916 -47.017998
v 20.000000 21.359596 -47.009296
v 20.000000 21.412785 -46.998390
v 20.000000 21.464422 -46.985291
v 20.000000 21.514452 -46.970013
v 20.000000 21.562820 -46.952572
v 20.000000 21.609474 -46.932991
v 20.000000 21.654362 -46.911285
v 20.000000 21.697433 -46.887486
v 20.000000 21.738642 -46.861610
v 20.000000 21.777943 -46.833694
v 20.000000 21.815292 -46.803768
v 20.000000 21.850649 -46.771862
v 20.000000 30.000000 -45.000000
v 22.014446 25.294052 -45.000000
v 22.032471 25.440191 -45.000000
v 22.057644 25.585272 -45.000000
v 22.089907 25.728941 -45.000000
v 22.129179 25.870853 -45.000000
v 22.175367 26.010670 -45.000000
v 22.228361 26.148050 -45.000000
v 22.288033 26.282665 -45.000000
v 22.354237 26.414190 -45.000000
v 22.426815 26.542309 -45.000000
v 22.505590 26.666710 -45.000000
v 22.590378 26.787098 -45.000000
v 22.680969 26.903179 -45.000000
v 22.777147 27.014677 -45.000000
v 22.878679 27.121321 -45.000000
v 22.985323 27.222853 -45.000000
v 23.096821 27.319031 -45.000000
v 23.212902 27.409622 -45.000000
v 23.333290 27.494410 -45.000000
v 23.457691 27.573185 -45.000000
v 23.585810 27.645763 -45.000000
v 23.717335 27.711967 -45.000000
v 23.851950 27.771639 -45.000000
v 23.989330 27.824633 -45.000000
v 24.129147 27.870821 -45.000000
v 24.271059 27.910093 -45.000000
v 24.414728 27.942356 -45.000000
v 24.559809 27.967529 -45.000000
v 24.705948 27.985554 -45.000000
v 24.852797 27.996386 -45.000000
v 25.000000 28.000000 -45.000000
v 30.000000 30.000000 -45.000000
v 25.147203 27.996386 -45.000000
v 25.294052 27.985554 -45.000000
v 25.440191 27.967529 -45.000000
v 25.585272 27.942356 -45.000000
v 25.728941 27.910093 -45.000000
v 25.870853 27.870821 -45.000000
v 26.010670 27.824633 -45.000000
v 26.148050 27.771639 -45.000000
v 26.282665 27.711967 -45.000000
v 26.414190 27.645763 -45.000000
v 26.542309 27.573185 -45.000000
v 26.666710 27.494410 -45.000000
v 26.787098 27.409622 -45.000000
v 26.903179 27.319031 -45.000000
v 27.014677 27.222853 -45.000000
v 27.121321 27.121321 -45.000000
v 27.222853 27.014677 -45.000000
v 27.319031 26.903179 -45.000000
v 27.409622 26.787098 -45.000000
v 27.494410 26.666710 -45.000000
v 27.573185 26.542309 -45.000000
v 27.645763 26.414190 -45.000000
v 27.711967 26.282665 -45.000000
v 27.771639 26.148050 -45.000000
v 27.824633 26.010670 -45.000000
v 27.870821 25.870853 -45.000000
v 27.910093 25.728941 -45.000000
v 27.942356 25.585272 -45.000000
v 27.967529 25.440191 -45.000000
v 27.985554 25.294052 -45.000000
v 27.996386 25.147203 -45.000000
v 28.000000 25.000000 -45.000000
v 30.000000 20.000000 -45.000000
v 27.996386 24.852797 -45.000000
v 27.985554 24.705948 -45.000000
v 27.967529 24.559809 -45.000000
v 27.942356 24.414728 -45.000000
v 27.910093 24.271059 -45.000000
v 27.870821 24.129147 -45.000000
v 27.824633 23.989330 -45.000000
v 27.771639 23.851950 -45.000000
v 27.711967 23.717335 -45.000000
v 27.645763 23.585810 -45.000000
v 27.573185 23.457691 -45.000000
v 27.494410 23.333290 -45.000000
v 27.409622 23.212902 -45.000000
v 27.319031 23.096821 -45.000000
v 27.222853 22.985323 -45.000000
v 27.121321 22.878679 -45.000000
v 27.014677 22.777147 -45.000000
v 26.903179 22.680969 -45.000000
v 26.787098 22.590378 -45.000000
v 26.666710 22.505590 -45.000000
v 26.542309 22.426815 -45.000000
v 26.414190 22.354237 -45.000000
v 26.282665 22.288033 -45.000000
v 26.148050 22.228361 -45.000000
v 26.010670 22.175367 -45.000000
v 25.870853 22.129179 -45.000000
v 25.728941 22.089907 -45.000000
v 25.585272 22.057644 -45.000000
v 25.440191 22.032471 -45.000000
v 25.294052 22.014446 -45.000000
v 25.147203 22.003614 -45.000000
v 25.000000 22.000000 -45.000000
v 24.852797 22.003614 -45.000000
v 24.705948 22.014446 -45.000000
v 24.559809 22.032471 -45.000000
v 24.414728 22.057644 -45.000000
v 24.271059 22.089907 -45.000000
v 24.129147 22.129179 -45.000000
v 23.989330 22.175367 -45.000000
v 22.003614 25.147203 -45.000000
v 22.000000 25.000000 -45.000000
v 22.003614 24.852797 -45.000000
v 22.014446 24.705948 -45.000000
v 22.032471 24.559809 -45.000000
v 22.057644 24.414728 -45.000000
v 22.089907 24.271059 -45.000000
v 22.129179 24.129147 -45.000000
v 22.175367 23.989330 -45.000000
v 22.228361 23.851950 -45.000000
v 22.288033 23.717335 -45.000000
v 22.354237 23.585810 -45.000000
v 22.426815 23.457691 -45.000000
v 22.505590 23.333290 -45.000000
v 22.590378 23.212902 -45.000000
v 22.680969 23.096821 -45.000000
v 22.777147 22.985323 -45.000000
v 22.878679 22.878679 -45.000000
v 22.985323 22.777147 -45.000000
v 23.096821 22.680969 -45.000000
v 23.212902 22.590378 -45.000000
v 23.333290 22.505590 -45.000000
v 23.457691 22.426815 -45.000000
v 23.585810 22.354237 -45.000000
v 23.717335 22.288033 -45.000000
v 23.851950 22.228361 -45.000000
v 25.728941 20.000000 -47.089905
v 25.870853 20.000000 -47.129177
v 26.010670 20.000000 -47.175369
v 26.148050 20.000000 -47.228363
v 26.282665 20.000000 -47.288033
v 26.414190 20.000000 -47.354237
v 26.542309 20.000000 -47.426815
v 26.666710 20.000000 -47.505592
v 26.787098 20.000000 -47.590378
v 26.903179 20.000000 -47.680969
v 27.014677 20.000000 -47.777145
v 27.121321 20.000000 -47.878681
v 27.222853 20.000000 -47.985325
v 27.319031 20.000000 -48.096821
v 27.409622 20.000000 -48.212902
v 27.494410 20.000000 -48.333290
v 27.573185 20.000000 -48.457691
v 27.645763 20.000000 -48.585812
v 27.711967 20.000000 -48.717335
v 27.771639 20.000000 -48.851952
v 27.824633 20.000000 -48.989330
v 27.870821 20.000000 -49.129147
v 27.910093 20.000000 -49.271061
v 27.942356 20.000000 -49.414730
v 27.967529 20.000000 -49.559807
v 27.985554 20.000000 -49.705948
v 27.996386 20.000000 -49.852798
v 28.000000 20.000000 -50.000000
v 30.000000 20.000000 -55.000000
v 27.996386 20.000000 -50.147202
v 27.985554 20.000000 -50.294052
v 27.967529 20.000000 -50.440193
v 27.942356 20.000000 -50.585270
v 27.910093 20.000000 -50.728939
v 27.870821 20.000000 -50.870853
v 27.824633 20.000000 -51.010670
v 27.771639 20.000000 -51.148048
v 27.711967 20.000000 -51.282665
v 27.645763 20.000000 -51.414188
v 27.573185 20.000000 -51.542309
v 27.494410 20.000000 -51.666710
v 27.409622 20.000000 -51.787098
v 27.319031 20.000000 -51.903179
v 27.222853 20.000000 -52.014675
v 27.121321 20.000000 -52.121319
v 27.014677 20.000000 -52.222855
v 26.903179 20.000000 -52.319031
v 26.787098 20.000000 -52.409622
v 26.666710 20.000000 -52.494408
v 26.542309 20.000000 -52.573185
v 26.414190 20.000000 -52.645763
v 26.282665 20.000000 -52.711967
v 26.148050 20.000000 -52.771637
v 26.010670 20.000000 -52.824631
v 25.870853 20.000000 -52.870823
v 25.728941 20.000000 -52.910095
v 25.585272 20.000000 -52.942356
v 25.440191 20.000000 -52.967529
v 25.294052 20.000000 -52.985554
v 25.147203 20.000000 -52.996387
v 25.000000 20.000000 -53.000000
v 20.000000 20.000000 -55.000000
v 24.852797 20.000000 -52.996387
v 24.705948 20.000000 -52.985554
v 24.559809 20.000000 -52.967529
v 24.414728 20.000000 -52.942356
v 24.271059 20.000000 -52.910095
v 24.129147 20.000000 -52.870823
v 23.989330 20.000000 -52.824631
v 23.851950 20.000000 -52.771637
v 23.717335 20.000000 -52.711967
v 23.585810 20.000000 -52.645763
v 23.457691 20.000000 -52.573185
v 23.333290 20.000000 -52.494408
v 23.212902 20.000000 -52.409622
v 23.096821 20.000000 -52.319031
v 22.985323 20.000000 -52.222855
v 22.878679 20.000000 -52.121319
v 22.777147 20.000000 -52.014675
v 22.680969 20.000000 -51.903179
v 22.590378 20.000000 -51.787098
v 22.505590 20.000000 -51.666710
v 22.426815 20.000000 -51.542309
v 22.354237 20.000000 -51.414188
v 22.288033 20.000000 -51.282665
v 22.228361 20.000000 -51.148048
v 22.175367 20.000000 -51.010670
v 22.129179 20.000000 -50.870853
v 22.089907 20.000000 -50.728939
v 22.057644 20.000000 -50.585270
v 22.032471 20.000000 -50.440193
v 22.014446 20.000000 -50.294052
v 22.003614 20.000000 -50.147202
v 22.000000 20.000000 -50.000000
v 22.003614 20.000000 -49.852798
v 22.014446 20.000000 -49.705948
v 22.032471 20.000000 -49.559807
v 22.057644 20.000000 -49.414730
v 22.089907 20.000000 -49.271061
v 22.129179 20.000000 -49.129147
v 22.175367 20.000000 -48.989330
v 25.294052 20.000000 -47.014446
v 25.147203 20.000000 -47.003613
v 25.000000 20.000000 -47.000000
v 24.852797 20.000000 -47.003613
v 24.705948 20.000000 -47.014446
v 24.559809 20.000000 -47.032471
v 24.414728 20.000000 -47.057644
v 24.271059 20.000000 -47.089905
v 24.129147 20.000000 -47.129177
v 23.989330 20.000000 -47.175369
v 23.851950 20.000000 -47.228363
v 25.440191 20.000000 -47.032471
v 23.717335 20.000000 -47.288033
v 23.585810 20.000000 -47.354237
v 23.457691 20.000000 -47.426815
v 23.333290 20.000000 -47.505592
v 23.212902 20.000000 -47.590378
v 23.096821 20.000000 -47.680969
v 22.985323 20.000000 -47.777145
v 22.878679 20.000000 -47.878681
v 22.777147 20.000000 -47.985325
v 22.680969 20.000000 -48.096821
v 22.590378 20.000000 -48.212902
v 22.505590 20.000000 -48.333290
v 22.426815 20.000000 -48.457691
v 22.354237 20.000000 -48.585812
v 22.288033 20.000000 -48.717335
v 22.228361 20.000000 -48.851952
v 25.585272 20.000000 -47.057644
v 20.000000 22.175367 -48.989330
v 20.000000 22.228361 -48.851952
v 20.000000 22.288033 -48.717335
v 20.000000 22.354237 -48.585812
v 20.000000 22.426815 -48.457691
v 20.000000 22.505590 -48.333290
v 20.000000 22.590378 -48.212902
v 20.000000 22.680969 -48.096821
v 20.000000 22.777147 -47.985325
v 20.000000 22.878679 -47.878681
v 20.000000 22.985323 -47.777145
v 20.000000 23.096821 -47.680969
v 20.000000 23.212902 -47.590378
v 20.000000 23.333290 -47.505592
v 20.000000 23.457691 -47.426815
v 20.000000 23.585810 -47.354237
v 20.000000 23.717335 -47.288033
v 20.000000 23.851950 -47.228363
v 20.000000 23.989330 -47.175369
v 20.000000 24.129147 -47.129177
v 20.000000 24.271059 -47.089905
v 20.000000 24.414728 -47.057644
v 20.000000 24.559809 -47.032471
v 20.000000 22.129179 -49.129147
v 20.000000 24.705948 -47.014446
v 20.000000 24.852797 -47.003613
v 20.000000 25.000000 -47.000000
v 20.000000 25.147203 -47.003613
v 20.000000 25.294052 -47.014446
v 20.000000 25.440191 -47.032471
v 20.000000 25.585272 -47.057644
v 20.000000 25.728941 -47.089905
v 20.000000 25.870853 -47.129177
v 20.000000 26.010670 -47.175369
v 20.000000 26.148050 -47.228363
v 20.000000 26.282665 -47.288033
v 20.000000 26.414190 -47.354237
v 20.000000 26.542309 -47.426815
v 20.000000 26.666710 -47.505592
v 20.000000 26.787098 -47.590378
v 20.000000 26.903179 -47.680969
v 20.000000 27.014677 -47.777145
v 20.000000 27.121321 -47.878681
v 20.000000 27.222853 -47.985325
v 20.000000 27.319031 -48.096821
v 20.000000 27.409622 -48.212902
v 20.000000 27.494410 -48.333290
v 20.000000 27.573185 -48.457691
v 20.000000 27.645763 -48.585812
v 20.000000 27.711967 -48.717335
v 20.000000 27.771639 -48.851952
v 20.000000 27.824633 -48.989330
v 20.000000 27.870821 -49.129147
v 20.000000 27.910093 -49.271061
v 20.000000 27.942356 -49.414730
v 20.000000 27.967529 -49.559807
v 20.000000 27.985554 -49.705948
v 20.000000 27.996386 -49.852798
v 20.000000 28.000000 -50.000000
v 20.000000 30.000000 -55.000000
v 20.000000 27.996386 -50.147202
v 20.000000 27.985554 -50.294052
v 20.000000 27.967529 -50.440193
v 20.000000 27.942356 -50.585270
v 20.000000 27.910093 -50.728939
v 20.000000 27.870821 -50.870853
v 20.000000 27.824633 -51.010670
v 20.000000 27.771639 -51.148048
v 20.000000 27.711967 -51.282665
v 20.000000 27.645763 -51.414188
v 20.000000 27.573185 -51.542309
v 20.000000 27.494410 -51.666710
v 20.000000 27.409622 -51.787098
v 20.000000 27.319031 -51.903179
v 20.000000 27.222853 -52.014675
v 20.000000 27.121321 -52.121319
v 20.000000 27.014677 -52.222855
v 20.000000 26.903179 -52.319031
v 20.000000 26.787098 -52.409622
v 20.000000 26.666710 -52.494408
v 20.000000 26.542309 -52.573185
v 20.000000 26.414190 -52.645763
v 20.000000 26.282665 -52.711967
v 20.000000 26.148050 -52.771637
v 20.000000 26.010670 -52.824631
v 20.000000 25.870853 -52.870823
v 20.000000 25.728941 -52.910095
v 20.000000 25.585272 -52.942356
v 20.000000 25.440191 -52.967529
v 20.000000 25.294052 -52.985554
v 20.000000 25.147203 -52.996387
v 20.000000 25.000000 -53.000000
v 20.000000 24.852797 -52.996387
v 20.000000 24.705948 -52.985554
v 20.000000 22.000000 -50.000000
v 20.000000 22.003614 -50.147202
v 20.000000 22.003614 -49.852798
v 20.000000 22.014446 -49.705948
v 20.000000 22.089907 -49.271061
v 20.000000 22.057644 -49.414730
v 20.000000 22.032471 -49.559807
v 20.000000 22.014446 -50.294052
v 20.000000 22.032471 -50.440193
v 20.000000 22.057644 -50.585270
v 20.000000 22.089907 -50.728939
v 20.000000 22.129179 -50.870853
v 20.000000 22.175367 -51.010670
v 20.000000 22.228361 -51.148048
v 20.000000 22.288033 -51.282665
v 20.000000 22.354237 -51.414188
v 20.000000 22.426815 -51.542309
v 20.000000 22.505590 -51.666710
v 20.000000 22.590378 -51.787098
v 20.000000 22.680969 -51.903179
v 20.000000 22.777147 -52.014675
v 20.000000 22.878679 -52.121319
v 20.000000 22.985323 -52.222855
v 20.000000 23.096821 -52.319031
v 20.000000 23.212902 -52.409622
v 20.000000 23.333290 -52.494408
v 20.000000 23.457691 -52.573185
v 20.000000 23.585810 -52.645763
v 20.000000 23.717335 -52.711967
v 20.000000 23.851950 -52.771637
v 20.000000 23.989330 -52.824631
v 20.000000 24.129147 -52.870823
v 20.000000 24.271059 -52.910095
v 20.000000 24.414728 -52.942356
v 20.000000 24.559809 -52.967529
v 30.000000 30.000000 -55.000000
v 21.622736 -21.825527 -45.000000
v 21.660887 -21.796190 -45.000000
v 21.582933 -21.853006 -45.000000
v 21.541517 -21.878595 -45.000000
v 21.498531 -21.902273 -45.000000
v 21.454020 -21.924011 -45.000000
v 21.408028 -21.943790 -45.000000
v 21.360600 -21.961590 -45.000000
v 21.311787 -21.977390 -45.000000
v 21.261637 -21.991179 -45.000000
v 21.210203 -22.002937 -45.000000
v 21.157536 -22.012655 -45.000000
v 21.103691 -22.020325 -45.000000
v 21.048719 -22.025934 -45.000000
v 20.992682 -22.029482 -45.000000
v 20.935633 -22.030962 -45.000000
v 20.877630 -22.030373 -45.000000
v 20.759003 -22.022993 -45.000000
v 20.637285 -22.007374 -45.000000
v 20.512970 -21.983578 -45.000000
v 20.386568 -21.951700 -45.000000
v 20.258589 -21.911875 -45.000000
v 20.129559 -21.864262 -45.000000
v 20.000000 -21.809053 -45.000000
v 20.000000 -21.878429 -45.134472
v 20.000000 -21.939562 -45.268353
v 20.000000 -21.992184 -45.401054
v 20.000000 -22.036062 -45.531998
v 20.000000 -22.071005 -45.660603
v 20.000000 -22.096859 -45.786312
v 20.000000 -22.106340 -45.847908
v 20.000000 -22.113512 -45.908569
v 20.000000 -22.118362 -45.968235
v 20.000000 -22.120890 -46.026840
v 20.000000 -22.121088 -46.084316
v 20.000000 -22.118959 -46.140606
v 20.000000 -22.114504 -46.195641
v 20.000000 -22.107729 -46.249363
v 20.000000 -22.098642 -46.301716
v 20.000000 -22.087250 -46.352638
v 20.000000 -22.073568 -46.402077
v 20.000000 -22.057611 -46.449978
v 20.000000 -22.039396 -46.496288
v 20.000000 -22.018944 -46.540955
v 20.000000 -21.996275 -46.583931
v 20.000000 -21.971415 -46.625168
v 20.000000 -21.944391 -46.664623
v 20.000000 -21.915234 -46.702248
v 20.000000 -21.883976 -46.738010
v 20.000000 -21.850649 -46.771862
v 20.000000 -21.815292 -46.803768
v 20.000000 -21.777943 -46.833694
v 20.000000 -21.738642 -46.861610
v 20.000000 -21.697433 -46.887486
v 20.000000 -21.654362 -46.911285
v 20.000000 -21.609474 -46.932991
v 20.000000 -21.562820 -46.952572
v 20.000000 -21.514452 -46.970013
v 20.000000 -21.464422 -46.985291
v 20.000000 -21.412785 -46.998390
v 20.000000 -21.359596 -47.009296
v 20.000000 -21.304916 -47.017998
v 20.000000 -21.248806 -47.024483
v 20.000000 -21.191322 -47.028748
v 20.000000 -21.132532 -47.030785
v 20.000000 -21.072500 -47.030594
v 20.000000 -20.948971 -47.023533
v 20.000000 -20.821276 -47.007587
v 20.000000 -20.689978 -46.982834
v 20.000000 -20.555653 -46.949379
v 20.000000 -20.418886 -46.907368
v 20.000000 -20.280283 -46.856987
v 20.000000 -20.140450 -46.798458
v 20.000000 -20.000000 -46.732033
v 20.140453 -20.000000 -46.798462
v 20.280291 -20.000000 -46.856998
v 20.418898 -20.000000 -46.907383
v 20.555666 -20.000000 -46.949398
v 20.689997 -20.000000 -46.982857
v 20.821299 -20.000000 -47.007614
v 20.948997 -20.000000 -47.023560
v 21.072531 -20.000000 -47.030628
v 21.132565 -20.000000 -47.030819
v 21.191357 -20.000000 -47.028782
v 21.248842 -20.000000 -47.024517
v 21.304955 -20.000000 -47.018032
v 21.359638 -20.000000 -47.009331
v 21.412827 -20.000000 -46.998428
v 21.464466 -20.000000 -46.985329
v 21.514498 -20.000000 -46.970051
v 21.562868 -20.000000 -46.952614
v 21.609524 -20.000000 -46.933029
v 21.654411 -20.000000 -46.911327
v 21.697485 -20.000000 -46.887524
v 21.738695 -20.000000 -46.861652
v 21.777998 -20.000000 -46.833736
v 21.815348 -20.000000 -46.803810
v 21.850706 -20.000000 -46.771900
v 21.884035 -20.000000 -46.738049
v 21.915295 -20.000000 -46.702290
v 21.944452 -20.000000 -46.664661
v 21.971476 -20.000000 -46.625206
v 21.996336 -20.000000 -46.583969
v 22.019007 -20.000000 -46.540989
v 22.039461 -20.000000 -46.496323
v 22.057676 -20.000000 -46.450012
v 22.073633 -20.000000 -46.402111
v 22.087317 -20.000000 -46.352673
v 22.098707 -20.000000 -46.301746
v 22.107796 -20.000000 -46.249393
v 22.114571 -20.000000 -46.195667
v 22.119024 -20.000000 -46.140633
v 22.121153 -20.000000 -46.084343
v 22.120955 -20.000000 -46.026867
v 22.118427 -20.000000 -45.968262
v 22.113575 -20.000000 -45.908592
v 22.106405 -20.000000 -45.847927
v 22.096922 -20.000000 -45.786331
v 22.071066 -20.000000 -45.660618
v 22.036121 -20.000000 -45.532009
v 21.992241 -20.000000 -45.401062
v 21.939617 -20.000000 -45.268356
v 21.878481 -20.000000 -45.134472
v 21.809101 -20.000000 -45.000000
v 21.864307 -20.129559 -45.000000
v 21.911919 -20.258589 -45.000000
v 21.951742 -20.386566 -45.000000
v 21.983618 -20.512970 -45.000000
v 22.007412 -20.637283 -45.000000
v 22.023029 -20.759001 -45.000000
v 22.030407 -20.877626 -45.000000
v 22.030994 -20.935629 -45.000000
v 22.029512 -20.992678 -45.000000
v 22.025965 -21.048716 -45.000000
v 22.020353 -21.103685 -45.000000
v 22.012684 -21.157530 -45.000000
v 22.002964 -21.210197 -45.000000
v 21.991203 -21.261631 -45.000000
v 21.977417 -21.311779 -45.000000
v 21.961615 -21.360592 -45.000000
v 21.943813 -21.408018 -45.000000
v 21.924034 -21.454010 -45.000000
v 21.902294 -21.498522 -45.000000
v 21.878616 -21.541506 -45.000000
v 21.853025 -21.582922 -45.000000
v 21.825546 -21.622723 -45.000000
v 21.796207 -21.660873 -45.000000
v 21.765041 -21.697330 -45.000000
v 21.732075 -21.732059 -45.000000
v 21.697346 -21.765024 -45.000000
v 23.989330 -22.175367 -45.000000
v 23.851950 -22.228361 -45.000000
v 23.717335 -22.288033 -45.000000
v 23.585810 -22.354237 -45.000000
v 23.457691 -22.426815 -45.000000
v 23.333290 -22.505590 -45.000000
v 23.212902 -22.590378 -45.000000
v 23.096821 -22.680969 -45.000000
v 22.985323 -22.777147 -45.000000
v 22.878679 -22.878679 -45.000000
v 22.777147 -22.985323 -45.000000
v 22.680969 -23.096821 -45.000000
v 22.590378 -23.212902 -45.000000
v 22.505590 -23.333290 -45.000000
v 22.426815 -23.457691 -45.000000
v 24.129147 -22.129179 -45.000000
v 22.129179 -24.129147 -45.000000
v 22.089907 -24.271059 -45.000000
v 22.057644 -24.414728 -45.000000
v 22.032471 -24.559809 -45.000000
v 22.014446 -24.705948 -45.000000
v 22.003614 -24.852797 -45.000000
v 22.000000 -25.000000 -45.000000
v 22.003614 -25.147203 -45.000000
v 22.014446 -25.294052 -45.000000
v 20.000000 -30.000000 -45.000000
v 22.032471 -25.440191 -45.000000
v 22.057644 -25.585272 -45.000000
v 25.294052 -27.985554 -45.000000
v 25.147203 -27.996386 -45.000000
v 30.000000 -30.000000 -45.000000
v 25.440191 -27.967529 -45.000000
v 25.585272 -27.942356 -45.000000
v 27.985554 -24.705948 -45.000000
v 27.996386 -24.852797 -45.000000
v 30.000000 -20.000000 -45.000000
v 27.967529 -24.559809 -45.000000
v 27.942356 -24.414728 -45.000000
v 25.000000 -22.000000 -45.000000
v 25.147203 -22.003614 -45.000000
v 24.852797 -22.003614 -45.000000
v 24.705948 -22.014446 -45.000000
v 22.175367 -23.989330 -45.000000
v 22.228361 -23.851950 -45.000000
v 22.288033 -23.717335 -45.000000
v 22.354237 -23.585810 -45.000000
v 24.271059 -22.089907 -45.000000
v 24.414728 -22.057644 -45.000000
v 24.559809 -22.032471 -45.000000
v 25.294052 -22.014446 -45.000000
v 25.440191 -22.032471 -45.000000
v 25.585272 -22.057644 -45.000000
v 25.728941 -22.089907 -45.000000
v 25.870853 -22.129179 -45.000000
v 26.010670 -22.175367 -45.000000
v 26.148050 -22.228361 -45.000000
v 26.282665 -22.288033 -45.000000
v 26.414190 -22.354237 -45.000000
v 26.542309 -22.426815 -45.000000
v 26.666710 -22.505590 -45.000000
v 26.787098 -22.590378 -45.000000
v 26.903179 -22.680969 -45.000000
v 27.014677 -22.777147 -45.000000
v 27.121321 -22.878679 -45.000000
v 27.222853 -22.985323 -45.000000
v 27.319031 -23.096821 -45.000000
v 27.409622 -23.212902 -45.000000
v 27.494410 -23.333290 -45.000000
v 27.573185 -23.457691 -45.000000
v 27.645763 -23.585810 -45.000000
v 27.711967 -23.717335 -45.000000
v 27.771639 -23.851950 -45.000000
v 27.824633 -23.989330 -45.000000
v 27.870821 -24.129147 -45.000000
v 27.910093 -24.271059 -45.000000
v 28.000000 -25.000000 -45.000000
v 27.996386 -25.147203 -45.000000
v 27.985554 -25.294052 -45.000000
v 27.967529 -25.440191 -45.000000
v 27.942356 -25.585272 -45.000000
v 27.910093 -25.728941 -45.000000
v 27.870821 -25.870853 -45.000000
v 27.824633 -26.010670 -45.000000
v 27.771639 -26.148050 -45.000000
v 27.711967 -26.282665 -45.000000
v 27.645763 -26.414190 -45.000000
v 27.573185 -26.542309 -45.000000
v 27.494410 -26.666710 -45.000000
v 27.409622 -26.787098 -45.000000
v 27.319031 -26.903179 -45.000000
v 27.222853 -27.014677 -45.000000
v 27.121321 -27.121321 -45.000000
v 27.014677 -27.222853 -45.000000
v 26.903179 -27.319031 -45.000000
v 26.787098 -27.409622 -45.000000
v 26.666710 -27.494410 -45.000000
v 26.542309 -27.573185 -45.000000
v 26.414190 -27.645763 -45.000000
v 26.282665 -27.711967 -45.000000
v 26.148050 -27.771639 -45.000000
v 26.010670 -27.824633 -45.000000
v 25.870853 -27.870821 -45.000000
v 25.728941 -27.910093 -45.000000
v 25.000000 -28.000000 -45.000000
v 24.852797 -27.996386 -45.000000
v 24.705948 -27.985554 -45.000000
v 24.559809 -27.967529 -45.000000
v 24.414728 -27.942356 -45.000000
v 24.271059 -27.910093 -45.000000
v 24.129147 -27.870821 -45.000000
v 23.989330 -27.824633 -45.000000
v 23.851950 -27.771639 -45.000000
v 23.717335 -27.711967 -45.000000
v 23.585810 -27.645763 -45.000000
v 23.457691 -27.573185 -45.000000
v 23.333290 -27.494410 -45.000000
v 23.212902 -27.409622 -45.000000
v 23.096821 -27.319031 -45.000000
v 22.985323 -27.222853 -45.000000
v 22.878679 -27.121321 -45.000000
v 22.777147 -27.014677 -45.000000
v 22.680969 -26.903179 -45.000000
v 22.590378 -26.787098 -45.000000
v 22.505590 -26.666710 -45.000000
v 22.426815 -26.542309 -45.000000
v 22.354237 -26.414190 -45.000000
v 22.288033 -26.282665 -45.000000
v 22.228361 -26.148050 -45.000000
v 22.175367 -26.010670 -45.000000
v 22.129179 -25.870853 -45.000000
v 22.089907 -25.728941 -45.000000
v 22.003614 -20.000000 -50.147202
v 22.014446 -20.000000 -50.294052
v 22.032471 -20.000000 -50.440193
v 22.057644 -20.000000 -50.585270
v 22.089907 -20.000000 -50.728939
v 22.129179 -20.000000 -50.870853
v 22.175367 -20.000000 -51.010670
v 22.228361 -20.000000 -51.148048
v 22.288033 -20.000000 -51.282665
v 22.354237 -20.000000 -51.414188
v 22.426815 -20.000000 -51.542309
v 22.505590 -20.000000 -51.666710
v 22.590378 -20.000000 -51.787098
v 22.680969 -20.000000 -51.903179
v 22.777147 -20.000000 -52.014675
v 22.878679 -20.000000 -52.121319
v 22.985323 -20.000000 -52.222855
v 23.096821 -20.000000 -52.319031
v 23.212902 -20.000000 -52.409622
v 23.333290 -20.000000 -52.494408
v 23.457691 -20.000000 -52.573185
v 23.585810 -20.000000 -52.645763
v 23.717335 -20.000000 -52.711967
v 23.851950 -20.000000 -52.771637
v 23.989330 -20.000000 -52.824631
v 24.129147 -20.000000 -52.870823
v 24.271059 -20.000000 -52.910095
v 24.414728 -20.000000 -52.942356
v 24.559809 -20.000000 -52.967529
v 24.705948 -20.000000 -52.985554
v 24.852797 -20.000000 -52.996387
v 25.000000 -20.000000 -53.000000
v 25.147203 -20.000000 -52.996387
v 25.294052 -20.000000 -52.985554
v 25.440191 -20.000000 -52.967529
v 25.585272 -20.000000 -52.942356
v 25.728941 -20.000000 -52.910095
v 25.870853 -20.000000 -52.870823
v 26.010670 -20.000000 -52.824631
v 26.148050 -20.000000 -52.771637
v 26.282665 -20.000000 -52.711967
v 26.414190 -20.000000 -52.645763
v 26.542309 -20.000000 -52.573185
v 26.666710 -20.000000 -52.494408
v 26.787098 -20.000000 -52.409622
v 26.903179 -20.000000 -52.319031
v 27.014677 -20.000000 -52.222855
v 27.121321 -20.000000 -52.121319
v 27.222853 -20.000000 -52.014675
v 27.319031 -20.000000 -51.903179
v 27.409622 -20.000000 -51.787098
v 27.494410 -20.000000 -51.666710
v 27.573185 -20.000000 -51.542309
v 27.645763 -20.000000 -51.414188
v 27.711967 -20.000000 -51.282665
v 27.771639 -20.000000 -51.148048
v 27.824633 -20.000000 -51.010670
v 27.870821 -20.000000 -50.870853
v 27.910093 -20.000000 -50.728939
v 27.942356 -20.000000 -50.585270
v 27.967529 -20.000000 -50.440193
v 27.985554 -20.000000 -50.294052
v 27.996386 -20.000000 -50.147202
v 28.000000 -20.000000 -50.000000
v 27.996386 -20.000000 -49.852798
v 27.985554 -20.000000 -49.705948
v 27.967529 -20.000000 -49.559807
v 27.942356 -20.000000 -49.414730
v 27.910093 -20.000000 -49.271061
v 27.870821 -20.000000 -49.129147
v 27.824633 -20.000000 -48.989330
v 27.771639 -20.000000 -48.851952
v 27.711967 -20.000000 -48.717335
v 27.645763 -20.000000 -48.585812
v 27.573185 -20.000000 -48.457691
v 27.494410 -20.000000 -48.333290
v 27.409622 -20.000000 -48.212902
v 27.319031 -20.000000 -48.096821
v 27.222853 -20.000000 -47.985325
v 27.121321 -20.000000 -47.878681
v 27.014677 -20.000000 -47.777145
v 26.903179 -20.000000 -47.680969
v 26.787098 -20.000000 -47.590378
v 26.666710 -20.000000 -47.505592
v 26.542309 -20.000000 -47.426815
v 26.414190 -20.000000 -47.354237
v 26.282665 -20.000000 -47.288033
v 26.148050 -20.000000 -47.228363
v 26.010670 -20.000000 -47.175369
v 25.870853 -20.000000 -47.129177
v 25.728941 -20.000000 -47.089905
v 25.585272 -20.000000 -47.057644
v 25.440191 -20.000000 -47.032471
v 25.294052 -20.000000 -47.014446
v 25.147203 -20.000000 -47.003613
v 25.000000 -20.000000 -47.000000
v 24.852797 -20.000000 -47.003613
v 24.705948 -20.000000 -47.014446
v 24.559809 -20.000000 -47.032471
v 24.414728 -20.000000 -47.057644
v 24.271059 -20.000000 -47.089905
v 24.129147 -20.000000 -47.129177
v 23.989330 -20.000000 -47.175369
v 23.851950 -20.000000 -47.228363
v 23.717335 -20.000000 -47.288033
v 23.585810 -20.000000 -47.354237
v 23.457691 -20.000000 -47.426815
v 23.333290 -20.000000 -47.505592
v 23.212902 -20.000000 -47.590378
v 23.096821 -20.000000 -47.680969
v 22.985323 -20.000000 -47.777145
v 22.878679 -20.000000 -47.878681
v 22.777147 -20.000000 -47.985325
v 22.680969 -20.000000 -48.096821
v 22.590378 -20.000000 -48.212902
v 22.505590 -20.000000 -48.333290
v 22.426815 -20.000000 -48.457691
v 22.354237 -20.000000 -48.585812
v 22.288033 -20.000000 -48.717335
v 22.228361 -20.000000 -48.851952
v 22.175367 -20.000000 -48.989330
v 22.129179 -20.000000 -49.129147
v 22.089907 -20.000000 -49.271061
v 22.057644 -20.000000 -49.414730
v 22.032471 -20.000000 -49.559807
v 22.014446 -20.000000 -49.705948
v 22.003614 -20.000000 -49.852798
v 22.000000 -20.000000 -50.000000
v 30.000000 -30.000000 -55.000000
v 20.000000 -30.000000 -55.000000
v 20.000000 -25.728941 -47.089905
v 20.000000 -25.870853 -47.129177
v 20.000000 -26.010670 -47.175369
v 20.000000 -26.148050 -47.228363
v 20.000000 -26.282665 -47.288033
v 20.000000 -26.414190 -47.354237
v 20.000000 -26.542309 -47.426815
v 20.000000 -26.666710 -47.505592
v 20.000000 -26.787098 -47.590378
v 20.000000 -26.903179 -47.680969
v 20.000000 -27.014677 -47.777145
v 20.000000 -27.121321 -47.878681
v 20.000000 -27.222853 -47.985325
v 20.000000 -27.319031 -48.096821
v 20.000000 -27.409622 -48.212902
v 20.000000 -27.494410 -48.333290
v 20.000000 -27.573185 -48.457691
v 20.000000 -27.645763 -48.585812
v 20.000000 -27.711967 -48.717335
v 20.000000 -27.771639 -48.851952
v 20.000000 -27.824633 -48.989330
v 20.000000 -27.870821 -49.129147
v 20.000000 -27.910093 -49.271061
v 20.000000 -27.942356 -49.414730
v 20.000000 -27.967529 -49.559807
v 20.000000 -27.985554 -49.705948
v 20.000000 -27.996386 -49.852798
v 20.000000 -28.000000 -50.000000
v 20.000000 -27.996386 -50.147202
v 20.000000 -27.985554 -50.294052
v 20.000000 -27.967529 -50.440193
v 20.000000 -27.942356 -50.585270
v 20.000000 -27.910093 -50.728939
v 20.000000 -27.870821 -50.870853
v 20.000000 -27.824633 -51.010670
v 20.000000 -27.771639 -51.148048
v 20.000000 -27.711967 -51.282665
v 20.000000 -27.645763 -51.414188
v 20.000000 -27.573185 -51.542309
v 20.000000 -27.494410 -51.666710
v 20.000000 -27.409622 -51.787098
v 20.000000 -27.319031 -51.903179
v 20.000000 -27.222853 -52.014675
v 20.000000 -27.121321 -52.121319
v 20.000000 -27.014677 -52.222855
v 20.000000 -26.903179 -52.319031
v 20.000000 -26.787098 -52.409622
v 20.000000 -26.666710 -52.494408
v 20.000000 -26.542309 -52.573185
v 20.000000 -26.414190 -52.645763
v 20.000000 -26.282665 -52.711967
v 20.000000 -26.148050 -52.771637
v 20.000000 -26.010670 -52.824631
v 20.000000 -25.870853 -52.870823
v 20.000000 -25.728941 -52.910095
v 20.000000 -25.585272 -52.942356
v 20.000000 -25.440191 -52.967529
v 20.000000 -25.294052 -52.985554
v 20.000000 -25.147203 -52.996387
v 20.000000 -25.000000 -53.000000
v 20.000000 -20.000000 -55.000000
v 20.000000 -24.852797 -52.996387
v 20.000000 -24.705948 -52.985554
v 20.000000 -24.559809 -52.967529
v 20.000000 -24.414728 -52.942356
v 20.000000 -24.271059 -52.910095
v 20.000000 -24.129147 -52.870823
v 20.000000 -23.989330 -52.824631
v 20.000000 -23.851950 -52.771637
v 20.000000 -23.717335 -52.711967
v 20.000000 -23.585810 -52.645763
v 20.000000 -23.457691 -52.573185
v 20.000000 -23.333290 -52.494408
v 20.000000 -23.212902 -52.409622
v 20.000000 -23.096821 -52.319031
v 20.000000 -22.985323 -52.222855
v 20.000000 -22.878679 -52.121319
v 20.000000 -22.777147 -52.014675
v 20.000000 -22.680969 -51.903179
v 20.000000 -22.590378 -51.787098
v 20.000000 -22.505590 -51.666710
v 20.000000 -22.426815 -51.542309
v 20.000000 -22.354237 -51.414188
v 20.000000 -22.288033 -51.282665
v 20.000000 -22.228361 -51.148048
v 20.000000 -22.175367 -51.010670
v 20.000000 -22.129179 -50.870853
v 20.000000 -22.089907 -50.728939
v 20.000000 -22.057644 -50.585270
v 20.000000 -22.032471 -50.440193
v 20.000000 -22.014446 -50.294052
v 20.000000 -22.003614 -50.147202
v 20.000000 -22.000000 -50.000000
v 20.000000 -22.003614 -49.852798
v 20.000000 -22.014446 -49.705948
v 20.000000 -22.032471 -49.559807
v 20.000000 -22.057644 -49.414730
v 20.000000 -22.089907 -49.271061
v 20.000000 -22.129179 -49.129147
v 20.000000 -22.175367 -48.989330
v 20.000000 -25.294052 -47.014446
v 20.000000 -25.147203 -47.003613
v 20.000000 -25.000000 -47.000000
v 20.000000 -24.852797 -47.003613
v 20.000000 -24.705948 -47.014446
v 20.000000 -24.559809 -47.032471
v 20.000000 -24.414728 -47.057644
v 20.000000 -24.271059 -47.089905
v 20.000000 -24.129147 -47.129177
v 20.000000 -23.989330 -47.175369
v 20.000000 -23.851950 -47.228363
v 20.000000 -25.440191 -47.032471
v 20.000000 -23.717335 -47.288033
v 20.000000 -23.585810 -47.354237
v 20.000000 -23.457691 -47.426815
v 20.000000 -23.333290 -47.505592
v 20.000000 -23.212902 -47.590378
v 20.000000 -23.096821 -47.680969
v 20.000000 -22.985323 -47.777145
v 20.000000 -22.878679 -47.878681
v 20.000000 -22.777147 -47.985325
v 20.000000 -22.680969 -48.096821
v 20.000000 -22.590378 -48.212902
v 20.000000 -22.505590 -48.333290
v 20.000000 -22.426815 -48.457691
v 20.000000 -22.354237 -48.585812
v 20.000000 -22.288033 -48.717335
v 20.000000 -22.228361 -48.851952
v 20.000000 -25.585272 -47.057644
v 30.000000 -20.000000 -55.000000
v -21.622736 21.825527 -45.000000
v -21.660887 21.796190 -45.000000
v -21.582933 21.853006 -45.000000
v -21.541517 21.878595 -45.000000
v -21.498531 21.902273 -45.000000
v -21.454020 21.924011 -45.000000
v -21.408028 21.943790 -45.000000
v -21.360600 21.961590 -45.000000
v -21.311787 21.977390 -45.000000
v -21.261637 21.991179 -45.000000
v -21.210203 22.002937 -45.000000
v -21.157536 22.012655 -45.000000
v -21.103691 22.020325 -45.000000
v -21.048719 22.025934 -45.000000
v -20.992682 22.029482 -45.000000
v -20.935633 22.030962 -45.000000
v -20.877630 22.030373 -45.000000
v -20.759003 22.022993 -45.000000
v -20.637285 22.007374 -45.000000
v -20.512970 21.983578 -45.000000
v -20.386568 21.951700 -45.000000
v -20.258589 21.911875 -45.000000
v -20.129559 21.864262 -45.000000
v -20.000000 21.809053 -45.000000
v -20.000000 21.878429 -45.134472
v -20.000000 21.939562 -45.268353
v -20.000000 21.992184 -45.401054
v -20.000000 22.036062 -45.531998
v -20.000000 22.071005 -45.660603
v -20.000000 22.096859 -45.786312
v -20.000000 22.106340 -45.847908
v -20.000000 22.113512 -45.908569
v -20.000000 22.118362 -45.968235
v -20.000000 22.120890 -46.026840
v -20.000000 22.121088 -46.084316
v -20.000000 22.118959 -46.140606
v -20.000000 22.114504 -46.195641
v -20.000000 22.107729 -46.249363
v -20.000000 22.098642 -46.301716
v -20.000000 22.087250 -46.352638
v -20.000000 22.073568 -46.402077
v -20.000000 22.057611 -46.449978
v -20.000000 22.039396 -46.496288
v -20.000000 22.018944 -46.540955
v -20.000000 21.996275 -46.583931
v -20.000000 21.971415 -46.625168
v -20.000000 21.944391 -46.664623
v -20.000000 21.915234 -46.702248
v -20.000000 21.883976 -46.738010
v -20.000000 21.850649 -46.771862
v -20.000000 21.815292 -46.803768
v -20.000000 21.777943 -46.833694
v -20.000000 21.738642 -46.861610
v -20.000000 21.697433 -46.887486
v -20.000000 21.654362 -46.911285
v -20.000000 21.609474 -46.932991
v -20.000000 21.562820 -46.952572
v -20.000000 21.514452 -46.970013
v -20.000000 21.464422 -46.985291
v -20.000000 21.412785 -46.998390
v -20.000000 21.359596 -47.009296
v -20.000000 21.304916 -47.017998
v -20.000000 21.248806 -47.024483
v -20.000000 21.191322 -47.028748
v -20.000000 21.132532 -47.030785
v -20.000000 21.072500 -47.030594
v -20.000000 20.948971 -47.023533
v -20.000000 20.821276 -47.007587
v -20.000000 20.689978 -46.982834
v -20.000000 20.555653 -46.949379
v -20.000000 20.418886 -46.907368
v -20.000000 20.280283 -46.856987
v -20.000000 20.140450 -46.798458
v -20.000000 20.000000 -46.732033
v -20.140453 20.000000 -46.798462
v -20.280291 20.000000 -46.856998
v -20.418898 20.000000 -46.907383
v -20.555666 20.000000 -46.949398
v -20.689997 20.000000 -46.982857
v -20.821299 20.000000 -47.007614
v -20.948997 20.000000 -47.023560
v -21.072531 20.000000 -47.030628
v -21.132565 20.000000 -47.030819
v -21.191357 20.000000 -47.028782
v -21.248842 20.000000 -47.024517
v -21.304955 20.000000 -47.018032
v -21.359638 20.000000 -47.009331
v -21.412827 20.000000 -46.998428
v -21.464466 20.000000 -46.985329
v -21.514498 20.000000 -46.970051
v -21.562868 20.000000 -46.952614
v -21.609524 20.000000 -46.933029
v -21.654411 20.000000 -46.911327
v -21.697485 20.000000 -46.887524
v -21.738695 20.000000 -46.861652
v -21.777998 20.000000 -46.833736
v -21.815348 20.000000 -46.803810
v -21.850706 20.000000 -46.771900
v -21.884035 20.000000 -46.738049
v -21.915295 20.000000 -46.702290
v -21.944452 20.000000 -46.664661
v -21.971476 20.000000 -46.625206
v -21.996336 20.000000 -46.583969
v -22.019007 20.000000 -46.540989
v -22.039461 20.000000 -46.496323
v -22.057676 20.000000 -46.450012
v -22.073633 20.000000 -46.402111
v -22.087317 20.000000 -46.352673
v -22.098707 20.000000 -46.301746
v -22.107796 20.000000 -46.249393
v -22.114571 20.000000 -46.195667
v -22.119024 20.000000 -46.140633
v -22.121153 20.000000 -46.084343
v -22.120955 20.000000 -46.026867
v -22.118427 20.000000 -45.968262
v -22.113575 20.000000 -45.908592
v -22.106405 20.000000 -45.847927
v -22.096922 20.000000 -45.786331
v -22.071066 20.000000 -45.660618
v -22.036121 20.000000 -45.532009
v -21.992241 20.000000 -45.401062
v -21.939617 20.000000 -45.268356
v -21.878481 20.000000 -45.134472
v -21.809101 20.000000 -45.000000
v -21.864307 20.129559 -45.000000
v -21.911919 20.258589 -45.000000
v -21.951742 20.386566 -45.000000
v -21.983618 20.512970 -45.000000
v -22.007412 20.637283 -45.000000
v -22.023029 20.759001 -45.000000
v -22.030407 20.877626 -45.000000
v -22.030994 20.935629 -45.000000
v -22.029512 20.992678 -45.000000
v -22.025965 21.048716 -45.000000
v -22.020353 21.103685 -45.000000
v -22.012684 21.157530 -45.000000
v -22.002964 21.210197 -45.000000
v -21.991203 21.261631 -45.000000
v -21.977417 21.311779 -45.000000
v -21.961615 21.360592 -45.000000
v -21.943813 21.408018 -45.000000
v -21.924034 21.454010 -45.000000
v -21.902294 21.498522 -45.000000
v -21.878616 21.541506 -45.000000
v -21.853025 21.582922 -45.000000
v -21.825546 21.622723 -45.000000
v -21.796207 21.660873 -45.000000
v -21.765041 21.697330 -45.000000
v -21.732075 21.732059 -45.000000
v -21.697346 21.765024 -45.000000
v -23.989330 22.175367 -45.000000
v -23.851950 22.228361 -45.000000
v -23.717335 22.288033 -45.000000
v -24.129147 22.129179 -45.000000
v -23.457691 22.426815 -45.000000
v -23.333290 22.505590 -45.000000
v -23.212902 22.590378 -45.000000
v -23.096821 22.680969 -45.000000
v -22.985323 22.777147 -45.000000
v -22.878679 22.878679 -45.000000
v -22.777147 22.985323 -45.000000
v -22.680969 23.096821 -45.000000
v -22.590378 23.212902 -45.000000
v -22.505590 23.333290 -45.000000
v -22.426815 23.457691 -45.000000
v -22.354237 23.585810 -45.000000
v -22.288033 23.717335 -45.000000
v -22.228361 23.851950 -45.000000
v -22.175367 23.989330 -45.000000
v -22.129179 24.129147 -45.000000
v -22.089907 24.271059 -45.000000
v -22.057644 24.414728 -45.000000
v -22.032471 24.559809 -45.000000
v -22.014446 24.705948 -45.000000
v -22.003614 24.852797 -45.000000
v -22.000000 25.000000 -45.000000
v -22.003614 25.147203 -45.000000
v -22.014446 25.294052 -45.000000
v -22.032471 25.440191 -45.000000
v -22.057644 25.585272 -45.000000
v -20.000000 30.000000 -45.000000
v -22.089907 25.728941 -45.000000
v -22.129179 25.870853 -45.000000
v -25.294052 27.985554 -45.000000
v -25.147203 27.996386 -45.000000
v -30.000000 30.000000 -45.000000
v -25.440191 27.967529 -45.000000
v -25.585272 27.942356 -45.000000
v -27.985554 24.705948 -45.000000
v -27.996386 24.852797 -45.000000
v -30.000000 20.000000 -45.000000
v -27.967529 24.559809 -45.000000
v -27.942356 24.414728 -45.000000
v -25.000000 22.000000 -45.000000
v -25.147203 22.003614 -45.000000
v -24.852797 22.003614 -45.000000
v -24.705948 22.014446 -45.000000
v -23.585810 22.354237 -45.000000
v -24.271059 22.089907 -45.000000
v -24.414728 22.057644 -45.000000
v -24.559809 22.032471 -45.000000
v -25.294052 22.014446 -45.000000
v -25.440191 22.032471 -45.000000
v -25.585272 22.057644 -45.000000
v -25.728941 22.089907 -45.000000
v -25.870853 22.129179 -45.000000
v -26.010670 22.175367 -45.000000
v -26.148050 22.228361 -45.000000
v -26.282665 22.288033 -45.000000
v -26.414190 22.354237 -45.000000
v -26.542309 22.426815 -45.000000
v -26.666710 22.505590 -45.000000
v -26.787098 22.590378 -45.000000
v -26.903179 22.680969 -45.000000
v -27.014677 22.777147 -45.000000
v -27.121321 22.878679 -45.000000
v -27.222853 22.985323 -45.000000
v -27.319031 23.096821 -45.000000
v -27.409622 23.212902 -45.000000
v -27.494410 23.333290 -45.000000
v -27.573185 23.457691 -45.000000
v -27.645763 23.585810 -45.000000
v -27.711967 23.717335 -45.000000
v -27.771639 23.851950 -45.000000
v -27.824633 23.989330 -45.000000
v -27.870821 24.129147 -45.000000
v -27.910093 24.271059 -45.000000
v -28.000000 25.000000 -45.000000
v -27.996386 25.147203 -45.000000
v -27.985554 25.294052 -45.000000
v -27.967529 25.440191 -45.000000
v -27.942356 25.585272 -45.000000
v -27.910093 25.728941 -45.000000
v -27.870821 25.870853 -45.000000
v -27.824633 26.010670 -45.000000
v -27.771639 26.148050 -45.000000
v -27.711967 26.282665 -45.000000
v -27.645763 26.414190 -45.000000
v -27.573185 26.542309 -45.000000
v -27.494410 26.666710 -45.000000
v -27.409622 26.787098 -45.000000
v -27.319031 26.903179 -45.000000
v -27.222853 27.014677 -45.000000
v -27.121321 27.121321 -45.000000
v -27.014677 27.222853 -45.000000
v -26.903179 27.319031 -45.000000
v -26.787098 27.409622 -45.000000
v -26.666710 27.494410 -45.000000
v -26.542309 27.573185 -45.000000
v -26.414190 27.645763 -45.000000
v -26.282665 27.711967 -45.000000
v -26.148050 27.771639 -45.000000
v -26.010670 27.824633 -45.000000
v -25.870853 27.870821 -45.000000
v -25.728941 27.910093 -45.000000
v -25.000000 28.000000 -45.000000
v -24.852797 27.996386 -45.000000
v -24.705948 27.985554 -45.000000
v -24.559809 27.967529 -45.000000
v -24.414728 27.942356 -45.000000
v -24.271059 27.910093 -45.000000
v -24.129147 27.870821 -45.000000
v -23.989330 27.824633 -45.000000
v -23.851950 27.771639 -45.000000
v -23.717335 27.711967 -45.000000
v -23.585810 27.645763 -45.000000
v -23.457691 27.573185 -45.000000
v -23.333290 27.494410 -45.000000
v -23.212902 27.409622 -45.000000
v -23.096821 27.319031 -45.000000
v -22.985323 27.222853 -45.000000
v -22.878679 27.121321 -45.000000
v -22.777147 27.014677 -45.000000
v -22.680969 26.903179 -45.000000
v -22.590378 26.787098 -45.000000
v -22.505590 26.666710 -45.000000
v -22.426815 26.542309 -45.000000
v -22.354237 26.414190 -45.000000
v -22.288033 26.282665 -45.000000
v -22.228361 26.148050 -45.000000
v -22.175367 26.010670 -45.000000
v -20.000000 27.996386 -50.147202
v -20.000000 27.985554 -50.294052
v -20.000000 27.967529 -50.440193
v -20.000000 27.942356 -50.585270
v -20.000000 27.910093 -50.728939
v -20.000000 27.870821 -50.870853
v -20.000000 27.824633 -51.010670
v -20.000000 27.771639 -51.148048
v -20.000000 27.711967 -51.282665
v -20.000000 27.645763 -51.414188
v -20.000000 27.573185 -51.542309
v -20.000000 27.494410 -51.666710
v -20.000000 27.409622 -51.787098
v -20.000000 27.319031 -51.903179
v -20.000000 27.222853 -52.014675
v -20.000000 27.121321 -52.121319
v -20.000000 27.014677 -52.222855
v -20.000000 26.903179 -52.319031
v -20.000000 26.787098 -52.409622
v -20.000000 26.666710 -52.494408
v -20.000000 26.542309 -52.573185
v -20.000000 26.414190 -52.645763
v -20.000000 26.282665 -52.711967
v -20.000000 26.148050 -52.771637
v -20.000000 26.010670 -52.824631
v -20.000000 25.870853 -52.870823
v -20.000000 25.728941 -52.910095
v -20.000000 25.585272 -52.942356
v -20.000000 25.440191 -52.967529
v -20.000000 25.294052 -52.985554
v -20.000000 25.147203 -52.996387
v -20.000000 25.000000 -53.000000
v -20.000000 24.852797 -52.996387
v -20.000000 24.705948 -52.985554
v -20.000000 24.559809 -52.967529
v -20.000000 24.414728 -52.942356
v -20.000000 24.271059 -52.910095
v -20.000000 24.129147 -52.870823
v -20.000000 23.989330 -52.824631
v -20.000000 23.851950 -52.771637
v -20.000000 23.717335 -52.711967
v -20.000000 23.585810 -52.645763
v -20.000000 23.457691 -52.573185
v -20.000000 23.333290 -52.494408
v -20.000000 23.212902 -52.409622
v -20.000000 23.096821 -52.319031
v -20.000000 22.985323 -52.222855
v -20.000000 22.878679 -52.121319
v -20.000000 22.777147 -52.014675
v -20.000000 22.680969 -51.903179
v -20.000000 22.590378 -51.787098
v -20.000000 22.505590 -51.666710
v -20.000000 22.426815 -51.542309
v -20.000000 22.354237 -51.414188
v -20.000000 22.288033 -51.282665
v -20.000000 22.228361 -51.148048
v -20.000000 22.175367 -51.010670
v -20.000000 22.129179 -50.870853
v -20.000000 22.089907 -50.728939
v -20.000000 22.057644 -50.585270
v -20.000000 22.032471 -50.440193
v -20.000000 22.014446 -50.294052
v -20.000000 22.003614 -50.147202
v -20.000000 22.000000 -50.000000
v -20.000000 22.003614 -49.852798
v -20.000000 22.014446 -49.705948
v -20.000000 22.032471 -49.559807
v -20.000000 22.057644 -49.414730
v -20.000000 22.089907 -49.271061
v -20.000000 22.129179 -49.129147
v -20.000000 22.175367 -48.989330
v -20.000000 22.228361 -48.851952
v -20.000000 22.288033 -48.717335
v -20.000000 22.354237 -48.585812
v -20.000000 22.426815 -48.457691
v -20.000000 22.505590 -48.333290
v -20.000000 22.590378 -48.212902
v -20.000000 22.680969 -48.096821
v -20.000000 22.777147 -47.985325
v -20.000000 22.878679 -47.878681
v -20.000000 22.985323 -47.777145
v -20.000000 23.096821 -47.680969
v -20.000000 23.212902 -47.590378
v -20.000000 23.333290 -47.505592
v -20.000000 23.457691 -47.426815
v -20.000000 23.585810 -47.354237
v -20.000000 23.717335 -47.288033
v -20.000000 23.851950 -47.228363
v -20.000000 23.989330 -47.175369
v -20.000000 24.129147 -47.129177
v -20.000000 24.271059 -47.089905
v -20.000000 24.414728 -47.057644
v -20.000000 24.559809 -47.032471
v -20.000000 24.705948 -47.014446
v -20.000000 24.852797 -47.003613
v -20.000000 25.000000 -47.000000
v -20.000000 25.147203 -47.003613
v -20.000000 25.294052 -47.014446
v -20.000000 25.440191 -47.032471
v -20.000000 25.585272 -47.057644
v -20.000000 25.728941 -47.089905
v -20.000000 25.870853 -47.129177
v -20.000000 26.010670 -47.175369
v -20.000000 26.148050 -47.228363
v -20.000000 26.282665 -47.288033
v -20.000000 26.414190 -47.354237
v -20.000000 26.542309 -47.426815
v -20.000000 26.666710 -47.505592
v -20.000000 26.787098 -47.590378
v -20.000000 26.903179 -47.680969
v -20.000000 27.014677 -47.777145
v -20.000000 27.121321 -47.878681
v -20.000000 27.222853 -47.985325
v -20.000000 27.319031 -48.096821
v -20.000000 27.409622 -48.212902
v -20.000000 27.494410 -48.333290
v -20.000000 27.573185 -48.457691
v -20.000000 27.645763 -48.585812
v -20.000000 27.711967 -48.717335
v -20.000000 27.771639 -48.851952
v -20.000000 27.824633 -48.989330
v -20.000000 27.870821 -49.129147
v -20.000000 27.910093 -49.271061
v -20.000000 27.942356 -49.414730
v -20.000000 27.967529 -49.559807
v -20.000000 27.985554 -49.705948
v -20.000000 27.996386 -49.852798
v -20.000000 28.000000 -50.000000
v -30.000000 30.000000 -55.000000
v -20.000000 30.000000 -55.000000
v -20.000000 20.000000 -55.000000
v -22.175367 20.000000 -48.989330
v -22.228361 20.000000 -48.851952
v -22.288033 20.000000 -48.717335
v -22.354237 20.000000 -48.585812
v -22.426815 20.000000 -48.457691
v -22.505590 20.000000 -48.333290
v -22.590378 20.000000 -48.212902
v -22.680969 20.000000 -48.096821
v -22.777147 20.000000 -47.985325
v -22.878679 20.000000 -47.878681
v -22.985323 20.000000 -47.777145
v -23.096821 20.000000 -47.680969
v -23.212902 20.000000 -47.590378
v -23.333290 20.000000 -47.505592
v -23.457691 20.000000 -47.426815
v -23.585810 20.000000 -47.354237
v -23.717335 20.000000 -47.288033
v -23.851950 20.000000 -47.228363
v -23.989330 20.000000 -47.175369
v -24.129147 20.000000 -47.129177
v -24.271059 20.000000 -47.089905
v -24.414728 20.000000 -47.057644
v -24.559809 20.000000 -47.032471
v -22.129179 20.000000 -49.129147
v -24.705948 20.000000 -47.014446
v -24.852797 20.000000 -47.003613
v -25.000000 20.000000 -47.000000
v -25.147203 20.000000 -47.003613
v -25.294052 20.000000 -47.014446
v -25.440191 20.000000 -47.032471
v -25.585272 20.000000 -47.057644
v -25.728941 20.000000 -47.089905
v -25.870853 20.000000 -47.129177
v -26.010670 20.000000 -47.175369
v -26.148050 20.000000 -47.228363
v -26.282665 20.000000 -47.288033
v -26.414190 20.000000 -47.354237
v -26.542309 20.000000 -47.426815
v -26.666710 20.000000 -47.505592
v -26.787098 20.000000 -47.590378
v -26.903179 20.000000 -47.680969
v -27.014677 20.000000 -47.777145
v -27.121321 20.000000 -47.878681
v -27.222853 20.000000 -47.985325
v -27.319031 20.000000 -48.096821
v -27.409622 20.000000 -48.212902
v -27.494410 20.000000 -48.333290
v -27.573185 20.000000 -48.457691
v -27.645763 20.000000 -48.585812
v -27.711967 20.000000 -48.717335
v -27.771639 20.000000 -48.851952
v -27.824633 20.000000 -48.989330
v -27.870821 20.000000 -49.129147
v -27.910093 20.000000 -49.271061
v -27.942356 20.000000 -49.414730
v -27.967529 20.000000 -49.559807
v -27.985554 20.000000 -49.705948
v -27.996386 20.000000 -49.852798
v -28.000000 20.000000 -50.000000
v -30.000000 20.000000 -55.000000
v -27.996386 20.000000 -50.147202
v -27.985554 20.000000 -50.294052
v -27.967529 20.000000 -50.440193
v -27.942356 20.000000 -50.585270
v -27.910093 20.000000 -50.728939
v -27.870821 20.000000 -50.870853
v -27.824633 20.000000 -51.010670
v -27.771639 20.000000 -51.148048
v -27.711967 20.000000 -51.282665
v -27.645763 20.000000 -51.414188
v -27.573185 20.000000 -51.542309
v -27.494410 20.000000 -51.666710
v -27.409622 20.000000 -51.787098
v -27.319031 20.000000 -51.903179
v -27.222853 20.000000 -52.014675
v -27.121321 20.000000 -52.121319
v -27.014677 20.000000 -52.222855
v -26.903179 20.000000 -52.319031
v -26.787098 20.000000 -52.409622
v -26.666710 20.000000 -52.494408
v -26.542309 20.000000 -52.573185
v -26.414190 20.000000 -52.645763
v -26.282665 20.000000 -52.711967
v -26.148050 20.000000 -52.771637
v -26.010670 20.000000 -52.824631
v -25.870853 20.000000 -52.870823
v -25.728941 20.000000 -52.910095
v -25.585272 20.000000 -52.942356
v -25.440191 20.000000 -52.967529
v -25.294052 20.000000 -52.985554
v -25.147203 20.000000 -52.996387
v -25.000000 20.000000 -53.000000
v -24.852797 20.000000 -52.996387
v -24.705948 20.000000 -52.985554
v -22.000000 20.000000 -50.000000
v -22.003614 20.000000 -50.147202
v -22.003614 20.000000 -49.852798
v -22.014446 20.000000 -49.705948
v -22.014446 20.000000 -50.294052
v -22.032471 20.000000 -50.440193
v -22.057644 20.000000 -50.585270
v -22.089907 20.000000 -50.728939
v -22.129179 20.000000 -50.870853
v -22.175367 20.000000 -51.010670
v -22.228361 20.000000 -51.148048
v -22.288033 20.000000 -51.282665
v -22.354237 20.000000 -51.414188
v -22.426815 20.000000 -51.542309
v -22.505590 20.000000 -51.666710
v -22.590378 20.000000 -51.787098
v -22.680969 20.000000 -51.903179
v -22.777147 20.000000 -52.014675
v -22.878679 20.000000 -52.121319
v -22.985323 20.000000 -52.222855
v -23.096821 20.000000 -52.319031
v -23.212902 20.000000 -52.409622
v -23.333290 20.000000 -52.494408
v -23.457691 20.000000 -52.573185
v -23.585810 20.000000 -52.645763
v -23.717335 20.000000 -52.711967
v -23.851950 20.000000 -52.771637
v -23.989330 20.000000 -52.824631
v -24.129147 20.000000 -52.870823
v -24.271059 20.000000 -52.910095
v -24.414728 20.000000 -52.942356
v -24.559809 20.000000 -52.967529
v -22.089907 20.000000 -49.271061
v -22.057644 20.000000 -49.414730
v -22.032471 20.000000 -49.559807
v -20.000000 -21.915234 -46.702248
v -20.000000 -21.883976 -46.738010
v -20.000000 -21.944391 -46.664623
v -20.000000 -21.971415 -46.625168
v -20.000000 -21.996275 -46.583931
v -20.000000 -22.018944 -46.540955
v -20.000000 -22.039396 -46.496288
v -20.000000 -22.057611 -46.449978
v -20.000000 -22.073568 -46.402077
v -20.000000 -22.087250 -46.352638
v -20.000000 -22.098642 -46.301716
v -20.000000 -22.107729 -46.249363
v -20.000000 -22.114504 -46.195641
v -20.000000 -22.118959 -46.140606
v -20.000000 -22.121088 -46.084316
v -20.000000 -22.120890 -46.026840
v -20.000000 -22.118362 -45.968235
v -20.000000 -22.113512 -45.908569
v -20.000000 -22.106340 -45.847908
v -20.000000 -22.096859 -45.786312
v -20.000000 -22.071005 -45.660603
v -20.000000 -22.036062 -45.531998
v -20.000000 -21.992184 -45.401054
v -20.000000 -21.939562 -45.268353
v -20.000000 -21.878429 -45.134472
v -20.000000 -21.809053 -45.000000
v -20.129559 -21.864262 -45.000000
v -20.258589 -21.911875 -45.000000
v -20.386568 -21.951700 -45.000000
v -20.512970 -21.983578 -45.000000
v -20.637285 -22.007374 -45.000000
v -20.759003 -22.022993 -45.000000
v -20.877630 -22.030373 -45.000000
v -20.935633 -22.030962 -45.000000
v -20.992682 -22.029482 -45.000000
v -21.048719 -22.025934 -45.000000
v -21.103691 -22.020325 -45.000000
v -21.157536 -22.012655 -45.000000
v -21.210203 -22.002937 -45.000000
v -21.261637 -21.991179 -45.000000
v -21.311787 -21.977390 -45.000000
v -21.360600 -21.961590 -45.000000
v -21.408028 -21.943790 -45.000000
v -21.454020 -21.924011 -45.000000
v -21.498531 -21.902273 -45.000000
v -21.541517 -21.878595 -45.000000
v -21.582933 -21.853006 -45.000000
v -21.622736 -21.825527 -45.000000
v -21.660887 -21.796190 -45.000000
v -21.697346 -21.765024 -45.000000
v -21.732075 -21.732059 -45.000000
v -21.765041 -21.697330 -45.000000
v -21.796207 -21.660873 -45.000000
v -21.825546 -21.622723 -45.000000
v -21.853025 -21.582922 -45.000000
v -21.878616 -21.541506 -45.000000
v -21.902294 -21.498522 -45.000000
v -21.924034 -21.454010 -45.000000
v -21.943813 -21.408018 -45.000000
v -21.961615 -21.360592 -45.000000
v -21.977417 -21.311779 -45.000000
v -21.991203 -21.261631 -45.000000
v -22.002964 -21.210197 -45.000000
v -22.012684 -21.157530 -45.000000
v -22.020353 -21.103685 -45.000000
v -22.025965 -21.048716 -45.000000
v -22.029512 -20.992678 -45.000000
v -22.030994 -20.935629 -45.000000
v -22.030407 -20.877626 -45.000000
v -22.023029 -20.759001 -45.000000
v -22.007412 -20.637283 -45.000000
v -21.983618 -20.512970 -45.000000
v -21.951742 -20.386566 -45.000000
v -21.911919 -20.258589 -45.000000
v -21.864307 -20.129559 -45.000000
v -21.809101 -20.000000 -45.000000
v -21.878481 -20.000000 -45.134472
v -21.939617 -20.000000 -45.268356
v -21.992241 -20.000000 -45.401062
v -22.036121 -20.000000 -45.532009
v -22.071066 -20.000000 -45.660618
v -22.096922 -20.000000 -45.786331
v -22.106405 -20.000000 -45.847927
v -22.113575 -20.000000 -45.908592
v -22.118427 -20.000000 -45.968262
v -22.120955 -20.000000 -46.026867
v -22.121153 -20.000000 -46.084343
v -22.119024 -20.000000 -46.140633
v -22.114571 -20.000000 -46.195667
v -22.107796 -20.000000 -46.249393
v -22.098707 -20.000000 -46.301746
v -22.087317 -20.000000 -46.352673
v -22.073633 -20.000000 -46.402111
v -22.057676 -20.000000 -46.450012
v -22.039461 -20.000000 -46.496323
v -22.019007 -20.000000 -46.540989
v -21.996336 -20.000000 -46.583969
v -21.971476 -20.000000 -46.625206
v -21.944452 -20.000000 -46.664661
v -21.915295 -20.000000 -46.702290
v -21.884035 -20.000000 -46.738049
v -21.850706 -20.000000 -46.771900
v -21.815348 -20.000000 -46.803810
v -21.777998 -20.000000 -46.833736
v -21.738695 -20.000000 -46.861652
v -21.697485 -20.000000 -46.887524
v -21.654411 -20.000000 -46.911327
v -21.609524 -20.000000 -46.933029
v -21.562868 -20.000000 -46.952614
v -21.514498 -20.000000 -46.970051
v -21.464466 -20.000000 -46.985329
v -21.412827 -20.000000 -46.998428
v -21.359638 -20.000000 -47.009331
v -21.304955 -20.000000 -47.018032
v -21.248842 -20.000000 -47.024517
v -21.191357 -20.000000 -47.028782
v -21.132565 -20.000000 -47.030819
v -21.072531 -20.000000 -47.030628
v -20.948997 -20.000000 -47.023560
v -20.821299 -20.000000 -47.007614
v -20.689997 -20.000000 -46.982857
v -20.555666 -20.000000 -46.949398
v -20.418898 -20.000000 -46.907383
v -20.280291 -20.000000 -46.856998
v -20.140453 -20.000000 -46.798462
v -20.000000 -20.000000 -46.732033
v -20.000000 -20.140450 -46.798458
v -20.000000 -20.280283 -46.856987
v -20.000000 -20.418886 -46.907368
v -20.000000 -20.555653 -46.949379
v -20.000000 -20.689978 -46.982834
v -20.000000 -20.821276 -47.007587
v -20.000000 -20.948971 -47.023533
v -20.000000 -21.072500 -47.030594
v -20.000000 -21.132532 -47.030785
v -20.000000 -21.191322 -47.028748
v -20.000000 -21.248806 -47.024483
v -20.000000 -21.304916 -47.017998
v -20.000000 -21.359596 -47.009296
v -20.000000 -21.412785 -46.998390
v -20.000000 -21.464422 -46.985291
v -20.000000 -21.514452 -46.970013
v -20.000000 -21.562820 -46.952572
v -20.000000 -21.609474 -46.932991
v -20.000000 -21.654362 -46.911285
v -20.000000 -21.697433 -46.887486
v -20.000000 -21.738642 -46.861610
v -20.000000 -21.777943 -46.833694
v -20.000000 -21.815292 -46.803768
v -20.000000 -21.850649 -46.771862
v -20.000000 -30.000000 -45.000000
v -22.057644 -25.585272 -45.000000
v -22.089907 -25.728941 -45.000000
v -22.129179 -25.870853 -45.000000
v -22.175367 -26.010670 -45.000000
v -22.228361 -26.148050 -45.000000
v -22.288033 -26.282665 -45.000000
v -22.354237 -26.414190 -45.000000
v -22.426815 -26.542309 -45.000000
v -22.505590 -26.666710 -45.000000
v -22.590378 -26.787098 -45.000000
v -22.680969 -26.903179 -45.000000
v -22.777147 -27.014677 -45.000000
v -22.878679 -27.121321 -45.000000
v -22.985323 -27.222853 -45.000000
v -23.096821 -27.319031 -45.000000
v -23.212902 -27.409622 -45.000000
v -23.333290 -27.494410 -45.000000
v -23.457691 -27.573185 -45.000000
v -23.585810 -27.645763 -45.000000
v -23.717335 -27.711967 -45.000000
v -23.851950 -27.771639 -45.000000
v -23.989330 -27.824633 -45.000000
v -24.129147 -27.870821 -45.000000
v -24.271059 -27.910093 -45.000000
v -24.414728 -27.942356 -45.000000
v -24.559809 -27.967529 -45.000000
v -24.705948 -27.985554 -45.000000
v -24.852797 -27.996386 -45.000000
v -25.000000 -28.000000 -45.000000
v -30.000000 -30.000000 -45.000000
v -25.147203 -27.996386 -45.000000
v -25.294052 -27.985554 -45.000000
v -25.440191 -27.967529 -45.000000
v -25.585272 -27.942356 -45.000000
v -25.728941 -27.910093 -45.000000
v -25.870853 -27.870821 -45.000000
v -26.010670 -27.824633 -45.000000
v -26.148050 -27.771639 -45.000000
v -26.282665 -27.711967 -45.000000
v -26.414190 -27.645763 -45.000000
v -26.542309 -27.573185 -45.000000
v -26.666710 -27.494410 -45.000000
v -26.787098 -27.409622 -45.000000
v -26.903179 -27.319031 -45.000000
v -27.014677 -27.222853 -45.000000
v -27.121321 -27.121321 -45.000000
v -27.222853 -27.014677 -45.000000
v -27.319031 -26.903179 -45.000000
v -27.409622 -26.787098 -45.000000
v -27.494410 -26.666710 -45.000000
v -27.573185 -26.542309 -45.000000
v -27.645763 -26.414190 -45.000000
v -27.711967 -26.282665 -45.000000
v -27.771639 -26.148050 -45.000000
v -27.824633 -26.010670 -45.000000
v -27.870821 -25.870853 -45.000000
v -27.910093 -25.728941 -45.000000
v -27.942356 -25.585272 -45.000000
v -27.967529 -25.440191 -45.000000
v -27.985554 -25.294052 -45.000000
v -27.996386 -25.147203 -45.000000
v -28.000000 -25.000000 -45.000000
v -30.000000 -20.000000 -45.000000
v -27.996386 -24.852797 -45.000000
v -27.985554 -24.705948 -45.000000
v -27.967529 -24.559809 -45.000000
v -27.942356 -24.414728 -45.000000
v -27.910093 -24.271059 -45.000000
v -27.870821 -24.129147 -45.000000
v -27.824633 -23.989330 -45.000000
v -27.771639 -23.851950 -45.000000
v -27.711967 -23.717335 -45.000000
v -27.645763 -23.585810 -45.000000
v -27.573185 -23.457691 -45.000000
v -27.494410 -23.333290 -45.000000
v -27.409622 -23.212902 -45.000000
v -27.319031 -23.096821 -45.000000
v -27.222853 -22.985323 -45.000000
v -27.121321 -22.878679 -45.000000
v -27.014677 -22.777147 -45.000000
v -26.903179 -22.680969 -45.000000
v -26.787098 -22.590378 -45.000000
v -26.666710 -22.505590 -45.000000
v -26.542309 -22.426815 -45.000000
v -26.414190 -22.354237 -45.000000
v -26.282665 -22.288033 -45.000000
v -26.148050 -22.228361 -45.000000
v -26.010670 -22.175367 -45.000000
v -25.870853 -22.129179 -45.000000
v -25.728941 -22.089907 -45.000000
v -25.585272 -22.057644 -45.000000
v -25.440191 -22.032471 -45.000000
v -25.294052 -22.014446 -45.000000
v -25.147203 -22.003614 -45.000000
v -25.000000 -22.000000 -45.000000
v -24.852797 -22.003614 -45.000000
v -24.705948 -22.014446 -45.000000
v -24.559809 -22.032471 -45.000000
v -24.414728 -22.057644 -45.000000
v -24.271059 -22.089907 -45.000000
v -24.129147 -22.129179 -45.000000
v -23.989330 -22.175367 -45.000000
v -22.032471 -25.440191 -45.000000
v -22.014446 -25.294052 -45.000000
v -22.003614 -25.147203 -45.000000
v -22.000000 -25.000000 -45.000000
v -22.003614 -24.852797 -45.000000
v -22.014446 -24.705948 -45.000000
v -22.032471 -24.559809 -45.000000
v -22.057644 -24.414728 -45.000000
v -22.089907 -24.271059 -45.000000
v -22.129179 -24.129147 -45.000000
v -22.175367 -23.989330 -45.000000
v -22.228361 -23.851950 -45.000000
v -22.288033 -23.717335 -45.000000
v -22.354237 -23.585810 -45.000000
v -22.426815 -23.457691 -45.000000
v -22.505590 -23.333290 -45.000000
v -22.590378 -23.212902 -45.000000
v -22.680969 -23.096821 -45.000000
v -23.212902 -22.590378 -45.000000
v -23.333290 -22.505590 -45.000000
v -23.457691 -22.426815 -45.000000
v -23.585810 -22.354237 -45.000000
v -23.717335 -22.288033 -45.000000
v -23.851950 -22.228361 -45.000000
v -23.096821 -22.680969 -45.000000
v -22.985323 -22.777147 -45.000000
v -22.878679 -22.878679 -45.000000
v -22.777147 -22.985323 -45.000000
v -20.000000 -27.996386 -49.852798
v -20.000000 -27.985554 -49.705948
v -20.000000 -27.967529 -49.559807
v -20.000000 -27.942356 -49.414730
v -20.000000 -27.910093 -49.271061
v -20.000000 -27.870821 -49.129147
v -20.000000 -27.824633 -48.989330
v -20.000000 -27.771639 -48.851952
v -20.000000 -27.711967 -48.717335
v -20.000000 -27.645763 -48.585812
v -20.000000 -27.573185 -48.457691
v -20.000000 -27.494410 -48.333290
v -20.000000 -27.409622 -48.212902
v -20.000000 -27.319031 -48.096821
v -20.000000 -27.222853 -47.985325
v -20.000000 -27.121321 -47.878681
v -20.000000 -27.014677 -47.777145
v -20.000000 -26.903179 -47.680969
v -20.000000 -26.787098 -47.590378
v -20.000000 -26.666710 -47.505592
v -20.000000 -26.542309 -47.426815
v -20.000000 -26.414190 -47.354237
v -20.000000 -26.282665 -47.288033
v -20.000000 -26.148050 -47.228363
v -20.000000 -26.010670 -47.175369
v -20.000000 -25.870853 -47.129177
v -20.000000 -25.728941 -47.089905
v -20.000000 -25.585272 -47.057644
v -20.000000 -25.440191 -47.032471
v -20.000000 -25.294052 -47.014446
v -20.000000 -25.147203 -47.003613
v -20.000000 -25.000000 -47.000000
v -20.000000 -24.852797 -47.003613
v -20.000000 -24.705948 -47.014446
v -20.000000 -24.559809 -47.032471
v -20.000000 -24.414728 -47.057644
v -20.000000 -24.271059 -47.089905
v -20.000000 -24.129147 -47.129177
v -20.000000 -23.989330 -47.175369
v -20.000000 -23.851950 -47.228363
v -20.000000 -23.717335 -47.288033
v -20.000000 -23.585810 -47.354237
v -20.000000 -23.457691 -47.426815
v -20.000000 -23.333290 -47.505592
v -20.000000 -23.212902 -47.590378
v -20.000000 -23.096821 -47.680969
v -20.000000 -22.985323 -47.777145
v -20.000000 -22.878679 -47.878681
v -20.000000 -22.777147 -47.985325
v -20.000000 -22.680969 -48.096821
v -20.000000 -22.590378 -48.212902
v -20.000000 -22.505590 -48.333290
v -20.000000 -22.426815 -48.457691
v -20.000000 -22.354237 -48.585812
v -20.000000 -22.288033 -48.717335
v -20.000000 -22.228361 -48.851952
v -20.000000 -22.175367 -48.989330
v -20.000000 -22.129179 -49.129147
v -20.000000 -22.089907 -49.271061
v -20.000000 -22.057644 -49.414730
v -20.000000 -22.032471 -49.559807
v -20.000000 -22.014446 -49.705948
v -20.000000 -22.003614 -49.852798
v -20.000000 -22.000000 -50.000000
v -20.000000 -22.003614 -50.147202
v -20.000000 -22.014446 -50.294052
v -20.000000 -22.032471 -50.440193
v -20.000000 -22.057644 -50.585270
v -20.000000 -22.089907 -50.728939
v -20.000000 -22.129179 -50.870853
v -20.000000 -22.175367 -51.010670
v -20.000000 -22.228361 -51.148048
v -20.000000 -22.288033 -51.282665
v -20.000000 -22.354237 -51.414188
v -20.000000 -22.426815 -51.542309
v -20.000000 -22.505590 -51.666710
v -20.000000 -22.590378 -51.787098
v -20.000000 -22.680969 -51.903179
v -20.000000 -22.777147 -52.014675
v -20.000000 -22.878679 -52.121319
v -20.000000 -22.985323 -52.222855
v -20.000000 -23.096821 -52.319031
v -20.000000 -23.212902 -52.409622
v -20.000000 -23.333290 -52.494408
v -20.000000 -23.457691 -52.573185
v -20.000000 -23.585810 -52.645763
v -20.000000 -23.717335 -52.711967
v -20.000000 -23.851950 -52.771637
v -20.000000 -23.989330 -52.824631
v -20.000000 -24.129147 -52.870823
v -20.000000 -24.271059 -52.910095
v -20.000000 -24.414728 -52.942356
v -20.000000 -24.559809 -52.967529
v -20.000000 -24.705948 -52.985554
v -20.000000 -24.852797 -52.996387
v -20.000000 -25.000000 -53.000000
v -20.000000 -25.147203 -52.996387
v -20.000000 -25.294052 -52.985554
v -20.000000 -25.440191 -52.967529
v -20.000000 -25.585272 -52.942356
v -20.000000 -25.728941 -52.910095
v -20.000000 -25.870853 -52.870823
v -20.000000 -26.010670 -52.824631
v -20.000000 -26.148050 -52.771637
v -20.000000 -26.282665 -52.711967
v -20.000000 -26.414190 -52.645763
v -20.000000 -26.542309 -52.573185
v -20.000000 -26.666710 -52.494408
v -20.000000 -26.787098 -52.409622
v -20.000000 -26.903179 -52.319031
v -20.000000 -27.014677 -52.222855
v -20.000000 -27.121321 -52.121319
v -20.000000 -27.222853 -52.014675
v -20.000000 -27.319031 -51.903179
v -20.000000 -27.409622 -51.787098
v -20.000000 -27.494410 -51.666710
v -20.000000 -27.573185 -51.542309
v -20.000000 -27.645763 -51.414188
v -20.000000 -27.711967 -51.282665
v -20.000000 -27.771639 -51.148048
v -20.000000 -27.824633 -51.010670
v -20.000000 -27.870821 -50.870853
v -20.000000 -27.910093 -50.728939
v -20.000000 -27.942356 -50.585270
v -20.000000 -27.967529 -50.440193
v -20.000000 -27.985554 -50.294052
v -20.000000 -27.996386 -50.147202
v -20.000000 -28.000000 -50.000000
v -22.003614 -20.000000 -49.852798
v -22.014446 -20.000000 -49.705948
v -22.032471 -20.000000 -49.559807
v -22.057644 -20.000000 -49.414730
v -22.089907 -20.000000 -49.271061
v -22.129179 -20.000000 -49.129147
v -22.175367 -20.000000 -48.989330
v -22.228361 -20.000000 -48.851952
v -22.288033 -20.000000 -48.717335
v -22.354237 -20.000000 -48.585812
v -22.426815 -20.000000 -48.457691
v -22.505590 -20.000000 -48.333290
v -22.590378 -20.000000 -48.212902
v -22.680969 -20.000000 -48.096821
v -22.777147 -20.000000 -47.985325
v -22.878679 -20.000000 -47.878681
v -22.985323 -20.000000 -47.777145
v -23.096821 -20.000000 -47.680969
v -23.212902 -20.000000 -47.590378
v -23.333290 -20.000000 -47.505592
v -23.457691 -20.000000 -47.426815
v -23.585810 -20.000000 -47.354237
v -23.717335 -20.000000 -47.288033
v -23.851950 -20.000000 -47.228363
v -23.989330 -20.000000 -47.175369
v -24.129147 -20.000000 -47.129177
v -24.271059 -20.000000 -47.089905
v -24.414728 -20.000000 -47.057644
v -24.559809 -20.000000 -47.032471
v -24.705948 -20.000000 -47.014446
v -24.852797 -20.000000 -47.003613
v -25.000000 -20.000000 -47.000000
v -25.147203 -20.000000 -47.003613
v -25.294052 -20.000000 -47.014446
v -25.440191 -20.000000 -47.032471
v -25.585272 -20.000000 -47.057644
v -25.728941 -20.000000 -47.089905
v -25.870853 -20.000000 -47.129177
v -26.010670 -20.000000 -47.175369
v -26.148050 -20.000000 -47.228363
v -26.282665 -20.000000 -47.288033
v -26.414190 -20.000000 -47.354237
v -26.542309 -20.000000 -47.426815
v -26.666710 -20.000000 -47.505592
v -26.787098 -20.000000 -47.590378
v -26.903179 -20.000000 -47.680969
v -27.014677 -20.000000 -47.777145
v -27.121321 -20.000000 -47.878681
v -27.222853 -20.000000 -47.985325
v -27.319031 -20.000000 -48.096821
v -27.409622 -20.000000 -48.212902
v -27.494410 -20.000000 -48.333290
v -27.573185 -20.000000 -48.457691
v -27.645763 -20.000000 -48.585812
v -27.711967 -20.000000 -48.717335
v -27.771639 -20.000000 -48.851952
v -27.824633 -20.000000 -48.989330
v -27.870821 -20.000000 -49.129147
v -27.910093 -20.000000 -49.271061
v -27.942356 -20.000000 -49.414730
v -27.967529 -20.000000 -49.559807
v -27.985554 -20.000000 -49.705948
v -27.996386 -20.000000 -49.852798
v -28.000000 -20.000000 -50.000000
v -27.996386 -20.000000 -50.147202
v -27.985554 -20.000000 -50.294052
v -27.967529 -20.000000 -50.440193
v -27.942356 -20.000000 -50.585270
v -27.910093 -20.000000 -50.728939
v -27.870821 -20.000000 -50.870853
v -27.824633 -20.000000 -51.010670
v -27.771639 -20.000000 -51.148048
v -27.711967 -20.000000 -51.282665
v -27.645763 -20.000000 -51.414188
v -27.573185 -20.000000 -51.542309
v -27.494410 -20.000000 -51.666710
v -27.409622 -20.000000 -51.787098
v -27.319031 -20.000000 -51.903179
v -27.222853 -20.000000 -52.014675
v -27.121321 -20.000000 -52.121319
v -27.014677 -20.000000 -52.222855
v -26.903179 -20.000000 -52.319031
v -26.787098 -20.000000 -52.409622
v -26.666710 -20.000000 -52.494408
v -26.542309 -20.000000 -52.573185
v -26.414190 -20.000000 -52.645763
v -26.282665 -20.000000 -52.711967
v -26.148050 -20.000000 -52.771637
v -26.010670 -20.000000 -52.824631
v -25.870853 -20.000000 -52.870823
v -25.728941 -20.000000 -52.910095
v -25.585272 -20.000000 -52.942356
v -25.440191 -20.000000 -52.967529
v -25.294052 -20.000000 -52.985554
v -25.147203 -20.000000 -52.996387
v -25.000000 -20.000000 -53.000000
v -24.852797 -20.000000 -52.996387
v -24.705948 -20.000000 -52.985554
v -24.559809 -20.000000 -52.967529
v -24.414728 -20.000000 -52.942356
v -24.271059 -20.000000 -52.910095
v -24.129147 -20.000000 -52.870823
v -23.989330 -20.000000 -52.824631
v -23.851950 -20.000000 -52.771637
v -23.717335 -20.000000 -52.711967
v -23.585810 -20.000000 -52.645763
v -23.457691 -20.000000 -52.573185
v -23.333290 -20.000000 -52.494408
v -23.212902 -20.000000 -52.409622
v -23.096821 -20.000000 -52.319031
v -22.985323 -20.000000 -52.222855
v -22.878679 -20.000000 -52.121319
v -22.777147 -20.000000 -52.014675
v -22.680969 -20.000000 -51.903179
v -22.590378 -20.000000 -51.787098
v -22.505590 -20.000000 -51.666710
v -22.426815 -20.000000 -51.542309
v -22.354237 -20.000000 -51.414188
v -22.288033 -20.000000 -51.282665
v -22.228361 -20.000000 -51.148048
v -22.175367 -20.000000 -51.010670
v -22.129179 -20.000000 -50.870853
v -22.089907 -20.000000 -50.728939
v -22.057644 -20.000000 -50.585270
v -22.032471 -20.000000 -50.440193
v -22.014446 -20.000000 -50.294052
v -22.003614 -20.000000 -50.147202
v -22.000000 -20.000000 -50.000000
v -30.000000 -20.000000 -55.000000
v -20.000000 -20.000000 -55.000000
v -20.000000 -30.000000 -55.000000
v -30.000000 -30.000000 -55.000000
v 21.622736 21.825527 -5.000000
v 21.660887 21.796190 -5.000000
v 21.582933 21.853006 -5.000000
v 21.541517 21.878595 -5.000000
v 21.498531 21.902273 -5.000000
v 21.454020 21.924011 -5.000000
v 21.408028 21.943790 -5.000000
v 21.360600 21.961590 -5.000000
v 21.311787 21.977390 -5.000000
v 21.261637 21.991179 -5.000000
v 21.210203 22.002937 -5.000000
v 21.157536 22.012655 -5.000000
v 21.103691 22.020325 -5.000000
v 21.048719 22.025934 -5.000000
v 20.992682 22.029482 -5.000000
v 20.935633 22.030962 -5.000000
v 20.877630 22.030373 -5.000000
v 20.759003 22.022993 -5.000000
v 20.637285 22.007374 -5.000000
v 20.512970 21.983578 -5.000000
v 20.386568 21.951700 -5.000000
v 20.258589 21.911875 -5.000000
v 20.129559 21.864262 -5.000000
v 20.000000 21.809053 -5.000000
v 20.000000 21.878429 -4.865530
v 20.000000 21.939562 -4.731649
v 20.000000 21.992184 -4.598947
v 20.000000 22.036062 -4.468004
v 20.000000 22.071005 -4.339396
v 20.000000 22.096859 -4.213688
v 20.000000 22.106340 -4.152094
v 20.000000 22.113512 -4.091430
v 20.000000 22.118362 -4.031764
v 20.000000 22.120890 -3.973160
v 20.000000 22.121088 -3.915683
v 20.000000 22.118959 -3.859396
v 20.000000 22.114504 -3.804360
v 20.000000 22.107729 -3.750637
v 20.000000 22.098642 -3.698285
v 20.000000 22.087250 -3.647362
v 20.000000 22.073568 -3.597923
v 20.000000 22.057611 -3.550022
v 20.000000 22.039396 -3.503713
v 20.000000 22.018944 -3.459046
v 20.000000 21.996275 -3.416070
v 20.000000 21.971415 -3.374832
v 20.000000 21.944391 -3.335378
v 20.000000 21.915234 -3.297751
v 20.000000 21.883976 -3.261991
v 20.000000 21.850649 -3.228139
v 20.000000 21.815292 -3.196232
v 20.000000 21.777943 -3.166304
v 20.000000 21.738642 -3.138388
v 20.000000 21.697433 -3.112515
v 20.000000 21.654362 -3.088714
v 20.000000 21.609474 -3.067010
v 20.000000 21.562820 -3.047428
v 20.000000 21.514452 -3.029988
v 20.000000 21.464422 -3.014710
v 20.000000 21.412785 -3.001611
v 20.000000 21.359596 -2.990705
v 20.000000 21.304916 -2.982004
v 20.000000 21.248806 -2.975518
v 20.000000 21.191322 -2.971253
v 20.000000 21.132532 -2.969215
v 20.000000 21.072500 -2.969405
v 20.000000 20.948971 -2.976469
v 20.000000 20.821276 -2.992412
v 20.000000 20.689978 -3.017166
v 20.000000 20.555653 -3.050622
v 20.000000 20.418886 -3.092632
v 20.000000 20.280283 -3.143013
v 20.000000 20.140450 -3.201543
v 20.000000 20.000000 -3.267966
v 20.140453 20.000000 -3.201538
v 20.280291 20.000000 -3.143003
v 20.418898 20.000000 -3.092618
v 20.555666 20.000000 -3.050603
v 20.689997 20.000000 -3.017144
v 20.821299 20.000000 -2.992386
v 20.948997 20.000000 -2.976439
v 21.072531 20.000000 -2.969373
v 21.132565 20.000000 -2.969182
v 21.191357 20.000000 -2.971219
v 21.248842 20.000000 -2.975482
v 21.304955 20.000000 -2.981968
v 21.359638 20.000000 -2.990668
v 21.412827 20.000000 -3.001573
v 21.464466 20.000000 -3.014671
v 21.514498 20.000000 -3.029949
v 21.562868 20.000000 -3.047388
v 21.609524 20.000000 -3.066970
v 21.654411 20.000000 -3.088674
v 21.697485 20.000000 -3.112475
v 21.738695 20.000000 -3.138348
v 21.777998 20.000000 -3.166263
v 21.815348 20.000000 -3.196192
v 21.850706 20.000000 -3.228099
v 21.884035 20.000000 -3.261952
v 21.915295 20.000000 -3.297711
v 21.944452 20.000000 -3.335339
v 21.971476 20.000000 -3.374794
v 21.996336 20.000000 -3.416033
v 22.019007 20.000000 -3.459009
v 22.039461 20.000000 -3.503677
v 22.057676 20.000000 -3.549988
v 22.073633 20.000000 -3.597889
v 22.087317 20.000000 -3.647329
v 22.098707 20.000000 -3.698254
v 22.107796 20.000000 -3.750607
v 22.114571 20.000000 -3.804331
v 22.119024 20.000000 -3.859368
v 22.121153 20.000000 -3.915656
v 22.120955 20.000000 -3.973135
v 22.118427 20.000000 -4.031740
v 22.113575 20.000000 -4.091408
v 22.106405 20.000000 -4.152073
v 22.096922 20.000000 -4.213669
v 22.071066 20.000000 -4.339381
v 22.036121 20.000000 -4.467991
v 21.992241 20.000000 -4.598937
v 21.939617 20.000000 -4.731643
v 21.878481 20.000000 -4.865526
v 21.809101 20.000000 -5.000000
v 21.864307 20.129559 -5.000000
v 21.911919 20.258589 -5.000000
v 21.951742 20.386566 -5.000000
v 21.983618 20.512970 -5.000000
v 22.007412 20.637283 -5.000000
v 22.023029 20.759001 -5.000000
v 22.030407 20.877626 -5.000000
v 22.030994 20.935629 -5.000000
v 22.029512 20.992678 -5.000000
v 22.025965 21.048716 -5.000000
v 22.020353 21.103685 -5.000000
v 22.012684 21.157530 -5.000000
v 22.002964 21.210197 -5.000000
v 21.991203 21.261631 -5.000000
v 21.977417 21.311779 -5.000000
v 21.961615 21.360592 -5.000000
v 21.943813 21.408018 -5.000000
v 21.924034 21.454010 -5.000000
v 21.902294 21.498522 -5.000000
v 21.878616 21.541506 -5.000000
v 21.853025 21.582922 -5.000000
v 21.825546 21.622723 -5.000000
v 21.796207 21.660873 -5.000000
v 21.765041 21.697330 -5.000000
v 21.732075 21.732059 -5.000000
v 21.697346 21.765024 -5.000000
v 23.989330 22.175367 -5.000000
v 23.851950 22.228361 -5.000000
v 23.717335 22.288033 -5.000000
v 23.585810 22.354237 -5.000000
v 23.457691 22.426815 -5.000000
v 23.333290 22.505590 -5.000000
v 23.212902 22.590378 -5.000000
v 23.096821 22.680969 -5.000000
v 22.985323 22.777147 -5.000000
v 22.878679 22.878679 -5.000000
v 22.777147 22.985323 -5.000000
v 22.680969 23.096821 -5.000000
v 22.590378 23.212902 -5.000000
v 22.505590 23.333290 -5.000000
v 22.426815 23.457691 -5.000000
v 24.129147 22.129179 -5.000000
v 22.129179 24.129147 -5.000000
v 22.089907 24.271059 -5.000000
v 22.057644 24.414728 -5.000000
v 22.032471 24.559809 -5.000000
v 22.014446 24.705948 -5.000000
v 22.003614 24.852797 -5.000000
v 22.000000 25.000000 -5.000000
v 22.003614 25.147203 -5.000000
v 22.014446 25.294052 -5.000000
v 20.000000 30.000000 -5.000000
v 22.032471 25.440191 -5.000000
v 22.057644 25.585272 -5.000000
v 25.294052 27.985554 -5.000000
v 25.147203 27.996386 -5.000000
v 30.000000 30.000000 -5.000000
v 25.440191 27.967529 -5.000000
v 25.585272 27.942356 -5.000000
v 27.985554 24.705948 -5.000000
v 27.996386 24.852797 -5.000000
v 30.000000 20.000000 -5.000000
v 27.967529 24.559809 -5.000000
v 27.942356 24.414728 -5.000000
v 25.000000 22.000000 -5.000000
v 25.147203 22.003614 -5.000000
v 24.852797 22.003614 -5.000000
v 24.705948 22.014446 -5.000000
v 22.175367 23.989330 -5.000000
v 22.228361 23.851950 -5.000000
v 22.288033 23.717335 -5.000000
v 22.354237 23.585810 -5.000000
v 24.271059 22.089907 -5.000000
v 24.414728 22.057644 -5.000000
v 24.559809 22.032471 -5.000000
v 25.294052 22.014446 -5.000000
v 25.440191 22.032471 -5.000000
v 25.585272 22.057644 -5.000000
v 25.728941 22.089907 -5.000000
v 25.870853 22.129179 -5.000000
v 26.010670 22.175367 -5.000000
v 26.148050 22.228361 -5.000000
v 26.282665 22.288033 -5.000000
v 26.414190 22.354237 -5.000000
v 26.542309 22.426815 -5.000000
v 26.666710 22.505590 -5.000000
v 26.787098 22.590378 -5.000000
v 26.903179 22.680969 -5.000000
v 27.014677 22.777147 -5.000000
v 27.121321 22.878679 -5.000000
v 27.222853 22.985323 -5.000000
v 27.319031 23.096821 -5.000000
v 27.409622 23.212902 -5.000000
v 27.494410 23.333290 -5.000000
v 27.573185 23.457691 -5.000000
v 27.645763 23.585810 -5.000000
v 27.711967 23.717335 -5.000000
v 27.771639 23.851950 -5.000000
v 27.824633 23.989330 -5.000000
v 27.870821 24.129147 -5.000000
v 27.910093 24.271059 -5.000000
v 28.000000 25.000000 -5.000000
v 27.996386 25.147203 -5.000000
v 27.985554 25.294052 -5.000000
v 27.967529 25.440191 -5.000000
v 27.942356 25.585272 -5.000000
v 27.910093 25.728941 -5.000000
v 27.870821 25.870853 -5.000000
v 27.824633 26.010670 -5.000000
v 27.771639 26.148050 -5.000000
v 27.711967 26.282665 -5.000000
v 27.645763 26.414190 -5.000000
v 27.573185 26.542309 -5.000000
v 27.494410 26.666710 -5.000000
v 27.409622 26.787098 -5.000000
v 27.319031 26.903179 -5.000000
v 27.222853 27.014677 -5.000000
v 27.121321 27.121321 -5.000000
v 27.014677 27.222853 -5.000000
v 26.903179 27.319031 -5.000000
v 26.787098 27.409622 -5.000000
v 26.666710 27.494410 -5.000000
v 26.542309 27.573185 -5.000000
v 26.414190 27.645763 -5.000000
v 26.282665 27.711967 -5.000000
v 26.148050 27.771639 -5.000000
v 26.010670 27.824633 -5.000000
v 25.870853 27.870821 -5.000000
v 25.728941 27.910093 -5.000000
v 25.000000 28.000000 -5.000000
v 24.852797 27.996386 -5.000000
v 24.705948 27.985554 -5.000000
v 24.559809 27.967529 -5.000000
v 24.414728 27.942356 -5.000000
v 24.271059 27.910093 -5.000000
v 24.129147 27.870821 -5.000000
v 23.989330 27.824633 -5.000000
v 23.851950 27.771639 -5.000000
v 23.717335 27.711967 -5.000000
v 23.585810 27.645763 -5.000000
v 23.457691 27.573185 -5.000000
v 23.333290 27.494410 -5.000000
v 23.212902 27.409622 -5.000000
v 23.096821 27.319031 -5.000000
v 22.985323 27.222853 -5.000000
v 22.878679 27.121321 -5.000000
v 22.777147 27.014677 -5.000000
v 22.680969 26.903179 -5.000000
v 22.590378 26.787098 -5.000000
v 22.505590 26.666710 -5.000000
v 22.426815 26.542309 -5.000000
v 22.354237 26.414190 -5.000000
v 22.288033 26.282665 -5.000000
v 22.228361 26.148050 -5.000000
v 22.175367 26.010670 -5.000000
v 22.129179 25.870853 -5.000000
v 22.089907 25.728941 -5.000000
v 30.000000 30.000000 5.000000
v 20.000000 30.000000 5.000000
v 20.000000 25.728941 -2.910094
v 20.000000 25.870853 -2.870821
v 20.000000 26.010670 -2.824632
v 20.000000 26.148050 -2.771639
v 20.000000 26.282665 -2.711968
v 20.000000 26.414190 -2.645764
v 20.000000 26.542309 -2.573186
v 20.000000 26.666710 -2.494409
v 20.000000 26.787098 -2.409623
v 20.000000 26.903179 -2.319031
v 20.000000 27.014677 -2.222853
v 20.000000 27.121321 -2.121320
v 20.000000 27.222853 -2.014677
v 20.000000 27.319031 -1.903180
v 20.000000 27.409622 -1.787098
v 20.000000 27.494410 -1.666711
v 20.000000 27.573185 -1.542308
v 20.000000 27.645763 -1.414190
v 20.000000 27.711967 -1.282665
v 20.000000 27.771639 -1.148050
v 20.000000 27.824633 -1.010670
v 20.000000 27.870821 -0.870854
v 20.000000 27.910093 -0.728941
v 20.000000 27.942356 -0.585271
v 20.000000 27.967529 -0.440191
v 20.000000 27.985554 -0.294051
v 20.000000 27.996386 -0.147203
v 20.000000 28.000000 0.000000
v 20.000000 27.996386 0.147203
v 20.000000 27.985554 0.294051
v 20.000000 27.967529 0.440191
v 20.000000 27.942356 0.585271
v 20.000000 27.910093 0.728941
v 20.000000 27.870821 0.870854
v 20.000000 27.824633 1.010670
v 20.000000 27.771639 1.148050
v 20.000000 27.711967 1.282665
v 20.000000 27.645763 1.414190
v 20.000000 27.573185 1.542308
v 20.000000 27.494410 1.666711
v 20.000000 27.409622 1.787098
v 20.000000 27.319031 1.903180
v 20.000000 27.222853 2.014677
v 20.000000 27.121321 2.121320
v 20.000000 27.014677 2.222853
v 20.000000 26.903179 2.319031
v 20.000000 26.787098 2.409623
v 20.000000 26.666710 2.494409
v 20.000000 26.542309 2.573186
v 20.000000 26.414190 2.645764
v 20.000000 26.282665 2.711968
v 20.000000 26.148050 2.771639
v 20.000000 26.010670 2.824632
v 20.000000 25.870853 2.870821
v 20.000000 25.728941 2.910094
v 20.000000 25.585272 2.942356
v 20.000000 25.440191 2.967530
v 20.000000 25.294052 2.985554
v 20.000000 25.147203 2.996386
v 20.000000 25.000000 3.000000
v 20.000000 20.000000 5.000000
v 20.000000 24.852797 2.996386
v 20.000000 24.705948 2.985554
v 20.000000 24.559809 2.967530
v 20.000000 24.414728 2.942356
v 20.000000 24.271059 2.910094
v 20.000000 24.129147 2.870821
v 20.000000 23.989330 2.824632
v 20.000000 23.851950 2.771639
v 20.000000 23.717335 2.711968
v 20.000000 23.585810 2.645764
v 20.000000 23.457691 2.573186
v 20.000000 23.333290 2.494409
v 20.000000 23.212902 2.409623
v 20.000000 23.096821 2.319031
v 20.000000 22.985323 2.222853
v 20.000000 22.878679 2.121320
v 20.000000 22.777147 2.014677
v 20.000000 22.680969 1.903180
v 20.000000 22.590378 1.787098
v 20.000000 22.505590 1.666711
v 20.000000 22.426815 1.542308
v 20.000000 22.354237 1.414190
v 20.000000 22.288033 1.282665
v 20.000000 22.228361 1.148050
v 20.000000 22.175367 1.010670
v 20.000000 22.129179 0.870854
v 20.000000 22.089907 0.728941
v 20.000000 22.057644 0.585271
v 20.000000 22.032471 0.440191
v 20.000000 22.014446 0.294051
v 20.000000 22.003614 0.147203
v 20.000000 22.000000 0.000000
v 20.000000 22.003614 -0.147203
v 20.000000 22.014446 -0.294051
v 20.000000 22.032471 -0.440191
v 20.000000 22.057644 -0.585271
v 20.000000 22.089907 -0.728941
v 20.000000 22.129179 -0.870854
v 20.000000 22.175367 -1.010670
v 20.000000 25.294052 -2.985554
v 20.000000 25.147203 -2.996386
v 20.000000 25.000000 -3.000000
v 20.000000 24.852797 -2.996386
v 20.000000 24.705948 -2.985554
v 20.000000 24.559809 -2.967530
v 20.000000 24.414728 -2.942356
v 20.000000 24.271059 -2.910094
v 20.000000 24.129147 -2.870821
v 20.000000 23.989330 -2.824632
v 20.000000 23.851950 -2.771639
v 20.000000 25.440191 -2.967530
v 20.000000 23.717335 -2.711968
v 20.000000 23.585810 -2.645764
v 20.000000 23.457691 -2.573186
v 20.000000 23.333290 -2.494409
v 20.000000 23.212902 -2.409623
v 20.000000 23.096821 -2.319031
v 20.000000 22.985323 -2.222853
v 20.000000 22.878679 -2.121320
v 20.000000 22.777147 -2.014677
v 20.000000 22.680969 -1.903180
v 20.000000 22.590378 -1.787098
v 20.000000 22.505590 -1.666711
v 20.000000 22.426815 -1.542308
v 20.000000 22.354237 -1.414190
v 20.000000 22.288033 -1.282665
v 20.000000 22.228361 -1.148050
v 20.000000 25.585272 -2.942356
v 22.175367 20.000000 -1.010670
v 22.228361 20.000000 -1.148050
v 22.288033 20.000000 -1.282665
v 22.354237 20.000000 -1.414190
v 22.426815 20.000000 -1.542308
v 22.505590 20.000000 -1.666711
v 22.590378 20.000000 -1.787098
v 22.680969 20.000000 -1.903180
v 22.777147 20.000000 -2.014677
v 22.878679 20.000000 -2.121320
v 22.985323 20.000000 -2.222853
v 23.096821 20.000000 -2.319031
v 23.212902 20.000000 -2.409623
v 23.333290 20.000000 -2.494409
v 23.457691 20.000000 -2.573186
v 23.585810 20.000000 -2.645764
v 23.717335 20.000000 -2.711968
v 23.851950 20.000000 -2.771639
v 23.989330 20.000000 -2.824632
v 24.129147 20.000000 -2.870821
v 24.271059 20.000000 -2.910094
v 24.414728 20.000000 -2.942356
v 24.559809 20.000000 -2.967530
v 22.129179 20.000000 -0.870854
v 24.705948 20.000000 -2.985554
v 24.852797 20.000000 -2.996386
v 25.000000 20.000000 -3.000000
v 25.147203 20.000000 -2.996386
v 25.294052 20.000000 -2.985554
v 25.440191 20.000000 -2.967530
v 25.585272 20.000000 -2.942356
v 25.728941 20.000000 -2.910094
v 25.870853 20.000000 -2.870821
v 26.010670 20.000000 -2.824632
v 26.148050 20.000000 -2.771639
v 26.282665 20.000000 -2.711968
v 26.414190 20.000000 -2.645764
v 26.542309 20.000000 -2.573186
v 26.666710 20.000000 -2.494409
v 26.787098 20.000000 -2.409623
v 26.903179 20.000000 -2.319031
v 27.014677 20.000000 -2.222853
v 27.121321 20.000000 -2.121320
v 27.222853 20.000000 -2.014677
v 27.319031 20.000000 -1.903180
v 27.409622 20.000000 -1.787098
v 27.494410 20.000000 -1.666711
v 27.573185 20.000000 -1.542308
v 27.645763 20.000000 -1.414190
v 27.711967 20.000000 -1.282665
v 27.771639 20.000000 -1.148050
v 27.824633 20.000000 -1.010670
v 27.870821 20.000000 -0.870854
v 27.910093 20.000000 -0.728941
v 27.942356 20.000000 -0.585271
v 27.967529 20.000000 -0.440191
v 27.985554 20.000000 -0.294051
v 27.996386 20.000000 -0.147203
v 28.000000 20.000000 0.000000
v 30.000000 20.000000 5.000000
v 27.996386 20.000000 0.147203
v 27.985554 20.000000 0.294051
v 27.967529 20.000000 0.440191
v 27.942356 20.000000 0.585271
v 27.910093 20.000000 0.728941
v 27.870821 20.000000 0.870854
v 27.824633 20.000000 1.010670
v 27.771639 20.000000 1.148050
v 27.711967 20.000000 1.282665
v 27.645763 20.000000 1.414190
v 27.573185 20.000000 1.542308
v 27.494410 20.000000 1.666711
v 27.409622 20.000000 1.787098
v 27.319031 20.000000 1.903180
v 27.222853 20.000000 2.014677
v 27.121321 20.000000 2.121320
v 27.014677 20.000000 2.222853
v 26.903179 20.000000 2.319031
v 26.787098 20.000000 2.409623
v 26.666710 20.000000 2.494409
v 26.542309 20.000000 2.573186
v 26.414190 20.000000 2.645764
v 26.282665 20.000000 2.711968
v 26.148050 20.000000 2.771639
v 26.010670 20.000000 2.824632
v 25.870853 20.000000 2.870821
v 25.728941 20.000000 2.910094
v 25.585272 20.000000 2.942356
v 25.440191 20.000000 2.967530
v 25.294052 20.000000 2.985554
v 25.147203 20.000000 2.996386
v 25.000000 20.000000 3.000000
v 24.852797 20.000000 2.996386
v 24.705948 20.000000 2.985554
v 22.000000 20.000000 0.000000
v 22.003614 20.000000 0.147203
v 22.003614 20.000000 -0.147203
v 22.014446 20.000000 -0.294051
v 22.014446 20.000000 0.294051
v 22.032471 20.000000 0.440191
v 22.057644 20.000000 0.585271
v 22.089907 20.000000 0.728941
v 22.129179 20.000000 0.870854
v 22.175367 20.000000 1.010670
v 22.228361 20.000000 1.148050
v 22.288033 20.000000 1.282665
v 22.354237 20.000000 1.414190
v 22.426815 20.000000 1.542308
v 22.505590 20.000000 1.666711
v 22.590378 20.000000 1.787098
v 22.680969 20.000000 1.903180
v 22.777147 20.000000 2.014677
v 22.878679 20.000000 2.121320
v 22.985323 20.000000 2.222853
v 23.096821 20.000000 2.319031
v 23.212902 20.000000 2.409623
v 23.333290 20.000000 2.494409
v 23.457691 20.000000 2.573186
v 23.585810 20.000000 2.645764
v 23.717335 20.000000 2.711968
v 23.851950 20.000000 2.771639
v 23.989330 20.000000 2.824632
v 24.129147 20.000000 2.870821
v 24.271059 20.000000 2.910094
v 24.414728 20.000000 2.942356
v 24.559809 20.000000 2.967530
v 22.089907 20.000000 -0.728941
v 22.057644 20.000000 -0.585271
v 22.032471 20.000000 -0.440191
v 20.000000 -21.915234 -3.297751
v 20.000000 -21.883976 -3.261991
v 20.000000 -21.944391 -3.335378
v 20.000000 -21.971415 -3.374832
v 20.000000 -21.996275 -3.416070
v 20.000000 -22.018944 -3.459046
v 20.000000 -22.039396 -3.503713
v 20.000000 -22.057611 -3.550022
v 20.000000 -22.073568 -3.597923
v 20.000000 -22.087250 -3.647362
v 20.000000 -22.098642 -3.698285
v 20.000000 -22.107729 -3.750637
v 20.000000 -22.114504 -3.804360
v 20.000000 -22.118959 -3.859396
v 20.000000 -22.121088 -3.915683
v 20.000000 -22.120890 -3.973160
v 20.000000 -22.118362 -4.031764
v 20.000000 -22.113512 -4.091430
v 20.000000 -22.106340 -4.152094
v 20.000000 -22.096859 -4.213688
v 20.000000 -22.071005 -4.339396
v 20.000000 -22.036062 -4.468004
v 20.000000 -21.992184 -4.598947
v 20.000000 -21.939562 -4.731649
v 20.000000 -21.878429 -4.865530
v 20.000000 -21.809053 -5.000000
v 20.129559 -21.864262 -5.000000
v 20.258589 -21.911875 -5.000000
v 20.386568 -21.951700 -5.000000
v 20.512970 -21.983578 -5.000000
v 20.637285 -22.007374 -5.000000
v 20.759003 -22.022993 -5.000000
v 20.877630 -22.030373 -5.000000
v 20.935633 -22.030962 -5.000000
v 20.992682 -22.029482 -5.000000
v 21.048719 -22.025934 -5.000000
v 21.103691 -22.020325 -5.000000
v 21.157536 -22.012655 -5.000000
v 21.210203 -22.002937 -5.000000
v 21.261637 -21.991179 -5.000000
v 21.311787 -21.977390 -5.000000
v 21.360600 -21.961590 -5.000000
v 21.408028 -21.943790 -5.000000
v 21.454020 -21.924011 -5.000000
v 21.498531 -21.902273 -5.000000
v 21.541517 -21.878595 -5.000000
v 21.582933 -21.853006 -5.000000
v 21.622736 -21.825527 -5.000000
v 21.660887 -21.796190 -5.000000
v 21.697346 -21.765024 -5.000000
v 21.732075 -21.732059 -5.000000
v 21.765041 -21.697330 -5.000000
v 21.796207 -21.660873 -5.000000
v 21.825546 -21.622723 -5.000000
v 21.853025 -21.582922 -5.000000
v 21.878616 -21.541506 -5.000000
v 21.902294 -21.498522 -5.000000
v 21.924034 -21.454010 -5.000000
v 21.943813 -21.408018 -5.000000
v 21.961615 -21.360592 -5.000000
v 21.977417 -21.311779 -5.000000
v 21.991203 -21.261631 -5.000000
v 22.002964 -21.210197 -5.000000
v 22.012684 -21.157530 -5.000000
v 22.020353 -21.103685 -5.000000
v 22.025965 -21.048716 -5.000000
v 22.029512 -20.992678 -5.000000
v 22.030994 -20.935629 -5.000000
v 22.030407 -20.877626 -5.000000
v 22.023029 -20.759001 -5.000000
v 22.007412 -20.637283 -5.000000
v 21.983618 -20.512970 -5.000000
v 21.951742 -20.386566 -5.000000
v 21.911919 -20.258589 -5.000000
v 21.864307 -20.129559 -5.000000
v 21.809101 -20.000000 -5.000000
v 21.878481 -20.000000 -4.865526
v 21.939617 -20.000000 -4.731643
v 21.992241 -20.000000 -4.598937
v 22.036121 -20.000000 -4.467991
v 22.071066 -20.000000 -4.339381
v 22.096922 -20.000000 -4.213669
v 22.106405 -20.000000 -4.152073
v 22.113575 -20.000000 -4.091408
v 22.118427 -20.000000 -4.031740
v 22.120955 -20.000000 -3.973135
v 22.121153 -20.000000 -3.915656
v 22.119024 -20.000000 -3.859368
v 22.114571 -20.000000 -3.804331
v 22.107796 -20.000000 -3.750607
v 22.098707 -20.000000 -3.698254
v 22.087317 -20.000000 -3.647329
v 22.073633 -20.000000 -3.597889
v 22.057676 -20.000000 -3.549988
v 22.039461 -20.000000 -3.503677
v 22.019007 -20.000000 -3.459009
v 21.996336 -20.000000 -3.416033
v 21.971476 -20.000000 -3.374794
v 21.944452 -20.000000 -3.335339
v 21.915295 -20.000000 -3.297711
v 21.884035 -20.000000 -3.261952
v 21.850706 -20.000000 -3.228099
v 21.815348 -20.000000 -3.196192
v 21.777998 -20.000000 -3.166263
v 21.738695 -20.000000 -3.138348
v 21.697485 -20.000000 -3.112475
v 21.654411 -20.000000 -3.088674
v 21.609524 -20.000000 -3.066970
v 21.562868 -20.000000 -3.047388
v 21.514498 -20.000000 -3.029949
v 21.464466 -20.000000 -3.014671
v 21.412827 -20.000000 -3.001573
v 21.359638 -20.000000 -2.990668
v 21.304955 -20.000000 -2.981968
v 21.248842 -20.000000 -2.975482
v 21.191357 -20.000000 -2.971219
v 21.132565 -20.000000 -2.969182
v 21.072531 -20.000000 -2.969373
v 20.948997 -20.000000 -2.976439
v 20.821299 -20.000000 -2.992386
v 20.689997 -20.000000 -3.017144
v 20.555666 -20.000000 -3.050603
v 20.418898 -20.000000 -3.092618
v 20.280291 -20.000000 -3.143003
v 20.140453 -20.000000 -3.201538
v 20.000000 -20.000000 -3.267966
v 20.000000 -20.140450 -3.201543
v 20.000000 -20.280283 -3.143013
v 20.000000 -20.418886 -3.092632
v 20.000000 -20.555653 -3.050622
v 20.000000 -20.689978 -3.017166
v 20.000000 -20.821276 -2.992412
v 20.000000 -20.948971 -2.976469
v 20.000000 -21.072500 -2.969405
v 20.000000 -21.132532 -2.969215
v 20.000000 -21.191322 -2.971253
v 20.000000 -21.248806 -2.975518
v 20.000000 -21.304916 -2.982004
v 20.000000 -21.359596 -2.990705
v 20.000000 -21.412785 -3.001611
v 20.000000 -21.464422 -3.014710
v 20.000000 -21.514452 -3.029988
v 20.000000 -21.562820 -3.047428
v 20.000000 -21.609474 -3.067010
v 20.000000 -21.654362 -3.088714
v 20.000000 -21.697433 -3.112515
v 20.000000 -21.738642 -3.138388
v 20.000000 -21.777943 -3.166304
v 20.000000 -21.815292 -3.196232
v 20.000000 -21.850649 -3.228139
v 20.000000 -30.000000 -5.000000
v 22.014446 -25.294052 -5.000000
v 22.032471 -25.440191 -5.000000
v 22.057644 -25.585272 -5.000000
v 22.089907 -25.728941 -5.000000
v 22.129179 -25.870853 -5.000000
v 22.175367 -26.010670 -5.000000
v 22.228361 -26.148050 -5.000000
v 22.288033 -26.282665 -5.000000
v 22.354237 -26.414190 -5.000000
v 22.426815 -26.542309 -5.000000
v 22.505590 -26.666710 -5.000000
v 22.590378 -26.787098 -5.000000
v 22.680969 -26.903179 -5.000000
v 22.777147 -27.014677 -5.000000
v 22.878679 -27.121321 -5.000000
v 22.985323 -27.222853 -5.000000
v 23.096821 -27.319031 -5.000000
v 23.212902 -27.409622 -5.000000
v 23.333290 -27.494410 -5.000000
v 23.457691 -27.573185 -5.000000
v 23.585810 -27.645763 -5.000000
v 23.717335 -27.711967 -5.000000
v 23.851950 -27.771639 -5.000000
v 23.989330 -27.824633 -5.000000
v 24.129147 -27.870821 -5.000000
v 24.271059 -27.910093 -5.000000
v 24.414728 -27.942356 -5.000000
v 24.559809 -27.967529 -5.000000
v 24.705948 -27.985554 -5.000000
v 24.852797 -27.996386 -5.000000
v 25.000000 -28.000000 -5.000000
v 30.000000 -30.000000 -5.000000
v 25.147203 -27.996386 -5.000000
v 25.294052 -27.985554 -5.000000
v 25.440191 -27.967529 -5.000000
v 25.585272 -27.942356 -5.000000
v 25.728941 -27.910093 -5.000000
v 25.870853 -27.870821 -5.000000
v 26.010670 -27.824633 -5.000000
v 26.148050 -27.771639 -5.000000
v 26.282665 -27.711967 -5.000000
v 26.414190 -27.645763 -5.000000
v 26.542309 -27.573185 -5.000000
v 26.666710 -27.494410 -5.000000
v 26.787098 -27.409622 -5.000000
v 26.903179 -27.319031 -5.000000
v 27.014677 -27.222853 -5.000000
v 27.121321 -27.121321 -5.000000
v 27.222853 -27.014677 -5.000000
v 27.319031 -26.903179 -5.000000
v 27.409622 -26.787098 -5.000000
v 27.494410 -26.666710 -5.000000
v 27.573185 -26.542309 -5.000000
v 27.645763 -26.414190 -5.000000
v 27.711967 -26.282665 -5.000000
v 27.771639 -26.148050 -5.000000
v 27.824633 -26.010670 -5.000000
v 27.870821 -25.870853 -5.000000
v 27.910093 -25.728941 -5.000000
v 27.942356 -25.585272 -5.000000
v 27.967529 -25.440191 -5.000000
v 27.985554 -25.294052 -5.000000
v 27.996386 -25.147203 -5.000000
v 28.000000 -25.000000 -5.000000
v 30.000000 -20.000000 -5.000000
v 27.996386 -24.852797 -5.000000
v 27.985554 -24.705948 -5.000000
v 27.967529 -24.559809 -5.000000
v 27.942356 -24.414728 -5.000000
v 27.910093 -24.271059 -5.000000
v 27.870821 -24.129147 -5.000000
v 27.824633 -23.989330 -5.000000
v 27.771639 -23.851950 -5.000000
v 27.711967 -23.717335 -5.000000
v 27.645763 -23.585810 -5.000000
v 27.573185 -23.457691 -5.000000
v 27.494410 -23.333290 -5.000000
v 27.409622 -23.212902 -5.000000
v 27.319031 -23.096821 -5.000000
v 27.222853 -22.985323 -5.000000
v 27.121321 -22.878679 -5.000000
v 27.014677 -22.777147 -5.000000
v 26.903179 -22.680969 -5.000000
v 26.787098 -22.590378 -5.000000
v 26.666710 -22.505590 -5.000000
v 26.542309 -22.426815 -5.000000
v 26.414190 -22.354237 -5.000000
v 26.282665 -22.288033 -5.000000
v 26.148050 -22.228361 -5.000000
v 26.010670 -22.175367 -5.000000
v 25.870853 -22.129179 -5.000000
v 25.728941 -22.089907 -5.000000
v 25.585272 -22.057644 -5.000000
v 25.440191 -22.032471 -5.000000
v 25.294052 -22.014446 -5.000000
v 25.147203 -22.003614 -5.000000
v 25.000000 -22.000000 -5.000000
v 24.852797 -22.003614 -5.000000
v 24.705948 -22.014446 -5.000000
v 24.559809 -22.032471 -5.000000
v 24.414728 -22.057644 -5.000000
v 24.271059 -22.089907 -5.000000
v 24.129147 -22.129179 -5.000000
v 23.989330 -22.175367 -5.000000
v 22.003614 -25.147203 -5.000000
v 22.000000 -25.000000 -5.000000
v 22.003614 -24.852797 -5.000000
v 22.014446 -24.705948 -5.000000
v 22.032471 -24.559809 -5.000000
v 22.057644 -24.414728 -5.000000
v 22.089907 -24.271059 -5.000000
v 22.129179 -24.129147 -5.000000
v 22.175367 -23.989330 -5.000000
v 22.228361 -23.851950 -5.000000
v 22.288033 -23.717335 -5.000000
v 22.354237 -23.585810 -5.000000
v 22.426815 -23.457691 -5.000000
v 22.505590 -23.333290 -5.000000
v 22.590378 -23.212902 -5.000000
v 22.680969 -23.096821 -5.000000
v 22.777147 -22.985323 -5.000000
v 22.878679 -22.878679 -5.000000
v 22.985323 -22.777147 -5.000000
v 23.096821 -22.680969 -5.000000
v 23.212902 -22.590378 -5.000000
v 23.333290 -22.505590 -5.000000
v 23.457691 -22.426815 -5.000000
v 23.585810 -22.354237 -5.000000
v 23.717335 -22.288033 -5.000000
v 23.851950 -22.228361 -5.000000
v 22.003614 -20.000000 -0.147203
v 22.014446 -20.000000 -0.294051
v 22.032471 -20.000000 -0.440191
v 22.057644 -20.000000 -0.585271
v 22.089907 -20.000000 -0.728941
v 22.129179 -20.000000 -0.870854
v 22.175367 -20.000000 -1.010670
v 22.228361 -20.000000 -1.148050
v 22.288033 -20.000000 -1.282665
v 22.354237 -20.000000 -1.414190
v 22.426815 -20.000000 -1.542308
v 22.505590 -20.000000 -1.666711
v 22.590378 -20.000000 -1.787098
v 22.680969 -20.000000 -1.903180
v 22.777147 -20.000000 -2.014677
v 22.878679 -20.000000 -2.121320
v 22.985323 -20.000000 -2.222853
v 23.096821 -20.000000 -2.319031
v 23.212902 -20.000000 -2.409623
v 23.333290 -20.000000 -2.494409
v 23.457691 -20.000000 -2.573186
v 23.585810 -20.000000 -2.645764
v 23.717335 -20.000000 -2.711968
v 23.851950 -20.000000 -2.771639
v 23.989330 -20.000000 -2.824632
v 24.129147 -20.000000 -2.870821
v 24.271059 -20.000000 -2.910094
v 24.414728 -20.000000 -2.942356
v 24.559809 -20.000000 -2.967530
v 24.705948 -20.000000 -2.985554
v 24.852797 -20.000000 -2.996386
v 25.000000 -20.000000 -3.000000
v 25.147203 -20.000000 -2.996386
v 25.294052 -20.000000 -2.985554
v 25.440191 -20.000000 -2.967530
v 25.585272 -20.000000 -2.942356
v 25.728941 -20.000000 -2.910094
v 25.870853 -20.000000 -2.870821
v 26.010670 -20.000000 -2.824632
v 26.148050 -20.000000 -2.771639
v 26.282665 -20.000000 -2.711968
v 26.414190 -20.000000 -2.645764
v 26.542309 -20.000000 -2.573186
v 26.666710 -20.000000 -2.494409
v 26.787098 -20.000000 -2.409623
v 26.903179 -20.000000 -2.319031
v 27.014677 -20.000000 -2.222853
v 27.121321 -20.000000 -2.121320
v 27.222853 -20.000000 -2.014677
v 27.319031 -20.000000 -1.903180
v 27.409622 -20.000000 -1.787098
v 27.494410 -20.000000 -1.666711
v 27.573185 -20.000000 -1.542308
v 27.645763 -20.000000 -1.414190
v 27.711967 -20.000000 -1.282665
v 27.771639 -20.000000 -1.148050
v 27.824633 -20.000000 -1.010670
v 27.870821 -20.000000 -0.870854
v 27.910093 -20.000000 -0.728941
v 27.942356 -20.000000 -0.585271
v 27.967529 -20.000000 -0.440191
v 27.985554 -20.000000 -0.294051
v 27.996386 -20.000000 -0.147203
v 28.000000 -20.000000 -0.000000
v 27.996386 -20.000000 0.147203
v 27.985554 -20.000000 0.294051
v 27.967529 -20.000000 0.440191
v 27.942356 -20.000000 0.585271
v 27.910093 -20.000000 0.728941
v 27.870821 -20.000000 0.870854
v 27.824633 -20.000000 1.010670
v 27.771639 -20.000000 1.148050
v 27.711967 -20.000000 1.282665
v 27.645763 -20.000000 1.414190
v 27.573185 -20.000000 1.542308
v 27.494410 -20.000000 1.666711
v 27.409622 -20.000000 1.787098
v 27.319031 -20.000000 1.903180
v 27.222853 -20.000000 2.014677
v 27.121321 -20.000000 2.121320
v 27.014677 -20.000000 2.222853
v 26.903179 -20.000000 2.319031
v 26.787098 -20.000000 2.409623
v 26.666710 -20.000000 2.494409
v 26.542309 -20.000000 2.573186
v 26.414190 -20.000000 2.645764
v 26.282665 -20.000000 2.711968
v 26.148050 -20.000000 2.771639
v 26.010670 -20.000000 2.824632
v 25.870853 -20.000000 2.870821
v 25.728941 -20.000000 2.910094
v 25.585272 -20.000000 2.942356
v 25.440191 -20.000000 2.967530
v 25.294052 -20.000000 2.985554
v 25.147203 -20.000000 2.996386
v 25.000000 -20.000000 3.000000
v 24.852797 -20.000000 2.996386
v 24.705948 -20.000000 2.985554
v 24.559809 -20.000000 2.967530
v 24.414728 -20.000000 2.942356
v 24.271059 -20.000000 2.910094
v 24.129147 -20.000000 2.870821
v 23.989330 -20.000000 2.824632
v 23.851950 -20.000000 2.771639
v 23.717335 -20.000000 2.711968
v 23.585810 -20.000000 2.645764
v 23.457691 -20.000000 2.573186
v 23.333290 -20.000000 2.494409
v 23.212902 -20.000000 2.409623
v 23.096821 -20.000000 2.319031
v 22.985323 -20.000000 2.222853
v 22.878679 -20.000000 2.121320
v 22.777147 -20.000000 2.014677
v 22.680969 -20.000000 1.903180
v 22.590378 -20.000000 1.787098
v 22.505590 -20.000000 1.666711
v 22.426815 -20.000000 1.542308
v 22.354237 -20.000000 1.414190
v 22.288033 -20.000000 1.282665
v 22.228361 -20.000000 1.148050
v 22.175367 -20.000000 1.010670
v 22.129179 -20.000000 0.870854
v 22.089907 -20.000000 0.728941
v 22.057644 -20.000000 0.585271
v 22.032471 -20.000000 0.440191
v 22.014446 -20.000000 0.294051
v 22.003614 -20.000000 0.147203
v 22.000000 -20.000000 0.000000
v 30.000000 -20.000000 5.000000
v 20.000000 -20.000000 5.000000
v 20.000000 -22.175367 -1.010670
v 20.000000 -22.228361 -1.148050
v 20.000000 -22.288033 -1.282665
v 20.000000 -22.354237 -1.414190
v 20.000000 -22.426815 -1.542308
v 20.000000 -22.505590 -1.666711
v 20.000000 -22.590378 -1.787098
v 20.000000 -22.680969 -1.903180
v 20.000000 -22.777147 -2.014677
v 20.000000 -22.878679 -2.121320
v 20.000000 -22.985323 -2.222853
v 20.000000 -23.096821 -2.319031
v 20.000000 -23.212902 -2.409623
v 20.000000 -23.333290 -2.494409
v 20.000000 -23.457691 -2.573186
v 20.000000 -23.585810 -2.645764
v 20.000000 -23.717335 -2.711968
v 20.000000 -23.851950 -2.771639
v 20.000000 -23.989330 -2.824632
v 20.000000 -24.129147 -2.870821
v 20.000000 -24.271059 -2.910094
v 20.000000 -24.414728 -2.942356
v 20.000000 -24.559809 -2.967530
v 20.000000 -22.129179 -0.870854
v 20.000000 -24.705948 -2.985554
v 20.000000 -24.852797 -2.996386
v 20.000000 -25.000000 -3.000000
v 20.000000 -25.147203 -2.996386
v 20.000000 -25.294052 -2.985554
v 20.000000 -25.440191 -2.967530
v 20.000000 -25.585272 -2.942356
v 20.000000 -25.728941 -2.910094
v 20.000000 -25.870853 -2.870821
v 20.000000 -26.010670 -2.824632
v 20.000000 -26.148050 -2.771639
v 20.000000 -26.282665 -2.711968
v 20.000000 -26.414190 -2.645764
v 20.000000 -26.542309 -2.573186
v 20.000000 -26.666710 -2.494409
v 20.000000 -26.787098 -2.409623
v 20.000000 -26.903179 -2.319031
v 20.000000 -27.014677 -2.222853
v 20.000000 -27.121321 -2.121320
v 20.000000 -27.222853 -2.014677
v 20.000000 -27.319031 -1.903180
v 20.000000 -27.409622 -1.787098
v 20.000000 -27.494410 -1.666711
v 20.000000 -27.573185 -1.542308
v 20.000000 -27.645763 -1.414190
v 20.000000 -27.711967 -1.282665
v 20.000000 -27.771639 -1.148050
v 20.000000 -27.824633 -1.010670
v 20.000000 -27.870821 -0.870854
v 20.000000 -27.910093 -0.728941
v 20.000000 -27.942356 -0.585271
v 20.000000 -27.967529 -0.440191
v 20.000000 -27.985554 -0.294051
v 20.000000 -27.996386 -0.147203
v 20.000000 -28.000000 0.000000
v 20.000000 -30.000000 5.000000
v 20.000000 -27.996386 0.147203
v 20.000000 -27.985554 0.294051
v 20.000000 -27.967529 0.440191
v 20.000000 -27.942356 0.585271
v 20.000000 -27.910093 0.728941
v 20.000000 -27.870821 0.870854
v 20.000000 -27.824633 1.010670
v 20.000000 -27.771639 1.148050
v 20.000000 -27.711967 1.282665
v 20.000000 -27.645763 1.414190
v 20.000000 -27.573185 1.542308
v 20.000000 -27.494410 1.666711
v 20.000000 -27.409622 1.787098
v 20.000000 -27.319031 1.903180
v 20.000000 -27.222853 2.014677
v 20.000000 -27.121321 2.121320
v 20.000000 -27.014677 2.222853
v 20.000000 -26.903179 2.319031
v 20.000000 -26.787098 2.409623
v 20.000000 -26.666710 2.494409
v 20.000000 -26.542309 2.573186
v 20.000000 -26.414190 2.645764
v 20.000000 -26.282665 2.711968
v 20.000000 -26.148050 2.771639
v 20.000000 -26.010670 2.824632
v 20.000000 -25.870853 2.870821
v 20.000000 -25.728941 2.910094
v 20.000000 -25.585272 2.942356
v 20.000000 -25.440191 2.967530
v 20.000000 -25.294052 2.985554
v 20.000000 -25.147203 2.996386
v 20.000000 -25.000000 3.000000
v 20.000000 -24.852797 2.996386
v 20.000000 -24.705948 2.985554
v 20.000000 -22.000000 -0.000000
v 20.000000 -22.003614 0.147203
v 20.000000 -22.003614 -0.147203
v 20.000000 -22.014446 -0.294051
v 20.000000 -22.089907 -0.728941
v 20.000000 -22.057644 -0.585271
v 20.000000 -22.032471 -0.440191
v 20.000000 -22.014446 0.294051
v 20.000000 -22.032471 0.440191
v 20.000000 -22.057644 0.585271
v 20.000000 -22.089907 0.728941
v 20.000000 -22.129179 0.870854
v 20.000000 -22.175367 1.010670
v 20.000000 -22.228361 1.148050
v 20.000000 -22.288033 1.282665
v 20.000000 -22.354237 1.414190
v 20.000000 -22.426815 1.542308
v 20.000000 -22.505590 1.666711
v 20.000000 -22.590378 1.787098
v 20.000000 -22.680969 1.903180
v 20.000000 -22.777147 2.014677
v 20.000000 -22.878679 2.121320
v 20.000000 -22.985323 2.222853
v 20.000000 -23.096821 2.319031
v 20.000000 -23.212902 2.409623
v 20.000000 -23.333290 2.494409
v 20.000000 -23.457691 2.573186
v 20.000000 -23.585810 2.645764
v 20.000000 -23.717335 2.711968
v 20.000000 -23.851950 2.771639
v 20.000000 -23.989330 2.824632
v 20.000000 -24.129147 2.870821
v 20.000000 -24.271059 2.910094
v 20.000000 -24.414728 2.942356
v 20.000000 -24.559809 2.967530
v 30.000000 -30.000000 5.000000
v -20.000000 21.915234 -3.297751
v -20.000000 21.883976 -3.261991
v -20.000000 21.944391 -3.335378
v -20.000000 21.971415 -3.374832
v -20.000000 21.996275 -3.416070
v -20.000000 22.018944 -3.459046
v -20.000000 22.039396 -3.503713
v -20.000000 22.057611 -3.550022
v -20.000000 22.073568 -3.597923
v -20.000000 22.087250 -3.647362
v -20.000000 22.098642 -3.698285
v -20.000000 22.107729 -3.750637
v -20.000000 22.114504 -3.804360
v -20.000000 22.118959 -3.859396
v -20.000000 22.121088 -3.915683
v -20.000000 22.120890 -3.973160
v -20.000000 22.118362 -4.031764
v -20.000000 22.113512 -4.091430
v -20.000000 22.106340 -4.152094
v -20.000000 22.096859 -4.213688
v -20.000000 22.071005 -4.339396
v -20.000000 22.036062 -4.468004
v -20.000000 21.992184 -4.598947
v -20.000000 21.939562 -4.731649
v -20.000000 21.878429 -4.865530
v -20.000000 21.809053 -5.000000
v -20.129559 21.864262 -5.000000
v -20.258589 21.911875 -5.000000
v -20.386568 21.951700 -5.000000
v -20.512970 21.983578 -5.000000
v -20.637285 22.007374 -5.000000
v -20.759003 22.022993 -5.000000
v -20.877630 22.030373 -5.000000
v -20.935633 22.030962 -5.000000
v -20.992682 22.029482 -5.000000
v -21.048719 22.025934 -5.000000
v -21.103691 22.020325 -5.000000
v -21.157536 22.012655 -5.000000
v -21.210203 22.002937 -5.000000
v -21.261637 21.991179 -5.000000
v -21.311787 21.977390 -5.000000
v -21.360600 21.961590 -5.000000
v -21.408028 21.943790 -5.000000
v -21.454020 21.924011 -5.000000
v -21.498531 21.902273 -5.000000
v -21.541517 21.878595 -5.000000
v -21.582933 21.853006 -5.000000
v -21.622736 21.825527 -5.000000
v -21.660887 21.796190 -5.000000
v -21.697346 21.765024 -5.000000
v -21.732075 21.732059 -5.000000
v -21.765041 21.697330 -5.000000
v -21.796207 21.660873 -5.000000
v -21.825546 21.622723 -5.000000
v -21.853025 21.582922 -5.000000
v -21.878616 21.541506 -5.000000
v -21.902294 21.498522 -5.000000
v -21.924034 21.454010 -5.000000
v -21.943813 21.408018 -5.000000
v -21.961615 21.360592 -5.000000
v -21.977417 21.311779 -5.000000
v -21.991203 21.261631 -5.000000
v -22.002964 21.210197 -5.000000
v -22.012684 21.157530 -5.000000
v -22.020353 21.103685 -5.000000
v -22.025965 21.048716 -5.000000
v -22.029512 20.992678 -5.000000
v -22.030994 20.935629 -5.000000
v -22.030407 20.877626 -5.000000
v -22.023029 20.759001 -5.000000
v -22.007412 20.637283 -5.000000
v -21.983618 20.512970 -5.000000
v -21.951742 20.386566 -5.000000
v -21.911919 20.258589 -5.000000
v -21.864307 20.129559 -5.000000
v -21.809101 20.000000 -5.000000
v -21.878481 20.000000 -4.865526
v -21.939617 20.000000 -4.731643
v -21.992241 20.000000 -4.598937
v -22.036121 20.000000 -4.467991
v -22.071066 20.000000 -4.339381
v -22.096922 20.000000 -4.213669
v -22.106405 20.000000 -4.152073
v -22.113575 20.000000 -4.091408
v -22.118427 20.000000 -4.031740
v -22.120955 20.000000 -3.973135
v -22.121153 20.000000 -3.915656
v -22.119024 20.000000 -3.859368
v -22.114571 20.000000 -3.804331
v -22.107796 20.000000 -3.750607
v -22.098707 20.000000 -3.698254
v -22.087317 20.000000 -3.647329
v -22.073633 20.000000 -3.597889
v -22.057676 20.000000 -3.549988
v -22.039461 20.000000 -3.503677
v -22.019007 20.000000 -3.459009
v -21.996336 20.000000 -3.416033
v -21.971476 20.000000 -3.374794
v -21.944452 20.000000 -3.335339
v -21.915295 20.000000 -3.297711
v -21.884035 20.000000 -3.261952
v -21.850706 20.000000 -3.228099
v -21.815348 20.000000 -3.196192
v -21.777998 20.000000 -3.166263
v -21.738695 20.000000 -3.138348
v -21.697485 20.000000 -3.112475
v -21.654411 20.000000 -3.088674
v -21.609524 20.000000 -3.066970
v -21.562868 20.000000 -3.047388
v -21.514498 20.000000 -3.029949
v -21.464466 20.000000 -3.014671
v -21.412827 20.000000 -3.001573
v -21.359638 20.000000 -2.990668
v -21.304955 20.000000 -2.981968
v -21.248842 20.000000 -2.975482
v -21.191357 20.000000 -2.971219
v -21.132565 20.000000 -2.969182
v -21.072531 20.000000 -2.969373
v -20.948997 20.000000 -2.976439
v -20.821299 20.000000 -2.992386
v -20.689997 20.000000 -3.017144
v -20.555666 20.000000 -3.050603
v -20.418898 20.000000 -3.092618
v -20.280291 20.000000 -3.143003
v -20.140453 20.000000 -3.201538
v -20.000000 20.000000 -3.267966
v -20.000000 20.140450 -3.201543
v -20.000000 20.280283 -3.143013
v -20.000000 20.418886 -3.092632
v -20.000000 20.555653 -3.050622
v -20.000000 20.689978 -3.017166
v -20.000000 20.821276 -2.992412
v -20.000000 20.948971 -2.976469
v -20.000000 21.072500 -2.969405
v -20.000000 21.132532 -2.969215
v -20.000000 21.191322 -2.971253
v -20.000000 21.248806 -2.975518
v -20.000000 21.304916 -2.982004
v -20.000000 21.359596 -2.990705
v -20.000000 21.412785 -3.001611
v -20.000000 21.464422 -3.014710
v -20.000000 21.514452 -3.029988
v -20.000000 21.562820 -3.047428
v -20.000000 21.609474 -3.067010
v -20.000000 21.654362 -3.088714
v -20.000000 21.697433 -3.112515
v -20.000000 21.738642 -3.138388
v -20.000000 21.777943 -3.166304
v -20.000000 21.815292 -3.196232
v -20.000000 21.850649 -3.228139
v -20.000000 30.000000 -5.000000
v -22.057644 25.585272 -5.000000
v -22.089907 25.728941 -5.000000
v -22.129179 25.870853 -5.000000
v -22.175367 26.010670 -5.000000
v -22.228361 26.148050 -5.000000
v -22.288033 26.282665 -5.000000
v -22.354237 26.414190 -5.000000
v -22.426815 26.542309 -5.000000
v -22.505590 26.666710 -5.000000
v -22.590378 26.787098 -5.000000
v -22.680969 26.903179 -5.000000
v -22.777147 27.014677 -5.000000
v -22.878679 27.121321 -5.000000
v -22.985323 27.222853 -5.000000
v -23.096821 27.319031 -5.000000
v -23.212902 27.409622 -5.000000
v -23.333290 27.494410 -5.000000
v -23.457691 27.573185 -5.000000
v -23.585810 27.645763 -5.000000
v -23.717335 27.711967 -5.000000
v -23.851950 27.771639 -5.000000
v -23.989330 27.824633 -5.000000
v -24.129147 27.870821 -5.000000
v -24.271059 27.910093 -5.000000
v -24.414728 27.942356 -5.000000
v -24.559809 27.967529 -5.000000
v -24.705948 27.985554 -5.000000
v -24.852797 27.996386 -5.000000
v -25.000000 28.000000 -5.000000
v -30.000000 30.000000 -5.000000
v -25.147203 27.996386 -5.000000
v -25.294052 27.985554 -5.000000
v -25.440191 27.967529 -5.000000
v -25.585272 27.942356 -5.000000
v -25.728941 27.910093 -5.000000
v -25.870853 27.870821 -5.000000
v -26.010670 27.824633 -5.000000
v -26.148050 27.771639 -5.000000
v -26.282665 27.711967 -5.000000
v -26.414190 27.645763 -5.000000
v -26.542309 27.573185 -5.000000
v -26.666710 27.494410 -5.000000
v -26.787098 27.409622 -5.000000
v -26.903179 27.319031 -5.000000
v -27.014677 27.222853 -5.000000
v -27.121321 27.121321 -5.000000
v -27.222853 27.014677 -5.000000
v -27.319031 26.903179 -5.000000
v -27.409622 26.787098 -5.000000
v -27.494410 26.666710 -5.000000
v -27.573185 26.542309 -5.000000
v -27.645763 26.414190 -5.000000
v -27.711967 26.282665 -5.000000
v -27.771639 26.148050 -5.000000
v -27.824633 26.010670 -5.000000
v -27.870821 25.870853 -5.000000
v -27.910093 25.728941 -5.000000
v -27.942356 25.585272 -5.000000
v -27.967529 25.440191 -5.000000
v -27.985554 25.294052 -5.000000
v -27.996386 25.147203 -5.000000
v -28.000000 25.000000 -5.000000
v -30.000000 20.000000 -5.000000
v -27.996386 24.852797 -5.000000
v -27.985554 24.705948 -5.000000
v -27.967529 24.559809 -5.000000
v -27.942356 24.414728 -5.000000
v -27.910093 24.271059 -5.000000
v -27.870821 24.129147 -5.000000
v -27.824633 23.989330 -5.000000
v -27.771639 23.851950 -5.000000
v -27.711967 23.717335 -5.000000
v -27.645763 23.585810 -5.000000
v -27.573185 23.457691 -5.000000
v -27.494410 23.333290 -5.000000
v -27.409622 23.212902 -5.000000
v -27.319031 23.096821 -5.000000
v -27.222853 22.985323 -5.000000
v -27.121321 22.878679 -5.000000
v -27.014677 22.777147 -5.000000
v -26.903179 22.680969 -5.000000
v -26.787098 22.590378 -5.000000
v -26.666710 22.505590 -5.000000
v -26.542309 22.426815 -5.000000
v -26.414190 22.354237 -5.000000
v -26.282665 22.288033 -5.000000
v -26.148050 22.228361 -5.000000
v -26.010670 22.175367 -5.000000
v -25.870853 22.129179 -5.000000
v -25.728941 22.089907 -5.000000
v -25.585272 22.057644 -5.000000
v -25.440191 22.032471 -5.000000
v -25.294052 22.014446 -5.000000
v -25.147203 22.003614 -5.000000
v -25.000000 22.000000 -5.000000
v -24.852797 22.003614 -5.000000
v -24.705948 22.014446 -5.000000
v -24.559809 22.032471 -5.000000
v -24.414728 22.057644 -5.000000
v -24.271059 22.089907 -5.000000
v -24.129147 22.129179 -5.000000
v -23.989330 22.175367 -5.000000
v -22.032471 25.440191 -5.000000
v -22.014446 25.294052 -5.000000
v -22.003614 25.147203 -5.000000
v -22.000000 25.000000 -5.000000
v -22.003614 24.852797 -5.000000
v -22.014446 24.705948 -5.000000
v -22.032471 24.559809 -5.000000
v -22.057644 24.414728 -5.000000
v -22.089907 24.271059 -5.000000
v -22.129179 24.129147 -5.000000
v -22.175367 23.989330 -5.000000
v -22.228361 23.851950 -5.000000
v -22.288033 23.717335 -5.000000
v -22.354237 23.585810 -5.000000
v -22.426815 23.457691 -5.000000
v -22.505590 23.333290 -5.000000
v -22.590378 23.212902 -5.000000
v -22.680969 23.096821 -5.000000
v -23.212902 22.590378 -5.000000
v -23.333290 22.505590 -5.000000
v -23.457691 22.426815 -5.000000
v -23.585810 22.354237 -5.000000
v -23.717335 22.288033 -5.000000
v -23.851950 22.228361 -5.000000
v -23.096821 22.680969 -5.000000
v -22.985323 22.777147 -5.000000
v -22.878679 22.878679 -5.000000
v -22.777147 22.985323 -5.000000
v -20.000000 27.996386 -0.147203
v -20.000000 27.985554 -0.294051
v -20.000000 27.967529 -0.440191
v -20.000000 27.942356 -0.585271
v -20.000000 27.910093 -0.728941
v -20.000000 27.870821 -0.870854
v -20.000000 27.824633 -1.010670
v -20.000000 27.771639 -1.148050
v -20.000000 27.711967 -1.282665
v -20.000000 27.645763 -1.414190
v -20.000000 27.573185 -1.542308
v -20.000000 27.494410 -1.666711
v -20.000000 27.409622 -1.787098
v -20.000000 27.319031 -1.903180
v -20.000000 27.222853 -2.014677
v -20.000000 27.121321 -2.121320
v -20.000000 27.014677 -2.222853
v -20.000000 26.903179 -2.319031
v -20.000000 26.787098 -2.409623
v -20.000000 26.666710 -2.494409
v -20.000000 26.542309 -2.573186
v -20.000000 26.414190 -2.645764
v -20.000000 26.282665 -2.711968
v -20.000000 26.148050 -2.771639
v -20.000000 26.010670 -2.824632
v -20.000000 25.870853 -2.870821
v -20.000000 25.728941 -2.910094
v -20.000000 25.585272 -2.942356
v -20.000000 25.440191 -2.967530
v -20.000000 25.294052 -2.985554
v -20.000000 25.147203 -2.996386
v -20.000000 25.000000 -3.000000
v -20.000000 24.852797 -2.996386
v -20.000000 24.705948 -2.985554
v -20.000000 24.559809 -2.967530
v -20.000000 24.414728 -2.942356
v -20.000000 24.271059 -2.910094
v -20.000000 24.129147 -2.870821
v -20.000000 23.989330 -2.824632
v -20.000000 23.851950 -2.771639
v -20.000000 23.717335 -2.711968
v -20.000000 23.585810 -2.645764
v -20.000000 23.457691 -2.573186
v -20.000000 23.333290 -2.494409
v -20.000000 23.212902 -2.409623
v -20.000000 23.096821 -2.319031
v -20.000000 22.985323 -2.222853
v -20.000000 22.878679 -2.121320
v -20.000000 22.777147 -2.014677
v -20.000000 22.680969 -1.903180
v -20.000000 22.590378 -1.787098
v -20.000000 22.505590 -1.666711
v -20.000000 22.426815 -1.542308
v -20.000000 22.354237 -1.414190
v -20.000000 22.288033 -1.282665
v -20.000000 22.228361 -1.148050
v -20.000000 22.175367 -1.010670
v -20.000000 22.129179 -0.870854
v -20.000000 22.089907 -0.728941
v -20.000000 22.057644 -0.585271
v -20.000000 22.032471 -0.440191
v -20.000000 22.014446 -0.294051
v -20.000000 22.003614 -0.147203
v -20.000000 22.000000 -0.000000
v -20.000000 22.003614 0.147203
v -20.000000 22.014446 0.294051
v -20.000000 22.032471 0.440191
v -20.000000 22.057644 0.585271
v -20.000000 22.089907 0.728941
v -20.000000 22.129179 0.870854
v -20.000000 22.175367 1.010670
v -20.000000 22.228361 1.148050
v -20.000000 22.288033 1.282665
v -20.000000 22.354237 1.414190
v -20.000000 22.426815 1.542308
v -20.000000 22.505590 1.666711
v -20.000000 22.590378 1.787098
v -20.000000 22.680969 1.903180
v -20.000000 22.777147 2.014677
v -20.000000 22.878679 2.121320
v -20.000000 22.985323 2.222853
v -20.000000 23.096821 2.319031
v -20.000000 23.212902 2.409623
v -20.000000 23.333290 2.494409
v -20.000000 23.457691 2.573186
v -20.000000 23.585810 2.645764
v -20.000000 23.717335 2.711968
v -20.000000 23.851950 2.771639
v -20.000000 23.989330 2.824632
v -20.000000 24.129147 2.870821
v -20.000000 24.271059 2.910094
v -20.000000 24.414728 2.942356
v -20.000000 24.559809 2.967530
v -20.000000 24.705948 2.985554
v -20.000000 24.852797 2.996386
v -20.000000 25.000000 3.000000
v -20.000000 25.147203 2.996386
v -20.000000 25.294052 2.985554
v -20.000000 25.440191 2.967530
v -20.000000 25.585272 2.942356
v -20.000000 25.728941 2.910094
v -20.000000 25.870853 2.870821
v -20.000000 26.010670 2.824632
v -20.000000 26.148050 2.771639
v -20.000000 26.282665 2.711968
v -20.000000 26.414190 2.645764
v -20.000000 26.542309 2.573186
v -20.000000 26.666710 2.494409
v -20.000000 26.787098 2.409623
v -20.000000 26.903179 2.319031
v -20.000000 27.014677 2.222853
v -20.000000 27.121321 2.121320
v -20.000000 27.222853 2.014677
v -20.000000 27.319031 1.903180
v -20.000000 27.409622 1.787098
v -20.000000 27.494410 1.666711
v -20.000000 27.573185 1.542308
v -20.000000 27.645763 1.414190
v -20.000000 27.711967 1.282665
v -20.000000 27.771639 1.148050
v -20.000000 27.824633 1.010670
v -20.000000 27.870821 0.870854
v -20.000000 27.910093 0.728941
v -20.000000 27.942356 0.585271
v -20.000000 27.967529 0.440191
v -20.000000 27.985554 0.294051
v -20.000000 27.996386 0.147203
v -20.000000 28.000000 0.000000
v -25.728941 20.000000 -2.910094
v -25.870853 20.000000 -2.870821
v -26.010670 20.000000 -2.824632
v -26.148050 20.000000 -2.771639
v -26.282665 20.000000 -2.711968
v -26.414190 20.000000 -2.645764
v -26.542309 20.000000 -2.573186
v -26.666710 20.000000 -2.494409
v -26.787098 20.000000 -2.409623
v -26.903179 20.000000 -2.319031
v -27.014677 20.000000 -2.222853
v -27.121321 20.000000 -2.121320
v -27.222853 20.000000 -2.014677
v -27.319031 20.000000 -1.903180
v -27.409622 20.000000 -1.787098
v -27.494410 20.000000 -1.666711
v -27.573185 20.000000 -1.542308
v -27.645763 20.000000 -1.414190
v -27.711967 20.000000 -1.282665
v -27.771639 20.000000 -1.148050
v -27.824633 20.000000 -1.010670
v -27.870821 20.000000 -0.870854
v -27.910093 20.000000 -0.728941
v -27.942356 20.000000 -0.585271
v -27.967529 20.000000 -0.440191
v -27.985554 20.000000 -0.294051
v -27.996386 20.000000 -0.147203
v -28.000000 20.000000 -0.000000
v -30.000000 20.000000 5.000000
v -27.996386 20.000000 0.147203
v -27.985554 20.000000 0.294051
v -27.967529 20.000000 0.440191
v -27.942356 20.000000 0.585271
v -27.910093 20.000000 0.728941
v -27.870821 20.000000 0.870854
v -27.824633 20.000000 1.010670
v -27.771639 20.000000 1.148050
v -27.711967 20.000000 1.282665
v -27.645763 20.000000 1.414190
v -27.573185 20.000000 1.542308
v -27.494410 20.000000 1.666711
v -27.409622 20.000000 1.787098
v -27.319031 20.000000 1.903180
v -27.222853 20.000000 2.014677
v -27.121321 20.000000 2.121320
v -27.014677 20.000000 2.222853
v -26.903179 20.000000 2.319031
v -26.787098 20.000000 2.409623
v -26.666710 20.000000 2.494409
v -26.542309 20.000000 2.573186
v -26.414190 20.000000 2.645764
v -26.282665 20.000000 2.711968
v -26.148050 20.000000 2.771639
v -26.010670 20.000000 2.824632
v -25.870853 20.000000 2.870821
v -25.728941 20.000000 2.910094
v -25.585272 20.000000 2.942356
v -25.440191 20.000000 2.967530
v -25.294052 20.000000 2.985554
v -25.147203 20.000000 2.996386
v -25.000000 20.000000 3.000000
v -20.000000 20.000000 5.000000
v -24.852797 20.000000 2.996386
v -24.705948 20.000000 2.985554
v -24.559809 20.000000 2.967530
v -24.414728 20.000000 2.942356
v -24.271059 20.000000 2.910094
v -24.129147 20.000000 2.870821
v -23.989330 20.000000 2.824632
v -23.851950 20.000000 2.771639
v -23.717335 20.000000 2.711968
v -23.585810 20.000000 2.645764
v -23.457691 20.000000 2.573186
v -23.333290 20.000000 2.494409
v -23.212902 20.000000 2.409623
v -23.096821 20.000000 2.319031
v -22.985323 20.000000 2.222853
v -22.878679 20.000000 2.121320
v -22.777147 20.000000 2.014677
v -22.680969 20.000000 1.903180
v -22.590378 20.000000 1.787098
v -22.505590 20.000000 1.666711
v -22.426815 20.000000 1.542308
v -22.354237 20.000000 1.414190
v -22.288033 20.000000 1.282665
v -22.228361 20.000000 1.148050
v -22.175367 20.000000 1.010670
v -22.129179 20.000000 0.870854
v -22.089907 20.000000 0.728941
v -22.057644 20.000000 0.585271
v -22.032471 20.000000 0.440191
v -22.014446 20.000000 0.294051
v -22.003614 20.000000 0.147203
v -22.000000 20.000000 0.000000
v -22.003614 20.000000 -0.147203
v -22.014446 20.000000 -0.294051
v -22.032471 20.000000 -0.440191
v -22.057644 20.000000 -0.585271
v -22.089907 20.000000 -0.728941
v -22.129179 20.000000 -0.870854
v -22.175367 20.000000 -1.010670
v -25.294052 20.000000 -2.985554
v -25.147203 20.000000 -2.996386
v -25.000000 20.000000 -3.000000
v -24.852797 20.000000 -2.996386
v -24.705948 20.000000 -2.985554
v -24.559809 20.000000 -2.967530
v -24.414728 20.000000 -2.942356
v -24.271059 20.000000 -2.910094
v -24.129147 20.000000 -2.870821
v -23.989330 20.000000 -2.824632
v -23.851950 20.000000 -2.771639
v -25.440191 20.000000 -2.967530
v -23.717335 20.000000 -2.711968
v -23.585810 20.000000 -2.645764
v -23.457691 20.000000 -2.573186
v -23.333290 20.000000 -2.494409
v -23.212902 20.000000 -2.409623
v -23.096821 20.000000 -2.319031
v -22.985323 20.000000 -2.222853
v -22.878679 20.000000 -2.121320
v -22.777147 20.000000 -2.014677
v -22.680969 20.000000 -1.903180
v -22.590378 20.000000 -1.787098
v -22.505590 20.000000 -1.666711
v -22.426815 20.000000 -1.542308
v -22.354237 20.000000 -1.414190
v -22.288033 20.000000 -1.282665
v -22.228361 20.000000 -1.148050
v -25.585272 20.000000 -2.942356
v -20.000000 30.000000 5.000000
v -30.000000 30.000000 5.000000
v -21.622736 -21.825527 -5.000000
v -21.660887 -21.796190 -5.000000
v -21.582933 -21.853006 -5.000000
v -21.541517 -21.878595 -5.000000
v -21.498531 -21.902273 -5.000000
v -21.454020 -21.924011 -5.000000
v -21.408028 -21.943790 -5.000000
v -21.360600 -21.961590 -5.000000
v -21.311787 -21.977390 -5.000000
v -21.261637 -21.991179 -5.000000
v -21.210203 -22.002937 -5.000000
v -21.157536 -22.012655 -5.000000
v -21.103691 -22.020325 -5.000000
v -21.048719 -22.025934 -5.000000
v -20.992682 -22.029482 -5.000000
v -20.935633 -22.030962 -5.000000
v -20.877630 -22.030373 -5.000000
v -20.759003 -22.022993 -5.000000
v -20.637285 -22.007374 -5.000000
v -20.512970 -21.983578 -5.000000
v -20.386568 -21.951700 -5.000000
v -20.258589 -21.911875 -5.000000
v -20.129559 -21.864262 -5.000000
v -20.000000 -21.809053 -5.000000
v -20.000000 -21.878429 -4.865530
v -20.000000 -21.939562 -4.731649
v -20.000000 -21.992184 -4.598947
v -20.000000 -22.036062 -4.468004
v -20.000000 -22.071005 -4.339396
v -20.000000 -22.096859 -4.213688
v -20.000000 -22.106340 -4.152094
v -20.000000 -22.113512 -4.091430
v -20.000000 -22.118362 -4.031764
v -20.000000 -22.120890 -3.973160
v -20.000000 -22.121088 -3.915683
v -20.000000 -22.118959 -3.859396
v -20.000000 -22.114504 -3.804360
v -20.000000 -22.107729 -3.750637
v -20.000000 -22.098642 -3.698285
v -20.000000 -22.087250 -3.647362
v -20.000000 -22.073568 -3.597923
v -20.000000 -22.057611 -3.550022
v -20.000000 -22.039396 -3.503713
v -20.000000 -22.018944 -3.459046
v -20.000000 -21.996275 -3.416070
v -20.000000 -21.971415 -3.374832
v -20.000000 -21.944391 -3.335378
v -20.000000 -21.915234 -3.297751
v -20.000000 -21.883976 -3.261991
v -20.000000 -21.850649 -3.228139
v -20.000000 -21.815292 -3.196232
v -20.000000 -21.777943 -3.166304
v -20.000000 -21.738642 -3.138388
v -20.000000 -21.697433 -3.112515
v -20.000000 -21.654362 -3.088714
v -20.000000 -21.609474 -3.067010
v -20.000000 -21.562820 -3.047428
v -20.000000 -21.514452 -3.029988
v -20.000000 -21.464422 -3.014710
v -20.000000 -21.412785 -3.001611
v -20.000000 -21.359596 -2.990705
v -20.000000 -21.304916 -2.982004
v -20.000000 -21.248806 -2.975518
v -20.000000 -21.191322 -2.971253
v -20.000000 -21.132532 -2.969215
v -20.000000 -21.072500 -2.969405
v -20.000000 -20.948971 -2.976469
v -20.000000 -20.821276 -2.992412
v -20.000000 -20.689978 -3.017166
v -20.000000 -20.555653 -3.050622
v -20.000000 -20.418886 -3.092632
v -20.000000 -20.280283 -3.143013
v -20.000000 -20.140450 -3.201543
v -20.000000 -20.000000 -3.267966
v -20.140453 -20.000000 -3.201538
v -20.280291 -20.000000 -3.143003
v -20.418898 -20.000000 -3.092618
v -20.555666 -20.000000 -3.050603
v -20.689997 -20.000000 -3.017144
v -20.821299 -20.000000 -2.992386
v -20.948997 -20.000000 -2.976439
v -21.072531 -20.000000 -2.969373
v -21.132565 -20.000000 -2.969182
v -21.191357 -20.000000 -2.971219
v -21.248842 -20.000000 -2.975482
v -21.304955 -20.000000 -2.981968
v -21.359638 -20.000000 -2.990668
v -21.412827 -20.000000 -3.001573
v -21.464466 -20.000000 -3.014671
v -21.514498 -20.000000 -3.029949
v -21.562868 -20.000000 -3.047388
v -21.609524 -20.000000 -3.066970
v -21.654411 -20.000000 -3.088674
v -21.697485 -20.000000 -3.112475
v -21.738695 -20.000000 -3.138348
v -21.777998 -20.000000 -3.166263
v -21.815348 -20.000000 -3.196192
v -21.850706 -20.000000 -3.228099
v -21.884035 -20.000000 -3.261952
v -21.915295 -20.000000 -3.297711
v -21.944452 -20.000000 -3.335339
v -21.971476 -20.000000 -3.374794
v -21.996336 -20.000000 -3.416033
v -22.019007 -20.000000 -3.459009
v -22.039461 -20.000000 -3.503677
v -22.057676 -20.000000 -3.549988
v -22.073633 -20.000000 -3.597889
v -22.087317 -20.000000 -3.647329
v -22.098707 -20.000000 -3.698254
v -22.107796 -20.000000 -3.750607
v -22.114571 -20.000000 -3.804331
v -22.119024 -20.000000 -3.859368
v -22.121153 -20.000000 -3.915656
v -22.120955 -20.000000 -3.973135
v -22.118427 -20.000000 -4.031740
v -22.113575 -20.000000 -4.091408
v -22.106405 -20.000000 -4.152073
v -22.096922 -20.000000 -4.213669
v -22.071066 -20.000000 -4.339381
v -22.036121 -20.000000 -4.467991
v -21.992241 -20.000000 -4.598937
v -21.939617 -20.000000 -4.731643
v -21.878481 -20.000000 -4.865526
v -21.809101 -20.000000 -5.000000
v -21.864307 -20.129559 -5.000000
v -21.911919 -20.258589 -5.000000
v -21.951742 -20.386566 -5.000000
v -21.983618 -20.512970 -5.000000
v -22.007412 -20.637283 -5.000000
v -22.023029 -20.759001 -5.000000
v -22.030407 -20.877626 -5.000000
v -22.030994 -20.935629 -5.000000
v -22.029512 -20.992678 -5.000000
v -22.025965 -21.048716 -5.000000
v -22.020353 -21.103685 -5.000000
v -22.012684 -21.157530 -5.000000
v -22.002964 -21.210197 -5.000000
v -21.991203 -21.261631 -5.000000
v -21.977417 -21.311779 -5.000000
v -21.961615 -21.360592 -5.000000
v -21.943813 -21.408018 -5.000000
v -21.924034 -21.454010 -5.000000
v -21.902294 -21.498522 -5.000000
v -21.878616 -21.541506 -5.000000
v -21.853025 -21.582922 -5.000000
v -21.825546 -21.622723 -5.000000
v -21.796207 -21.660873 -5.000000
v -21.765041 -21.697330 -5.000000
v -21.732075 -21.732059 -5.000000
v -21.697346 -21.765024 -5.000000
v -23.989330 -22.175367 -5.000000
v -23.851950 -22.228361 -5.000000
v -23.717335 -22.288033 -5.000000
v -24.129147 -22.129179 -5.000000
v -23.457691 -22.426815 -5.000000
v -23.333290 -22.505590 -5.000000
v -23.212902 -22.590378 -5.000000
v -23.096821 -22.680969 -5.000000
v -22.985323 -22.777147 -5.000000
v -22.878679 -22.878679 -5.000000
v -22.777147 -22.985323 -5.000000
v -22.680969 -23.096821 -5.000000
v -22.590378 -23.212902 -5.000000
v -22.505590 -23.333290 -5.000000
v -22.426815 -23.457691 -5.000000
v -22.354237 -23.585810 -5.000000
v -22.288033 -23.717335 -5.000000
v -22.228361 -23.851950 -5.000000
v -22.175367 -23.989330 -5.000000
v -22.129179 -24.129147 -5.000000
v -22.089907 -24.271059 -5.000000
v -22.057644 -24.414728 -5.000000
v -22.032471 -24.559809 -5.000000
v -22.014446 -24.705948 -5.000000
v -22.003614 -24.852797 -5.000000
v -22.000000 -25.000000 -5.000000
v -22.003614 -25.147203 -5.000000
v -22.014446 -25.294052 -5.000000
v -22.032471 -25.440191 -5.000000
v -22.057644 -25.585272 -5.000000
v -20.000000 -30.000000 -5.000000
v -22.089907 -25.728941 -5.000000
v -22.129179 -25.870853 -5.000000
v -25.294052 -27.985554 -5.000000
v -25.147203 -27.996386 -5.000000
v -30.000000 -30.000000 -5.000000
v -25.440191 -27.967529 -5.000000
v -25.585272 -27.942356 -5.000000
v -27.985554 -24.705948 -5.000000
v -27.996386 -24.852797 -5.000000
v -30.000000 -20.000000 -5.000000
v -27.967529 -24.559809 -5.000000
v -27.942356 -24.414728 -5.000000
v -25.000000 -22.000000 -5.000000
v -25.147203 -22.003614 -5.000000
v -24.852797 -22.003614 -5.000000
v -24.705948 -22.014446 -5.000000
v -23.585810 -22.354237 -5.000000
v -24.271059 -22.089907 -5.000000
v -24.414728 -22.057644 -5.000000
v -24.559809 -22.032471 -5.000000
v -25.294052 -22.014446 -5.000000
v -25.440191 -22.032471 -5.000000
v -25.585272 -22.057644 -5.000000
v -25.728941 -22.089907 -5.000000
v -25.870853 -22.129179 -5.000000
v -26.010670 -22.175367 -5.000000
v -26.148050 -22.228361 -5.000000
v -26.282665 -22.288033 -5.000000
v -26.414190 -22.354237 -5.000000
v -26.542309 -22.426815 -5.000000
v -26.666710 -22.505590 -5.000000
v -26.787098 -22.590378 -5.000000
v -26.903179 -22.680969 -5.000000
v -27.014677 -22.777147 -5.000000
v -27.121321 -22.878679 -5.000000
v -27.222853 -22.985323 -5.000000
v -27.319031 -23.096821 -5.000000
v -27.409622 -23.212902 -5.000000
v -27.494410 -23.333290 -5.000000
v -27.573185 -23.457691 -5.000000
v -27.645763 -23.585810 -5.000000
v -27.711967 -23.717335 -5.000000
v -27.771639 -23.851950 -5.000000
v -27.824633 -23.989330 -5.000000
v -27.870821 -24.129147 -5.000000
v -27.910093 -24.271059 -5.000000
v -28.000000 -25.000000 -5.000000
v -27.996386 -25.147203 -5.000000
v -27.985554 -25.294052 -5.000000
v -27.967529 -25.440191 -5.000000
v -27.942356 -25.585272 -5.000000
v -27.910093 -25.728941 -5.000000
v -27.870821 -25.870853 -5.000000
v -27.824633 -26.010670 -5.000000
v -27.771639 -26.148050 -5.000000
v -27.711967 -26.282665 -5.000000
v -27.645763 -26.414190 -5.000000
v -27.573185 -26.542309 -5.000000
v -27.494410 -26.666710 -5.000000
v -27.409622 -26.787098 -5.000000
v -27.319031 -26.903179 -5.000000
v -27.222853 -27.014677 -5.000000
v -27.121321 -27.121321 -5.000000
v -27.014677 -27.222853 -5.000000
v -26.903179 -27.319031 -5.000000
v -26.787098 -27.409622 -5.000000
v -26.666710 -27.494410 -5.000000
v -26.542309 -27.573185 -5.000000
v -26.414190 -27.645763 -5.000000
v -26.282665 -27.711967 -5.000000
v -26.148050 -27.771639 -5.000000
v -26.010670 -27.824633 -5.000000
v -25.870853 -27.870821 -5.000000
v -25.728941 -27.910093 -5.000000
v -25.000000 -28.000000 -5.000000
v -24.852797 -27.996386 -5.000000
v -24.705948 -27.985554 -5.000000
v -24.559809 -27.967529 -5.000000
v -24.414728 -27.942356 -5.000000
v -24.271059 -27.910093 -5.000000
v -24.129147 -27.870821 -5.000000
v -23.989330 -27.824633 -5.000000
v -23.851950 -27.771639 -5.000000
v -23.717335 -27.711967 -5.000000
v -23.585810 -27.645763 -5.000000
v -23.457691 -27.573185 -5.000000
v -23.333290 -27.494410 -5.000000
v -23.212902 -27.409622 -5.000000
v -23.096821 -27.319031 -5.000000
v -22.985323 -27.222853 -5.000000
v -22.878679 -27.121321 -5.000000
v -22.777147 -27.014677 -5.000000
v -22.680969 -26.903179 -5.000000
v -22.590378 -26.787098 -5.000000
v -22.505590 -26.666710 -5.000000
v -22.426815 -26.542309 -5.000000
v -22.354237 -26.414190 -5.000000
v -22.288033 -26.282665 -5.000000
v -22.228361 -26.148050 -5.000000
v -22.175367 -26.010670 -5.000000
v -20.000000 -27.996386 0.147203
v -20.000000 -27.985554 0.294051
v -20.000000 -27.967529 0.440191
v -20.000000 -27.942356 0.585271
v -20.000000 -27.910093 0.728941
v -20.000000 -27.870821 0.870854
v -20.000000 -27.824633 1.010670
v -20.000000 -27.771639 1.148050
v -20.000000 -27.711967 1.282665
v -20.000000 -27.645763 1.414190
v -20.000000 -27.573185 1.542308
v -20.000000 -27.494410 1.666711
v -20.000000 -27.409622 1.787098
v -20.000000 -27.319031 1.903180
v -20.000000 -27.222853 2.014677
v -20.000000 -27.121321 2.121320
v -20.000000 -27.014677 2.222853
v -20.000000 -26.903179 2.319031
v -20.000000 -26.787098 2.409623
v -20.000000 -26.666710 2.494409
v -20.000000 -26.542309 2.573186
v -20.000000 -26.414190 2.645764
v -20.000000 -26.282665 2.711968
v -20.000000 -26.148050 2.771639
v -20.000000 -26.010670 2.824632
v -20.000000 -25.870853 2.870821
v -20.000000 -25.728941 2.910094
v -20.000000 -25.585272 2.942356
v -20.000000 -25.440191 2.967530
v -20.000000 -25.294052 2.985554
v -20.000000 -25.147203 2.996386
v -20.000000 -25.000000 3.000000
v -20.000000 -24.852797 2.996386
v -20.000000 -24.705948 2.985554
v -20.000000 -24.559809 2.967530
v -20.000000 -24.414728 2.942356
v -20.000000 -24.271059 2.910094
v -20.000000 -24.129147 2.870821
v -20.000000 -23.989330 2.824632
v -20.000000 -23.851950 2.771639
v -20.000000 -23.717335 2.711968
v -20.000000 -23.585810 2.645764
v -20.000000 -23.457691 2.573186
v -20.000000 -23.333290 2.494409
v -20.000000 -23.212902 2.409623
v -20.000000 -23.096821 2.319031
v -20.000000 -22.985323 2.222853
v -20.000000 -22.878679 2.121320
v -20.000000 -22.777147 2.014677
v -20.000000 -22.680969 1.903180
v -20.000000 -22.590378 1.787098
v -20.000000 -22.505590 1.666711
v -20.000000 -22.426815 1.542308
v -20.000000 -22.354237 1.414190
v -20.000000 -22.288033 1.282665
v -20.000000 -22.228361 1.148050
v -20.000000 -22.175367 1.010670
v -20.000000 -22.129179 0.870854
v -20.000000 -22.089907 0.728941
v -20.000000 -22.057644 0.585271
v -20.000000 -22.032471 0.440191
v -20.000000 -22.014446 0.294051
v -20.000000 -22.003614 0.147203
v -20.000000 -22.000000 0.000000
v -20.000000 -22.003614 -0.147203
v -20.000000 -22.014446 -0.294051
v -20.000000 -22.032471 -0.440191
v -20.000000 -22.057644 -0.585271
v -20.000000 -22.089907 -0.728941
v -20.000000 -22.129179 -0.870854
v -20.000000 -22.175367 -1.010670
v -20.000000 -22.228361 -1.148050
v -20.000000 -22.288033 -1.282665
v -20.000000 -22.354237 -1.414190
v -20.000000 -22.426815 -1.542308
v -20.000000 -22.505590 -1.666711
v -20.000000 -22.590378 -1.787098
v -20.000000 -22.680969 -1.903180
v -20.000000 -22.777147 -2.014677
v -20.000000 -22.878679 -2.121320
v -20.000000 -22.985323 -2.222853
v -20.000000 -23.096821 -2.319031
v -20.000000 -23.212902 -2.409623
v -20.000000 -23.333290 -2.494409
v -20.000000 -23.457691 -2.573186
v -20.000000 -23.585810 -2.645764
v -20.000000 -23.717335 -2.711968
v -20.000000 -23.851950 -2.771639
v -20.000000 -23.989330 -2.824632
v -20.000000 -24.129147 -2.870821
v -20.000000 -24.271059 -2.910094
v -20.000000 -24.414728 -2.942356
v -20.000000 -24.559809 -2.967530
v -20.000000 -24.705948 -2.985554
v -20.000000 -24.852797 -2.996386
v -20.000000 -25.000000 -3.000000
v -20.000000 -25.147203 -2.996386
v -20.000000 -25.294052 -2.985554
v -20.000000 -25.440191 -2.967530
v -20.000000 -25.585272 -2.942356
v -20.000000 -25.728941 -2.910094
v -20.000000 -25.870853 -2.870821
v -20.000000 -26.010670 -2.824632
v -20.000000 -26.148050 -2.771639
v -20.000000 -26.282665 -2.711968
v -20.000000 -26.414190 -2.645764
v -20.000000 -26.542309 -2.573186
v -20.000000 -26.666710 -2.494409
v -20.000000 -26.787098 -2.409623
v -20.000000 -26.903179 -2.319031
v -20.000000 -27.014677 -2.222853
v -20.000000 -27.121321 -2.121320
v -20.000000 -27.222853 -2.014677
v -20.000000 -27.319031 -1.903180
v -20.000000 -27.409622 -1.787098
v -20.000000 -27.494410 -1.666711
v -20.000000 -27.573185 -1.542308
v -20.000000 -27.645763 -1.414190
v -20.000000 -27.711967 -1.282665
v -20.000000 -27.771639 -1.148050
v -20.000000 -27.824633 -1.010670
v -20.000000 -27.870821 -0.870854
v -20.000000 -27.910093 -0.728941
v -20.000000 -27.942356 -0.585271
v -20.000000 -27.967529 -0.440191
v -20.000000 -27.985554 -0.294051
v -20.000000 -27.996386 -0.147203
v -20.000000 -28.000000 0.000000
v -22.003614 -20.000000 0.147203
v -22.014446 -20.000000 0.294051
v -22.032471 -20.000000 0.440191
v -22.057644 -20.000000 0.585271
v -22.089907 -20.000000 0.728941
v -22.129179 -20.000000 0.870854
v -22.175367 -20.000000 1.010670
v -22.228361 -20.000000 1.148050
v -22.288033 -20.000000 1.282665
v -22.354237 -20.000000 1.414190
v -22.426815 -20.000000 1.542308
v -22.505590 -20.000000 1.666711
v -22.590378 -20.000000 1.787098
v -22.680969 -20.000000 1.903180
v -22.777147 -20.000000 2.014677
v -22.878679 -20.000000 2.121320
v -22.985323 -20.000000 2.222853
v -23.096821 -20.000000 2.319031
v -23.212902 -20.000000 2.409623
v -23.333290 -20.000000 2.494409
v -23.457691 -20.000000 2.573186
v -23.585810 -20.000000 2.645764
v -23.717335 -20.000000 2.711968
v -23.851950 -20.000000 2.771639
v -23.989330 -20.000000 2.824632
v -24.129147 -20.000000 2.870821
v -24.271059 -20.000000 2.910094
v -24.414728 -20.000000 2.942356
v -24.559809 -20.000000 2.967530
v -24.705948 -20.000000 2.985554
v -24.852797 -20.000000 2.996386
v -25.000000 -20.000000 3.000000
v -25.147203 -20.000000 2.996386
v -25.294052 -20.000000 2.985554
v -25.440191 -20.000000 2.967530
v -25.585272 -20.000000 2.942356
v -25.728941 -20.000000 2.910094
v -25.870853 -20.000000 2.870821
v -26.010670 -20.000000 2.824632
v -26.148050 -20.000000 2.771639
v -26.282665 -20.000000 2.711968
v -26.414190 -20.000000 2.645764
v -26.542309 -20.000000 2.573186
v -26.666710 -20.000000 2.494409
v -26.787098 -20.000000 2.409623
v -26.903179 -20.000000 2.319031
v -27.014677 -20.000000 2.222853
v -27.121321 -20.000000 2.121320
v -27.222853 -20.000000 2.014677
v -27.319031 -20.000000 1.903180
v -27.409622 -20.000000 1.787098
v -27.494410 -20.000000 1.666711
v -27.573185 -20.000000 1.542308
v -27.645763 -20.000000 1.414190
v -27.711967 -20.000000 1.282665
v -27.771639 -20.000000 1.148050
v -27.824633 -20.000000 1.010670
v -27.870821 -20.000000 0.870854
v -27.910093 -20.000000 0.728941
v -27.942356 -20.000000 0.585271
v -27.967529 -20.000000 0.440191
v -27.985554 -20.000000 0.294051
v -27.996386 -20.000000 0.147203
v -28.000000 -20.000000 0.000000
v -27.996386 -20.000000 -0.147203
v -27.985554 -20.000000 -0.294051
v -27.967529 -20.000000 -0.440191
v -27.942356 -20.000000 -0.585271
v -27.910093 -20.000000 -0.728941
v -27.870821 -20.000000 -0.870854
v -27.824633 -20.000000 -1.010670
v -27.771639 -20.000000 -1.148050
v -27.711967 -20.000000 -1.282665
v -27.645763 -20.000000 -1.414190
v -27.573185 -20.000000 -1.542308
v -27.494410 -20.000000 -1.666711
v -27.409622 -20.000000 -1.787098
v -27.319031 -20.000000 -1.903180
v -27.222853 -20.000000 -2.014677
v -27.121321 -20.000000 -2.121320
v -27.014677 -20.000000 -2.222853
v -26.903179 -20.000000 -2.319031
v -26.787098 -20.000000 -2.409623
v -26.666710 -20.000000 -2.494409
v -26.542309 -20.000000 -2.573186
v -26.414190 -20.000000 -2.645764
v -26.282665 -20.000000 -2.711968
v -26.148050 -20.000000 -2.771639
v -26.010670 -20.000000 -2.824632
v -25.870853 -20.000000 -2.870821
v -25.728941 -20.000000 -2.910094
v -25.585272 -20.000000 -2.942356
v -25.440191 -20.000000 -2.967530
v -25.294052 -20.000000 -2.985554
v -25.147203 -20.000000 -2.996386
v -25.000000 -20.000000 -3.000000
v -24.852797 -20.000000 -2.996386
v -24.705948 -20.000000 -2.985554
v -24.559809 -20.000000 -2.967530
v -24.414728 -20.000000 -2.942356
v -24.271059 -20.000000 -2.910094
v -24.129147 -20.000000 -2.870821
v -23.989330 -20.000000 -2.824632
v -23.851950 -20.000000 -2.771639
v -23.717335 -20.000000 -2.711968
v -23.585810 -20.000000 -2.645764
v -23.457691 -20.000000 -2.573186
v -23.333290 -20.000000 -2.494409
v -23.212902 -20.000000 -2.409623
v -23.096821 -20.000000 -2.319031
v -22.985323 -20.000000 -2.222853
v -22.878679 -20.000000 -2.121320
v -22.777147 -20.000000 -2.014677
v -22.680969 -20.000000 -1.903180
v -22.590378 -20.000000 -1.787098
v -22.505590 -20.000000 -1.666711
v -22.426815 -20.000000 -1.542308
v -22.354237 -20.000000 -1.414190
v -22.288033 -20.000000 -1.282665
v -22.228361 -20.000000 -1.148050
v -22.175367 -20.000000 -1.010670
v -22.129179 -20.000000 -0.870854
v -22.089907 -20.000000 -0.728941
v -22.057644 -20.000000 -0.585271
v -22.032471 -20.000000 -0.440191
v -22.014446 -20.000000 -0.294051
v -22.003614 -20.000000 -0.147203
v -22.000000 -20.000000 0.000000
v -30.000000 -30.000000 5.000000
v -20.000000 -30.000000 5.000000
v -20.000000 -20.000000 5.000000
v -30.000000 -20.000000 5.000000
vn 1.0000 -0.0000 -0.0000
vn -0.0000 1.0000 -0.0000
vn -0.0000 -1.0000 -0.0000
vn -1.0000 -0.0000 -0.0000
vn -0.0000 -0.0000 1.0000
vn -0.0000 0.0001 1.0000
vn -0.0000 -0.0001 1.0000
vn -0.0000 -0.0000 -1.0000
vn -0.0000 0.0001 -1.0000
vn -0.0000 -0.0001 -1.0000
vn -0.9997 -0.0000 -0.0245
vn -0.9973 -0.0000 -0.0736
vn -0.9925 -0.0000 -0.1224
vn -0.9853 -0.0000 -0.1710
vn -0.9757 -0.0000 -0.2191
vn -0.9638 -0.0000 -0.2667
vn -0.9495 -0.0000 -0.3137
vn -0.9330 -0.0000 -0.3599
vn -0.9142 -0.0000 -0.4052
vn -0.8932 -0.0000 -0.4496
vn -0.8701 -0.0000 -0.4929
vn -0.8449 -0.0000 -0.5350
vn -0.8176 -0.0000 -0.5758
vn -0.7884 -0.0000 -0.6152
vn -0.7572 -0.0000 -0.6532
vn -0.7243 -0.0000 -0.6895
vn -0.6895 -0.0000 -0.7243
vn -0.6532 -0.0000 -0.7572
vn -0.6152 -0.0000 -0.7883
vn -0.5758 -0.0000 -0.8176
vn -0.5350 -0.0000 -0.8448
vn -0.4929 -0.0000 -0.8701
vn -0.4496 -0.0000 -0.8932
vn -0.4052 -0.0000 -0.9142
vn -0.3599 -0.0000 -0.9330
vn -0.3137 -0.0000 -0.9495
vn -0.2667 -0.0000 -0.9638
vn -0.2191 -0.0000 -0.9757
vn -0.1710 -0.0000 -0.9853
vn -0.1224 -0.0000 -0.9925
vn -0.0735 -0.0000 -0.9973
vn -0.0246 -0.0000 -0.9997
vn 0.0246 -0.0000 -0.9997
vn 0.0735 -0.0000 -0.9973
vn 0.1224 -0.0000 -0.9925
vn 0.1710 -0.0000 -0.9853
vn 0.2191 -0.0000 -0.9757
vn 0.2667 -0.0000 -0.9638
vn 0.3137 -0.0000 -0.9495
vn 0.3599 -0.0000 -0.9330
vn 0.4052 -0.0000 -0.9142
vn 0.4496 -0.0000 -0.8932
vn 0.4929 -0.0000 -0.8701
vn 0.5350 -0.0000 -0.8448
vn 0.5758 -0.0000 -0.8176
vn 0.6152 -0.0000 -0.7883
vn 0.6532 -0.0000 -0.7572
vn 0.6895 -0.0000 -0.7242
vn 0.7243 -0.0000 -0.6895
vn 0.7572 -0.0000 -0.6532
vn 0.7884 -0.0000 -0.6152
vn 0.8176 -0.0000 -0.5758
vn 0.8449 -0.0000 -0.5350
vn 0.8701 -0.0000 -0.4929
vn 0.8932 -0.0000 -0.4496
vn 0.9142 -0.0000 -0.4052
vn 0.9330 -0.0000 -0.3599
vn 0.9495 -0.0000 -0.3137
vn 0.9638 -0.0000 -0.2667
vn 0.9757 -0.0000 -0.2191
vn 0.9853 -0.0000 -0.1709
vn 0.9925 -0.0000 -0.1224
vn 0.9973 -0.0000 -0.0736
vn 0.9997 -0.0000 -0.0245
vn 0.9997 -0.0000 0.0245
vn 0.9973 -0.0000 0.0736
vn 0.9925 -0.0000 0.1224
vn 0.9853 -0.0000 0.1710
vn 0.9757 -0.0000 0.2191
vn 0.9638 -0.0000 0.2667
vn 0.9495 -0.0000 0.3137
vn 0.9330 -0.0000 0.3599
vn 0.9142 -0.0000 0.4052
vn 0.8932 -0.0000 0.4496
vn 0.8701 -0.0000 0.4929
vn 0.8449 -0.0000 0.5350
vn 0.8176 -0.0000 0.5758
vn 0.7884 -0.0000 0.6152
vn 0.7572 -0.0000 0.6532
vn 0.7243 -0.0000 0.6895
vn 0.6895 -0.0000 0.7243
vn 0.6532 -0.0000 0.7572
vn 0.6152 -0.0000 0.7883
vn 0.5758 -0.0000 0.8176
vn 0.5350 -0.0000 0.8448
vn 0.4929 -0.0000 0.8701
vn 0.4496 -0.0000 0.8932
vn 0.4052 -0.0000 0.9142
vn 0.3599 -0.0000 0.9330
vn 0.3137 -0.0000 0.9495
vn 0.2667 -0.0000 0.9638
vn 0.2191 -0.0000 0.9757
vn 0.1710 -0.0000 0.9853
vn 0.1224 -0.0000 0.9925
vn 0.0735 -0.0000 0.9973
vn 0.0246 -0.0000 0.9997
vn -0.0246 -0.0000 0.9997
vn -0.0735 -0.0000 0.9973
vn -0.1224 -0.0000 0.9925
vn -0.1710 -0.0000 0.9853
vn -0.2191 -0.0000 0.9757
vn -0.2667 -0.0000 0.9638
vn -0.3137 -0.0000 0.9495
vn -0.3599 -0.0000 0.9330
vn -0.4052 -0.0000 0.9142
vn -0.4496 -0.0000 0.8932
vn -0.4929 -0.0000 0.8701
vn -0.5350 -0.0000 0.8448
vn -0.5758 -0.0000 0.8176
vn -0.6152 -0.0000 0.7883
vn -0.6531 -0.0000 0.7572
vn -0.6895 -0.0000 0.7243
vn -0.7243 -0.0000 0.6895
vn -0.7572 -0.0000 0.6532
vn -0.7884 -0.0000 0.6152
vn -0.8176 -0.0000 0.5758
vn -0.8449 -0.0000 0.5350
vn -0.8701 -0.0000 0.4929
vn -0.8932 -0.0000 0.4496
vn -0.9142 -0.0000 0.4052
vn -0.9330 -0.0000 0.3599
vn -0.9495 -0.0000 0.3137
vn -0.9638 -0.0000 0.2667
vn -0.9757 -0.0000 0.2191
vn -0.9853 -0.0000 0.1710
vn -0.9925 -0.0000 0.1224
vn -0.9973 -0.0000 0.0736
vn -0.9997 -0.0000 0.0246
vn -0.9997 -0.0000 -0.0246
vn -0.9997 -0.0000 0.0245
vn -0.6532 -0.0000 0.7572
vn 0.6895 -0.0000 0.7242
vn 0.9853 -0.0000 0.1709
vn 0.9853 -0.0000 -0.1710
vn 0.6895 -0.0000 -0.7243
vn -0.6531 -0.0000 -0.7572
vn -0.0000 0.9997 -0.0245
vn -0.0000 0.9973 -0.0736
vn -0.0000 0.9925 -0.1224
vn -0.0000 0.9853 -0.1710
vn -0.0000 0.9757 -0.2191
vn -0.0000 0.9638 -0.2667
vn -0.0000 0.9495 -0.3137
vn -0.0000 0.9330 -0.3599
vn -0.0000 0.9142 -0.4053
vn -0.0000 0.8932 -0.4497
vn -0.0000 0.8701 -0.4929
vn -0.0000 0.8449 -0.5350
vn -0.0000 0.8176 -0.5758
vn -0.0000 0.7884 -0.6152
vn -0.0000 0.7572 -0.6532
vn -0.0000 0.7243 -0.6895
vn -0.0000 0.6895 -0.7243
vn -0.0000 0.6532 -0.7572
vn -0.0000 0.6152 -0.7884
vn -0.0000 0.5758 -0.8176
vn -0.0000 0.5350 -0.8449
vn -0.0000 0.4928 -0.8701
vn -0.0000 0.4496 -0.8932
vn -0.0000 0.4052 -0.9142
vn -0.0000 0.3600 -0.9330
vn -0.0000 0.3137 -0.9495
vn -0.0000 0.2668 -0.9638
vn -0.0000 0.2191 -0.9757
vn -0.0000 0.1709 -0.9853
vn -0.0000 0.1224 -0.9925
vn -0.0000 0.0736 -0.9973
vn -0.0000 0.0245 -0.9997
vn -0.0000 -0.0245 -0.9997
vn -0.0000 -0.0735 -0.9973
vn -0.0000 -0.1225 -0.9925
vn -0.0000 -0.1710 -0.9853
vn -0.0000 -0.2190 -0.9757
vn -0.0000 -0.2667 -0.9638
vn -0.0000 -0.3136 -0.9495
vn -0.0000 -0.3599 -0.9330
vn -0.0000 -0.4053 -0.9142
vn -0.0000 -0.4496 -0.8932
vn -0.0000 -0.4930 -0.8700
vn -0.0000 -0.5350 -0.8448
vn -0.0000 -0.5758 -0.8176
vn -0.0000 -0.6152 -0.7884
vn -0.0000 -0.6532 -0.7572
vn -0.0000 -0.6895 -0.7243
vn -0.0000 -0.7242 -0.6895
vn -0.0000 -0.7572 -0.6532
vn -0.0000 -0.7884 -0.6152
vn -0.0000 -0.8176 -0.5759
vn -0.0000 -0.8449 -0.5350
vn -0.0000 -0.8701 -0.4929
vn -0.0000 -0.8932 -0.4496
vn -0.0000 -0.9142 -0.4052
vn -0.0000 -0.9330 -0.3599
vn -0.0000 -0.9495 -0.3137
vn -0.0000 -0.9638 -0.2667
vn -0.0000 -0.9757 -0.2191
vn -0.0000 -0.9853 -0.1710
vn -0.0000 -0.9925 -0.1224
vn -0.0000 -0.9973 -0.0736
vn -0.0000 -0.9997 -0.0245
vn -0.0000 -0.9997 0.0245
vn -0.0000 -0.9973 0.0736
vn -0.0000 -0.9925 0.1224
vn -0.0000 -0.9853 0.1710
vn -0.0000 -0.9757 0.2191
vn -0.0000 -0.9638 0.2667
vn -0.0000 -0.9495 0.3137
vn -0.0000 -0.9330 0.3599
vn -0.0000 -0.9142 0.4053
vn -0.0000 -0.8932 0.4497
vn -0.0000 -0.8701 0.4929
vn -0.0000 -0.8449 0.5350
vn -0.0000 -0.8176 0.5758
vn -0.0000 -0.7884 0.6152
vn -0.0000 -0.7572 0.6532
vn -0.0000 -0.7243 0.6895
vn -0.0000 -0.6895 0.7243
vn -0.0000 -0.6532 0.7572
vn -0.0000 -0.6152 0.7884
vn -0.0000 -0.5758 0.8176
vn -0.0000 -0.5350 0.8449
vn -0.0000 -0.4928 0.8701
vn -0.0000 -0.4496 0.8932
vn -0.0000 -0.4052 0.9142
vn -0.0000 -0.3600 0.9330
vn -0.0000 -0.3137 0.9495
vn -0.0000 -0.2668 0.9638
vn -0.0000 -0.2191 0.9757
vn -0.0000 -0.1709 0.9853
vn -0.0000 -0.1224 0.9925
vn -0.0000 -0.0736 0.9973
vn -0.0000 -0.0245 0.9997
vn -0.0000 0.0245 0.9997
vn -0.0000 0.0735 0.9973
vn -0.0000 0.1225 0.9925
vn -0.0000 0.1710 0.9853
vn -0.0000 0.2190 0.9757
vn -0.0000 0.2667 0.9638
vn -0.0000 0.3136 0.9495
vn -0.0000 0.3599 0.9330
vn -0.0000 0.4053 0.9142
vn -0.0000 0.4496 0.8932
vn -0.0000 0.4930 0.8700
vn -0.0000 0.5350 0.8448
vn -0.0000 0.5758 0.8176
vn -0.0000 0.6152 0.7884
vn -0.0000 0.6532 0.7572
vn -0.0000 0.6895 0.7243
vn -0.0000 0.7242 0.6895
vn -0.0000 0.7572 0.6532
vn -0.0000 0.7884 0.6152
vn -0.0000 0.8176 0.5759
vn -0.0000 0.8449 0.5350
vn -0.0000 0.8701 0.4929
vn -0.0000 0.8932 0.4496
vn -0.0000 0.9142 0.4052
vn -0.0000 0.9330 0.3599
vn -0.0000 0.9495 0.3137
vn -0.0000 0.9638 0.2667
vn -0.0000 0.9757 0.2191
vn -0.0000 0.9853 0.1710
vn -0.0000 0.9925 0.1224
vn -0.0000 0.9973 0.0736
vn -0.0000 0.9997 0.0245
vn -0.0000 0.9142 0.4053
vn -0.0000 0.8932 0.4497
vn -0.0000 0.8176 0.5758
vn -0.0000 0.7243 0.6895
vn -0.0000 0.5350 0.8449
vn -0.0000 0.4928 0.8701
vn -0.0000 0.4052 0.9142
vn -0.0000 0.3600 0.9330
vn -0.0000 0.3137 0.9495
vn -0.0000 0.2668 0.9638
vn -0.0000 0.2191 0.9757
vn -0.0000 0.1709 0.9853
vn -0.0000 0.1224 0.9925
vn -0.0000 0.0736 0.9973
vn -0.0000 -0.0735 0.9973
vn -0.0000 -0.1225 0.9925
vn -0.0000 -0.1710 0.9853
vn -0.0000 -0.2190 0.9757
vn -0.0000 -0.2667 0.9638
vn -0.0000 -0.3136 0.9495
vn -0.0000 -0.3599 0.9330
vn -0.0000 -0.4053 0.9142
vn -0.0000 -0.4930 0.8700
vn -0.0000 -0.5350 0.8448
vn -0.0000 -0.7242 0.6895
vn -0.0000 -0.8176 0.5759
vn -0.0000 -0.8932 0.4496
vn -0.0000 -0.9142 0.4052
vn -0.0000 -0.9142 -0.4053
vn -0.0000 -0.8932 -0.4497
vn -0.0000 -0.8176 -0.5758
vn -0.0000 -0.7243 -0.6895
vn -0.0000 -0.5350 -0.8449
vn -0.0000 -0.4928 -0.8701
vn -0.0000 -0.4052 -0.9142
vn -0.0000 -0.3600 -0.9330
vn -0.0000 -0.3137 -0.9495
vn -0.0000 -0.2668 -0.9638
vn -0.0000 -0.2191 -0.9757
vn -0.0000 -0.1709 -0.9853
vn -0.0000 -0.1224 -0.9925
vn -0.0000 -0.0736 -0.9973
vn -0.0000 0.0735 -0.9973
vn -0.0000 0.1225 -0.9925
vn -0.0000 0.1710 -0.9853
vn -0.0000 0.2190 -0.9757
vn -0.0000 0.2667 -0.9638
vn -0.0000 0.3136 -0.9495
vn -0.0000 0.3599 -0.9330
vn -0.0000 0.4053 -0.9142
vn -0.0000 0.4930 -0.8700
vn -0.0000 0.5350 -0.8448
vn -0.0000 0.7242 -0.6895
vn -0.0000 0.8176 -0.5759
vn -0.0000 0.8932 -0.4496
vn -0.0000 0.9142 -0.4052
vn -0.6895 -0.0000 0.7242
vn -0.9853 -0.0000 0.1709
vn 0.6531 -0.0000 -0.7572
vn 0.9997 -0.0000 -0.0246
vn 0.9997 -0.0000 0.0246
vn -0.6895 -0.0000 -0.7242
vn -0.9853 -0.0000 -0.1709
vn 0.6531 -0.0000 0.7572
vn -0.9997 -0.0245 -0.0000
vn -0.9973 -0.0736 -0.0000
vn -0.9925 -0.1224 -0.0000
vn -0.9853 -0.1710 -0.0000
vn -0.9757 -0.2191 -0.0000
vn -0.9638 -0.2667 -0.0000
vn -0.9495 -0.3137 -0.0000
vn -0.9330 -0.3599 -0.0000
vn -0.9142 -0.4053 -0.0000
vn -0.8932 -0.4496 -0.0000
vn -0.8701 -0.4929 -0.0000
vn -0.8449 -0.5350 -0.0000
vn -0.8176 -0.5758 -0.0000
vn -0.7883 -0.6152 -0.0000
vn -0.7572 -0.6532 -0.0000
vn -0.7243 -0.6895 -0.0000
vn -0.6895 -0.7243 -0.0000
vn -0.6532 -0.7572 -0.0000
vn -0.6152 -0.7883 -0.0000
vn -0.5758 -0.8176 -0.0000
vn -0.5350 -0.8449 -0.0000
vn -0.4929 -0.8701 -0.0000
vn -0.4496 -0.8932 -0.0000
vn -0.4052 -0.9142 -0.0000
vn -0.3599 -0.9330 -0.0000
vn -0.3137 -0.9495 -0.0000
vn -0.2667 -0.9638 -0.0000
vn -0.2191 -0.9757 -0.0000
vn -0.1710 -0.9853 -0.0000
vn -0.1224 -0.9925 -0.0000
vn -0.0736 -0.9973 -0.0000
vn -0.0246 -0.9997 -0.0000
vn 0.0245 -0.9997 -0.0000
vn 0.0736 -0.9973 -0.0000
vn 0.1224 -0.9925 -0.0000
vn 0.1710 -0.9853 -0.0000
vn 0.2191 -0.9757 -0.0000
vn 0.2667 -0.9638 -0.0000
vn 0.3137 -0.9495 -0.0000
vn 0.3599 -0.9330 -0.0000
vn 0.4052 -0.9142 -0.0000
vn 0.4496 -0.8932 -0.0000
vn 0.4929 -0.8701 -0.0000
vn 0.5350 -0.8448 -0.0000
vn 0.5758 -0.8176 -0.0000
vn 0.6152 -0.7883 -0.0000
vn 0.6532 -0.7572 -0.0000
vn 0.6895 -0.7243 -0.0000
vn 0.7243 -0.6895 -0.0000
vn 0.7572 -0.6532 -0.0000
vn 0.7883 -0.6152 -0.0000
vn 0.8176 -0.5758 -0.0000
vn 0.8449 -0.5350 -0.0000
vn 0.8701 -0.4929 -0.0000
vn 0.8932 -0.4496 -0.0000
vn 0.9142 -0.4052 -0.0000
vn 0.9330 -0.3599 -0.0000
vn 0.9495 -0.3137 -0.0000
vn 0.9638 -0.2667 -0.0000
vn 0.9757 -0.2191 -0.0000
vn 0.9853 -0.1710 -0.0000
vn 0.9925 -0.1224 -0.0000
vn 0.9973 -0.0736 -0.0000
vn 0.9997 -0.0245 -0.0000
vn 0.9997 0.0245 -0.0000
vn 0.9973 0.0736 -0.0000
vn 0.9925 0.1224 -0.0000
vn 0.9853 0.1710 -0.0000
vn 0.9757 0.2191 -0.0000
vn 0.9638 0.2667 -0.0000
vn 0.9495 0.3137 -0.0000
vn 0.9330 0.3599 -0.0000
vn 0.9142 0.4053 -0.0000
vn 0.8932 0.4496 -0.0000
vn 0.8701 0.4929 -0.0000
vn 0.8449 0.5350 -0.0000
vn 0.8176 0.5758 -0.0000
vn 0.7883 0.6152 -0.0000
vn 0.7572 0.6532 -0.0000
vn 0.7242 0.6895 -0.0000
vn 0.6895 0.7243 -0.0000
vn 0.6532 0.7572 -0.0000
vn 0.6152 0.7883 -0.0000
vn 0.5758 0.8176 -0.0000
vn 0.5350 0.8449 -0.0000
vn 0.4929 0.8701 -0.0000
vn 0.4496 0.8932 -0.0000
vn 0.4053 0.9142 -0.0000
vn 0.3599 0.9330 -0.0000
vn 0.3137 0.9495 -0.0000
vn 0.2667 0.9638 -0.0000
vn 0.2191 0.9757 -0.0000
vn 0.1709 0.9853 -0.0000
vn 0.1224 0.9925 -0.0000
vn 0.0736 0.9973 -0.0000
vn 0.0245 0.9997 -0.0000
vn -0.0245 0.9997 -0.0000
vn -0.0736 0.9973 -0.0000
vn -0.1224 0.9925 -0.0000
vn -0.1710 0.9853 -0.0000
vn -0.2191 0.9757 -0.0000
vn -0.2667 0.9638 -0.0000
vn -0.3137 0.9495 -0.0000
vn -0.3599 0.9330 -0.0000
vn -0.4052 0.9142 -0.0000
vn -0.4496 0.8932 -0.0000
vn -0.4929 0.8701 -0.0000
vn -0.5350 0.8448 -0.0000
vn -0.5758 0.8176 -0.0000
vn -0.6152 0.7884 -0.0000
vn -0.6532 0.7572 -0.0000
vn -0.6895 0.7243 -0.0000
vn -0.7243 0.6895 -0.0000
vn -0.7572 0.6532 -0.0000
vn -0.7883 0.6152 -0.0000
vn -0.8176 0.5758 -0.0000
vn -0.8449 0.5350 -0.0000
vn -0.8701 0.4929 -0.0000
vn -0.8932 0.4496 -0.0000
vn -0.9142 0.4052 -0.0000
vn -0.9330 0.3599 -0.0000
vn -0.9495 0.3137 -0.0000
vn -0.9638 0.2667 -0.0000
vn -0.9757 0.2191 -0.0000
vn -0.9853 0.1710 -0.0000
vn -0.9925 0.1224 -0.0000
vn -0.9973 0.0736 -0.0000
vn -0.9997 0.0245 -0.0000
vn -0.9142 0.4053 -0.0000
vn -0.7242 0.6895 -0.0000
vn -0.6152 0.7883 -0.0000
vn -0.5350 0.8449 -0.0000
vn -0.4053 0.9142 -0.0000
vn -0.1709 0.9853 -0.0000
vn 0.1710 0.9853 -0.0000
vn 0.4052 0.9142 -0.0000
vn 0.5350 0.8448 -0.0000
vn 0.6152 0.7884 -0.0000
vn 0.7243 0.6895 -0.0000
vn 0.9142 0.4052 -0.0000
vn 0.9142 -0.4053 -0.0000
vn 0.5350 -0.8449 -0.0000
vn 0.0246 -0.9997 -0.0000
vn -0.0245 -0.9997 -0.0000
vn -0.5350 -0.8448 -0.0000
vn -0.9142 -0.4052 -0.0000
vn -0.7242 -0.6895 -0.0000
vn -0.4053 -0.9142 -0.0000
vn -0.1709 -0.9853 -0.0000
vn 0.6152 -0.7884 -0.0000
vn 0.0246 0.9997 -0.0000
vn -0.0246 0.9997 -0.0000
vn 0.7242 -0.6895 -0.0000
vn 0.4053 -0.9142 -0.0000
vn 0.1709 -0.9853 -0.0000
vn -0.6152 -0.7884 -0.0000
vn -0.8448 -0.0000 -0.5350
vn -0.7883 -0.0000 -0.6152
vn -0.5350 -0.0000 -0.8449
vn -0.0736 -0.0000 -0.9973
vn -0.0245 -0.0000 -0.9997
vn 0.0245 -0.0000 -0.9997
vn 0.0736 -0.0000 -0.9973
vn 0.4053 -0.0000 -0.9142
vn 0.5350 -0.0000 -0.8449
vn 0.7883 -0.0000 -0.6152
vn 0.9142 -0.0000 -0.4053
vn 0.8448 -0.0000 0.5350
vn 0.5350 -0.0000 0.8449
vn 0.0736 -0.0000 0.9973
vn 0.0245 -0.0000 0.9997
vn -0.0245 -0.0000 0.9997
vn -0.0736 -0.0000 0.9973
vn -0.4053 -0.0000 0.9142
vn -0.5350 -0.0000 0.8449
vn -0.7883 -0.0000 0.6152
vn -0.8448 -0.0000 0.5350
vn 0.4053 -0.0000 0.9142
vn 0.7883 -0.0000 0.6152
vn 0.9142 -0.0000 0.4053
vn 0.8448 -0.0000 -0.5350
vn -0.4053 -0.0000 -0.9142
vn -0.0000 0.7883 -0.6152
vn -0.0000 0.6152 -0.7883
vn -0.0000 0.4929 -0.8701
vn -0.0000 -0.4929 -0.8701
vn -0.0000 -0.7883 -0.6152
vn -0.0000 -0.7883 0.6152
vn -0.0000 -0.6152 0.7883
vn -0.0000 -0.4929 0.8701
vn -0.0000 -0.0246 0.9997
vn -0.0000 0.4929 0.8701
vn -0.0000 0.6152 0.7883
vn -0.0000 0.7883 0.6152
vn -0.0000 0.0246 0.9997
vn -0.0000 -0.6152 -0.7883
vn -0.9142 -0.0000 0.4053
vn -0.9142 -0.0000 -0.4053
vn -0.8159 0.4353 -0.3805
vn -0.8155 0.4430 -0.3724
vn -0.8143 0.4588 -0.3555
vn -0.8117 0.4819 -0.3300
vn -0.8108 0.4892 -0.3215
vn -0.8083 0.5042 -0.3040
vn -0.8038 0.5263 -0.2776
vn -0.8022 0.5332 -0.2688
vn -0.7919 0.5683 -0.2236
vn -0.7983 0.5476 -0.2507
vn -0.7896 0.5750 -0.2145
vn -0.7845 0.5884 -0.1960
vn -0.7761 0.6078 -0.1682
vn -0.7731 0.6140 -0.1590
vn -0.7582 0.6415 -0.1167
vn -0.7472 0.6588 -0.0883
vn -0.7351 0.6754 -0.0598
vn -0.7221 0.6910 -0.0311
vn -0.7083 0.7059 -0.0025
vn -0.6936 0.7199 0.0262
vn -0.6781 0.7330 0.0549
vn -0.6617 0.7451 0.0834
vn -0.6445 0.7564 0.1118
vn -0.6265 0.7667 0.1402
vn -0.6079 0.7760 0.1682
vn -0.5883 0.7845 0.1960
vn -0.5750 0.7896 0.2145
vn -0.5683 0.7918 0.2236
vn -0.5476 0.7983 0.2507
vn -0.5263 0.8037 0.2776
vn -0.5043 0.8082 0.3040
vn -0.4891 0.8108 0.3215
vn -0.4818 0.8118 0.3300
vn -0.4588 0.8143 0.3555
vn -0.4353 0.8159 0.3805
vn -0.4114 0.8165 0.4050
vn -0.3951 0.8164 0.4212
vn -0.3871 0.8162 0.4289
vn -0.3625 0.8148 0.4524
vn -0.3375 0.8126 0.4751
vn -0.3122 0.8095 0.4973
vn -0.2979 0.8074 0.5093
vn -0.2867 0.8055 0.5187
vn -0.2609 0.8005 0.5396
vn -0.2350 0.7947 0.5597
vn -0.2088 0.7880 0.5792
vn -0.1980 0.7851 0.5869
vn -0.1826 0.7805 0.5979
vn -0.1562 0.7722 0.6159
vn -0.1299 0.7630 0.6332
vn -0.1033 0.7531 0.6497
vn -0.0963 0.7504 0.6540
vn -0.0769 0.7424 0.6655
vn -0.0505 0.7310 0.6805
vn -0.0241 0.7188 0.6948
vn 0.0022 0.7060 0.7082
vn 0.0416 0.6854 0.7270
vn 0.0684 0.6705 0.7388
vn 0.0433 0.6844 0.7278
vn 0.0935 0.6556 0.7493
vn 0.0934 0.6557 0.7492
vn 0.1182 0.6406 0.7587
vn 0.1428 0.6247 0.7677
vn 0.1449 0.6234 0.7684
vn 0.1915 0.5916 0.7832
vn 0.1673 0.6085 0.7758
vn 0.1953 0.5889 0.7842
vn 0.2155 0.5743 0.7898
vn 0.2393 0.5564 0.7957
vn 0.2448 0.5521 0.7970
vn 0.2861 0.5192 0.8053
vn 0.2628 0.5381 0.8009
vn 0.2932 0.5133 0.8066
vn 0.3089 0.5001 0.8090
vn 0.3316 0.4804 0.8120
vn 0.3403 0.4725 0.8130
vn 0.3759 0.4398 0.8157
vn 0.3539 0.4603 0.8142
vn 0.3860 0.4300 0.8161
vn 0.3975 0.4189 0.8164
vn 0.4188 0.3976 0.8164
vn 0.4300 0.3860 0.8162
vn 0.4603 0.3540 0.8142
vn 0.4398 0.3759 0.8157
vn 0.4726 0.3403 0.8130
vn 0.4803 0.3316 0.8120
vn 0.5000 0.3090 0.8090
vn 0.5133 0.2932 0.8066
vn 0.5381 0.2628 0.8009
vn 0.5193 0.2861 0.8053
vn 0.5521 0.2448 0.7970
vn 0.5563 0.2394 0.7957
vn 0.5742 0.2156 0.7898
vn 0.5889 0.1953 0.7843
vn 0.6085 0.1673 0.7758
vn 0.5916 0.1916 0.7831
vn 0.6234 0.1448 0.7684
vn 0.6247 0.1428 0.7677
vn 0.6405 0.1182 0.7588
vn 0.6556 0.0936 0.7493
vn 0.6705 0.0685 0.7388
vn 0.6557 0.0933 0.7492
vn 0.6844 0.0433 0.7278
vn 0.6854 0.0415 0.7270
vn 0.7060 0.0024 0.7082
vn 0.7188 -0.0241 0.6948
vn 0.7310 -0.0504 0.6805
vn 0.7425 -0.0769 0.6655
vn 0.7504 -0.0963 0.6540
vn 0.7531 -0.1034 0.6497
vn 0.7630 -0.1298 0.6332
vn 0.7722 -0.1561 0.6159
vn 0.7805 -0.1827 0.5979
vn 0.7850 -0.1980 0.5870
vn 0.7880 -0.2088 0.5792
vn 0.7947 -0.2349 0.5598
vn 0.8005 -0.2609 0.5396
vn 0.8054 -0.2866 0.5188
vn 0.8074 -0.2979 0.5093
vn 0.8094 -0.3123 0.4973
vn 0.8126 -0.3374 0.4751
vn 0.8148 -0.3625 0.4524
vn 0.8161 -0.3872 0.4290
vn 0.8164 -0.3951 0.4212
vn 0.8165 -0.4114 0.4051
vn 0.8159 -0.4353 0.3805
vn 0.8143 -0.4588 0.3555
vn 0.8117 -0.4819 0.3300
vn 0.8108 -0.4892 0.3215
vn 0.8083 -0.5043 0.3040
vn 0.8038 -0.5261 0.2776
vn 0.7983 -0.5476 0.2507
vn 0.7918 -0.5683 0.2235
vn 0.7896 -0.5749 0.2146
vn 0.7844 -0.5884 0.1961
vn 0.7760 -0.6078 0.1682
vn 0.7666 -0.6266 0.1401
vn 0.7564 -0.6445 0.1119
vn 0.7451 -0.6617 0.0834
vn 0.7330 -0.6781 0.0549
vn 0.7199 -0.6936 0.0263
vn 0.7058 -0.7084 -0.0025
vn 0.6910 -0.7222 -0.0311
vn 0.6753 -0.7351 -0.0598
vn 0.6588 -0.7471 -0.0884
vn 0.6414 -0.7583 -0.1167
vn 0.6140 -0.7731 -0.1590
vn 0.5885 -0.7844 -0.1960
vn 0.6078 -0.7760 -0.1683
vn 0.5749 -0.7896 -0.2145
vn 0.5683 -0.7919 -0.2236
vn 0.5476 -0.7983 -0.2508
vn 0.5332 -0.8021 -0.2688
vn 0.5043 -0.8082 -0.3041
vn 0.5262 -0.8038 -0.2775
vn 0.4891 -0.8108 -0.3215
vn 0.4818 -0.8118 -0.3300
vn 0.4588 -0.8143 -0.3555
vn 0.4430 -0.8155 -0.3724
vn 0.4114 -0.8165 -0.4051
vn 0.4353 -0.8159 -0.3805
vn 0.3951 -0.8164 -0.4212
vn 0.3871 -0.8162 -0.4290
vn 0.3625 -0.8148 -0.4523
vn 0.3466 -0.8136 -0.4668
vn 0.3122 -0.8095 -0.4973
vn 0.3375 -0.8126 -0.4752
vn 0.2979 -0.8073 -0.5093
vn 0.2867 -0.8055 -0.5187
vn 0.2609 -0.8005 -0.5396
vn 0.2482 -0.7978 -0.5494
vn 0.2088 -0.7880 -0.5792
vn 0.2350 -0.7947 -0.5597
vn 0.1979 -0.7850 -0.5870
vn 0.1826 -0.7805 -0.5979
vn 0.1562 -0.7722 -0.6159
vn 0.1472 -0.7692 -0.6219
vn 0.1034 -0.7531 -0.6497
vn 0.1298 -0.7630 -0.6332
vn 0.0963 -0.7504 -0.6540
vn 0.0769 -0.7424 -0.6655
vn 0.0505 -0.7310 -0.6805
vn 0.0453 -0.7287 -0.6833
vn 0.0072 -0.7107 -0.7035
vn -0.0181 -0.6979 -0.7160
vn -0.0433 -0.6844 -0.7278
vn -0.0685 -0.6704 -0.7389
vn -0.0934 -0.6557 -0.7492
vn -0.0936 -0.6556 -0.7493
vn -0.1182 -0.6405 -0.7588
vn -0.1429 -0.6247 -0.7677
vn -0.1449 -0.6234 -0.7684
vn -0.1673 -0.6084 -0.7758
vn -0.1915 -0.5916 -0.7832
vn -0.2155 -0.5742 -0.7898
vn -0.2393 -0.5564 -0.7957
vn -0.2448 -0.5521 -0.7970
vn -0.2628 -0.5381 -0.8009
vn -0.2860 -0.5193 -0.8053
vn -0.3090 -0.5000 -0.8090
vn -0.3316 -0.4803 -0.8120
vn -0.3403 -0.4726 -0.8129
vn -0.3540 -0.4602 -0.8142
vn -0.3759 -0.4397 -0.8157
vn -0.3976 -0.4188 -0.8164
vn -0.4188 -0.3976 -0.8164
vn -0.4300 -0.3860 -0.8161
vn -0.4397 -0.3759 -0.8157
vn -0.4603 -0.3540 -0.8141
vn -0.4804 -0.3316 -0.8120
vn -0.5000 -0.3091 -0.8090
vn -0.5133 -0.2931 -0.8066
vn -0.5193 -0.2861 -0.8053
vn -0.5380 -0.2628 -0.8009
vn -0.5564 -0.2393 -0.7957
vn -0.5743 -0.2156 -0.7898
vn -0.5888 -0.1953 -0.7843
vn -0.5916 -0.1915 -0.7831
vn -0.6085 -0.1672 -0.7757
vn -0.6247 -0.1429 -0.7677
vn -0.6406 -0.1181 -0.7588
vn -0.6557 -0.0934 -0.7492
vn -0.6556 -0.0936 -0.7493
vn -0.6704 -0.0685 -0.7388
vn -0.6844 -0.0433 -0.7278
vn -0.6854 -0.0416 -0.7270
vn -0.6979 -0.0181 -0.7160
vn -0.7060 -0.0023 -0.7082
vn -0.7107 0.0072 -0.7035
vn -0.7287 0.0453 -0.6833
vn -0.7424 0.0769 -0.6655
vn -0.7310 0.0505 -0.6805
vn -0.7504 0.0963 -0.6540
vn -0.7531 0.1035 -0.6497
vn -0.7631 0.1297 -0.6332
vn -0.7692 0.1472 -0.6219
vn -0.7805 0.1826 -0.5979
vn -0.7722 0.1563 -0.6159
vn -0.7850 0.1979 -0.5870
vn -0.7880 0.2089 -0.5791
vn -0.7947 0.2349 -0.5597
vn -0.7978 0.2483 -0.5494
vn -0.8054 0.2867 -0.5187
vn -0.8005 0.2609 -0.5396
vn -0.8073 0.2979 -0.5094
vn -0.8095 0.3121 -0.4973
vn -0.8126 0.3375 -0.4751
vn -0.8136 0.3467 -0.4668
vn -0.8162 0.3871 -0.4290
vn -0.8149 0.3624 -0.4524
vn -0.3860 -0.4301 -0.8161
vn -0.2932 -0.5133 -0.8066
vn -0.1953 -0.5889 -0.7843
vn -0.0416 -0.6854 -0.7270
vn -0.0023 -0.7059 -0.7083
vn 0.0241 -0.7189 -0.6947
vn 0.6266 -0.7666 -0.1402
vn 0.6445 -0.7563 -0.1119
vn 0.6617 -0.7451 -0.0834
vn 0.6780 -0.7330 -0.0549
vn 0.6937 -0.7198 -0.0262
vn 0.7083 -0.7059 0.0024
vn 0.7221 -0.6910 0.0312
vn 0.7351 -0.6753 0.0598
vn 0.7472 -0.6588 0.0883
vn 0.7583 -0.6414 0.1167
vn 0.7731 -0.6140 0.1590
vn 0.8021 -0.5332 0.2688
vn 0.8155 -0.4430 0.3724
vn 0.8136 -0.3467 0.4668
vn 0.7978 -0.2482 0.5494
vn 0.7692 -0.1473 0.6218
vn 0.7287 -0.0453 0.6833
vn 0.7107 -0.0072 0.7035
vn 0.6979 0.0182 0.7160
vn 0.0181 0.6979 0.7160
vn -0.0072 0.7107 0.7035
vn -0.0453 0.7287 0.6833
vn -0.1472 0.7692 0.6219
vn -0.2483 0.7978 0.5494
vn -0.3467 0.8136 0.4668
vn -0.4430 0.8155 0.3724
vn -0.5332 0.8022 0.2688
vn -0.6140 0.7731 0.1590
vn -0.6416 0.7581 0.1167
vn -0.6587 0.7472 0.0883
vn -0.6753 0.7351 0.0598
vn -0.6911 0.7221 0.0311
vn -0.7059 0.7083 0.0025
vn -0.7199 0.6936 -0.0262
vn -0.7330 0.6780 -0.0549
vn -0.7451 0.6617 -0.0835
vn -0.7563 0.6445 -0.1119
vn -0.7667 0.6265 -0.1402
vn -0.8165 0.4114 -0.4051
vn -0.8164 0.3951 -0.4212
vn -0.7188 0.0241 -0.6948
vn -0.6234 -0.1448 -0.7684
vn -0.5521 -0.2448 -0.7970
vn -0.4726 -0.3402 -0.8130
vn 0.3539 -0.4603 0.8142
vn 0.3403 -0.4725 0.8130
vn 0.3316 -0.4804 0.8120
vn 0.3090 -0.5000 0.8090
vn 0.2932 -0.5133 0.8066
vn 0.2861 -0.5192 0.8053
vn 0.2628 -0.5381 0.8009
vn 0.2448 -0.5521 0.7970
vn 0.2155 -0.5743 0.7898
vn 0.2393 -0.5564 0.7957
vn 0.1953 -0.5889 0.7842
vn 0.1915 -0.5916 0.7831
vn 0.1673 -0.6085 0.7758
vn 0.1449 -0.6234 0.7684
vn 0.1182 -0.6406 0.7587
vn 0.1428 -0.6247 0.7677
vn 0.0936 -0.6556 0.7493
vn 0.0933 -0.6557 0.7492
vn 0.0684 -0.6705 0.7388
vn 0.0433 -0.6844 0.7278
vn 0.0416 -0.6854 0.7270
vn 0.0022 -0.7060 0.7082
vn -0.0241 -0.7188 0.6948
vn -0.0505 -0.7310 0.6805
vn -0.0769 -0.7424 0.6655
vn -0.0963 -0.7504 0.6540
vn -0.1033 -0.7531 0.6497
vn -0.1299 -0.7630 0.6332
vn -0.1562 -0.7722 0.6159
vn -0.1826 -0.7805 0.5979
vn -0.1980 -0.7851 0.5869
vn -0.2088 -0.7880 0.5792
vn -0.2350 -0.7947 0.5597
vn -0.2609 -0.8005 0.5396
vn -0.2867 -0.8055 0.5187
vn -0.2979 -0.8074 0.5093
vn -0.3122 -0.8095 0.4973
vn -0.3375 -0.8126 0.4751
vn -0.3625 -0.8148 0.4524
vn -0.3871 -0.8162 0.4289
vn -0.3951 -0.8164 0.4212
vn -0.4114 -0.8165 0.4050
vn -0.4353 -0.8159 0.3805
vn -0.4588 -0.8143 0.3555
vn -0.4818 -0.8118 0.3300
vn -0.4891 -0.8108 0.3215
vn -0.5043 -0.8082 0.3040
vn -0.5263 -0.8037 0.2776
vn -0.5476 -0.7983 0.2507
vn -0.5683 -0.7918 0.2236
vn -0.5750 -0.7896 0.2145
vn -0.5883 -0.7845 0.1960
vn -0.6079 -0.7760 0.1682
vn -0.6265 -0.7667 0.1402
vn -0.6445 -0.7564 0.1118
vn -0.6617 -0.7451 0.0834
vn -0.6781 -0.7330 0.0549
vn -0.6936 -0.7199 0.0262
vn -0.7083 -0.7059 -0.0025
vn -0.7221 -0.6910 -0.0311
vn -0.7351 -0.6754 -0.0598
vn -0.7472 -0.6588 -0.0883
vn -0.7582 -0.6415 -0.1167
vn -0.7731 -0.6140 -0.1590
vn -0.7845 -0.5884 -0.1960
vn -0.7761 -0.6078 -0.1682
vn -0.7896 -0.5750 -0.2145
vn -0.7919 -0.5683 -0.2236
vn -0.7983 -0.5476 -0.2507
vn -0.8022 -0.5332 -0.2688
vn -0.8083 -0.5042 -0.3040
vn -0.8038 -0.5263 -0.2776
vn -0.8108 -0.4892 -0.3215
vn -0.8118 -0.4819 -0.3300
vn -0.8143 -0.4588 -0.3555
vn -0.8155 -0.4430 -0.3724
vn -0.8165 -0.4114 -0.4051
vn -0.8159 -0.4353 -0.3805
vn -0.8164 -0.3951 -0.4212
vn -0.8162 -0.3871 -0.4290
vn -0.8149 -0.3624 -0.4524
vn -0.8136 -0.3467 -0.4668
vn -0.8095 -0.3121 -0.4973
vn -0.8126 -0.3375 -0.4751
vn -0.8073 -0.2979 -0.5094
vn -0.8054 -0.2867 -0.5187
vn -0.8005 -0.2609 -0.5396
vn -0.7978 -0.2483 -0.5494
vn -0.7880 -0.2089 -0.5791
vn -0.7947 -0.2349 -0.5597
vn -0.7850 -0.1979 -0.5870
vn -0.7805 -0.1826 -0.5979
vn -0.7722 -0.1563 -0.6159
vn -0.7692 -0.1472 -0.6219
vn -0.7531 -0.1035 -0.6497
vn -0.7631 -0.1297 -0.6332
vn -0.7504 -0.0963 -0.6540
vn -0.7424 -0.0769 -0.6655
vn -0.7310 -0.0505 -0.6805
vn -0.7287 -0.0453 -0.6833
vn -0.7107 -0.0072 -0.7035
vn -0.6979 0.0181 -0.7160
vn -0.6844 0.0433 -0.7278
vn -0.6704 0.0685 -0.7388
vn -0.6557 0.0934 -0.7492
vn -0.6556 0.0936 -0.7493
vn -0.6406 0.1182 -0.7587
vn -0.6247 0.1429 -0.7676
vn -0.6234 0.1448 -0.7684
vn -0.6085 0.1673 -0.7757
vn -0.5916 0.1915 -0.7831
vn -0.5743 0.2156 -0.7898
vn -0.5564 0.2393 -0.7957
vn -0.5521 0.2448 -0.7970
vn -0.5381 0.2628 -0.8009
vn -0.5193 0.2860 -0.8053
vn -0.5000 0.3091 -0.8090
vn -0.4804 0.3316 -0.8120
vn -0.4726 0.3402 -0.8130
vn -0.4603 0.3541 -0.8141
vn -0.4397 0.3759 -0.8157
vn -0.4188 0.3975 -0.8164
vn -0.3976 0.4188 -0.8164
vn -0.3860 0.4301 -0.8161
vn -0.3759 0.4397 -0.8157
vn -0.3540 0.4602 -0.8142
vn -0.3316 0.4803 -0.8120
vn -0.3090 0.5000 -0.8090
vn -0.2932 0.5133 -0.8066
vn -0.2860 0.5193 -0.8053
vn -0.2628 0.5380 -0.8009
vn -0.2393 0.5564 -0.7957
vn -0.2155 0.5743 -0.7898
vn -0.1953 0.5889 -0.7843
vn -0.1915 0.5916 -0.7831
vn -0.1673 0.6084 -0.7758
vn -0.1429 0.6248 -0.7676
vn -0.1182 0.6405 -0.7588
vn -0.0934 0.6557 -0.7492
vn -0.0936 0.6557 -0.7492
vn -0.0685 0.6704 -0.7389
vn -0.0433 0.6844 -0.7278
vn -0.0416 0.6854 -0.7270
vn -0.0181 0.6979 -0.7160
vn -0.0023 0.7059 -0.7083
vn 0.0072 0.7107 -0.7035
vn 0.0453 0.7287 -0.6833
vn 0.0769 0.7424 -0.6655
vn 0.0505 0.7310 -0.6805
vn 0.0963 0.7504 -0.6540
vn 0.1034 0.7531 -0.6497
vn 0.1298 0.7630 -0.6332
vn 0.1472 0.7692 -0.6219
vn 0.1826 0.7805 -0.5979
vn 0.1562 0.7722 -0.6159
vn 0.1979 0.7850 -0.5870
vn 0.2088 0.7880 -0.5792
vn 0.2350 0.7947 -0.5597
vn 0.2482 0.7978 -0.5494
vn 0.2867 0.8055 -0.5187
vn 0.2609 0.8005 -0.5396
vn 0.2979 0.8073 -0.5093
vn 0.3122 0.8095 -0.4973
vn 0.3375 0.8126 -0.4752
vn 0.3466 0.8136 -0.4668
vn 0.3871 0.8162 -0.4290
vn 0.3625 0.8148 -0.4523
vn 0.3951 0.8164 -0.4212
vn 0.4114 0.8165 -0.4051
vn 0.4353 0.8159 -0.3805
vn 0.4430 0.8155 -0.3724
vn 0.4818 0.8118 -0.3300
vn 0.4588 0.8143 -0.3555
vn 0.4891 0.8108 -0.3215
vn 0.5043 0.8082 -0.3041
vn 0.5262 0.8038 -0.2775
vn 0.5332 0.8021 -0.2688
vn 0.5683 0.7919 -0.2236
vn 0.5476 0.7983 -0.2508
vn 0.5749 0.7896 -0.2145
vn 0.5885 0.7844 -0.1960
vn 0.6078 0.7760 -0.1683
vn 0.6140 0.7731 -0.1590
vn 0.6414 0.7583 -0.1167
vn 0.6588 0.7471 -0.0884
vn 0.6753 0.7351 -0.0598
vn 0.6910 0.7222 -0.0311
vn 0.7058 0.7084 -0.0025
vn 0.7199 0.6936 0.0263
vn 0.7330 0.6781 0.0549
vn 0.7451 0.6617 0.0834
vn 0.7564 0.6445 0.1119
vn 0.7666 0.6266 0.1401
vn 0.7760 0.6078 0.1682
vn 0.7844 0.5884 0.1961
vn 0.7896 0.5749 0.2146
vn 0.7918 0.5683 0.2235
vn 0.7983 0.5476 0.2507
vn 0.8038 0.5261 0.2776
vn 0.8083 0.5043 0.3040
vn 0.8108 0.4892 0.3215
vn 0.8117 0.4819 0.3300
vn 0.8143 0.4588 0.3555
vn 0.8159 0.4353 0.3805
vn 0.8165 0.4114 0.4051
vn 0.8164 0.3951 0.4212
vn 0.8161 0.3872 0.4290
vn 0.8148 0.3625 0.4524
vn 0.8126 0.3374 0.4751
vn 0.8094 0.3123 0.4973
vn 0.8074 0.2979 0.5093
vn 0.8054 0.2866 0.5188
vn 0.8005 0.2609 0.5396
vn 0.7947 0.2349 0.5598
vn 0.7880 0.2088 0.5792
vn 0.7850 0.1980 0.5870
vn 0.7805 0.1827 0.5979
vn 0.7722 0.1561 0.6159
vn 0.7630 0.1298 0.6332
vn 0.7531 0.1034 0.6497
vn 0.7504 0.0963 0.6540
vn 0.7425 0.0769 0.6655
vn 0.7310 0.0504 0.6805
vn 0.7188 0.0241 0.6948
vn 0.7060 -0.0024 0.7082
vn 0.6854 -0.0415 0.7270
vn 0.6705 -0.0685 0.7388
vn 0.6844 -0.0433 0.7278
vn 0.6556 -0.0936 0.7493
vn 0.6557 -0.0933 0.7492
vn 0.6405 -0.1182 0.7588
vn 0.6247 -0.1428 0.7677
vn 0.6234 -0.1448 0.7684
vn 0.5916 -0.1916 0.7831
vn 0.6085 -0.1673 0.7758
vn 0.5888 -0.1953 0.7843
vn 0.5743 -0.2156 0.7898
vn 0.5563 -0.2394 0.7957
vn 0.5521 -0.2448 0.7970
vn 0.5193 -0.2861 0.8053
vn 0.5381 -0.2628 0.8009
vn 0.5133 -0.2932 0.8066
vn 0.5000 -0.3090 0.8090
vn 0.4803 -0.3316 0.8120
vn 0.4726 -0.3403 0.8130
vn 0.4398 -0.3759 0.8157
vn 0.4603 -0.3540 0.8142
vn 0.4300 -0.3860 0.8162
vn 0.4188 -0.3976 0.8164
vn 0.3975 -0.4189 0.8164
vn 0.3860 -0.4300 0.8162
vn 0.3759 -0.4398 0.8157
vn -0.4300 0.3860 -0.8161
vn -0.5133 0.2931 -0.8066
vn -0.5888 0.1953 -0.7843
vn -0.6854 0.0416 -0.7270
vn -0.7060 0.0023 -0.7082
vn -0.7188 -0.0241 -0.6948
vn -0.7667 -0.6265 -0.1402
vn -0.7563 -0.6445 -0.1119
vn -0.7451 -0.6617 -0.0835
vn -0.7330 -0.6780 -0.0549
vn -0.7199 -0.6936 -0.0262
vn -0.7059 -0.7083 0.0025
vn -0.6911 -0.7221 0.0311
vn -0.6753 -0.7351 0.0598
vn -0.6587 -0.7472 0.0883
vn -0.6416 -0.7581 0.1167
vn -0.6140 -0.7731 0.1590
vn -0.5332 -0.8022 0.2688
vn -0.4430 -0.8155 0.3724
vn -0.3467 -0.8136 0.4668
vn -0.2483 -0.7978 0.5494
vn -0.1472 -0.7692 0.6219
vn -0.0453 -0.7287 0.6833
vn -0.0072 -0.7107 0.7035
vn 0.0181 -0.6979 0.7160
vn 0.6979 -0.0182 0.7160
vn 0.7107 0.0072 0.7035
vn 0.7287 0.0453 0.6833
vn 0.7692 0.1473 0.6219
vn 0.7978 0.2482 0.5494
vn 0.8136 0.3467 0.4668
vn 0.8155 0.4430 0.3724
vn 0.8021 0.5332 0.2688
vn 0.7731 0.6140 0.1590
vn 0.7583 0.6414 0.1167
vn 0.7472 0.6588 0.0883
vn 0.7351 0.6753 0.0598
vn 0.7221 0.6910 0.0312
vn 0.7083 0.7059 0.0024
vn 0.6937 0.7198 -0.0262
vn 0.6780 0.7330 -0.0549
vn 0.6617 0.7451 -0.0834
vn 0.6445 0.7563 -0.1119
vn 0.6266 0.7666 -0.1402
vn 0.0241 0.7189 -0.6947
vn -0.1449 0.6234 -0.7684
vn -0.2449 0.5520 -0.7971
vn -0.3403 0.4726 -0.8130
vn 0.6896 -0.0000 -0.7242
vn 0.6896 -0.0000 0.7242
vn -0.3539 0.4603 0.8142
vn -0.3403 0.4725 0.8130
vn -0.3316 0.4804 0.8120
vn -0.3090 0.5000 0.8090
vn -0.2932 0.5133 0.8066
vn -0.2861 0.5192 0.8053
vn -0.2628 0.5381 0.8009
vn -0.2448 0.5521 0.7970
vn -0.2155 0.5743 0.7898
vn -0.2393 0.5564 0.7957
vn -0.1953 0.5889 0.7842
vn -0.1915 0.5916 0.7831
vn -0.1673 0.6085 0.7758
vn -0.1449 0.6234 0.7684
vn -0.1182 0.6406 0.7587
vn -0.1428 0.6247 0.7677
vn -0.0936 0.6556 0.7493
vn -0.0933 0.6557 0.7492
vn -0.0684 0.6705 0.7388
vn -0.0433 0.6844 0.7278
vn -0.0416 0.6854 0.7270
vn -0.0022 0.7060 0.7082
vn 0.0241 0.7188 0.6948
vn 0.0505 0.7310 0.6805
vn 0.0769 0.7424 0.6655
vn 0.0963 0.7504 0.6540
vn 0.1033 0.7531 0.6497
vn 0.1299 0.7630 0.6332
vn 0.1562 0.7722 0.6159
vn 0.1826 0.7805 0.5979
vn 0.1980 0.7851 0.5869
vn 0.2088 0.7880 0.5792
vn 0.2350 0.7947 0.5597
vn 0.2609 0.8005 0.5396
vn 0.2867 0.8055 0.5187
vn 0.2979 0.8074 0.5093
vn 0.3122 0.8095 0.4973
vn 0.3375 0.8126 0.4751
vn 0.3625 0.8148 0.4524
vn 0.3871 0.8162 0.4289
vn 0.3951 0.8164 0.4212
vn 0.4114 0.8165 0.4050
vn 0.4353 0.8159 0.3805
vn 0.4588 0.8143 0.3555
vn 0.4818 0.8118 0.3300
vn 0.4891 0.8108 0.3215
vn 0.5043 0.8082 0.3040
vn 0.5263 0.8037 0.2776
vn 0.5476 0.7983 0.2507
vn 0.5683 0.7918 0.2236
vn 0.5750 0.7896 0.2145
vn 0.5883 0.7845 0.1960
vn 0.6079 0.7760 0.1682
vn 0.6265 0.7667 0.1402
vn 0.6445 0.7564 0.1118
vn 0.6617 0.7451 0.0834
vn 0.6781 0.7330 0.0549
vn 0.6936 0.7199 0.0262
vn 0.7083 0.7059 -0.0025
vn 0.7221 0.6910 -0.0311
vn 0.7351 0.6754 -0.0598
vn 0.7472 0.6588 -0.0883
vn 0.7582 0.6415 -0.1167
vn 0.7731 0.6140 -0.1590
vn 0.7845 0.5884 -0.1960
vn 0.7761 0.6078 -0.1682
vn 0.7896 0.5750 -0.2145
vn 0.7919 0.5683 -0.2236
vn 0.7983 0.5476 -0.2507
vn 0.8022 0.5332 -0.2688
vn 0.8083 0.5042 -0.3040
vn 0.8038 0.5263 -0.2776
vn 0.8108 0.4892 -0.3215
vn 0.8118 0.4819 -0.3300
vn 0.8143 0.4588 -0.3555
vn 0.8155 0.4430 -0.3724
vn 0.8165 0.4114 -0.4051
vn 0.8159 0.4353 -0.3805
vn 0.8164 0.3951 -0.4212
vn 0.8162 0.3871 -0.4290
vn 0.8149 0.3624 -0.4524
vn 0.8136 0.3467 -0.4668
vn 0.8095 0.3121 -0.4973
vn 0.8126 0.3375 -0.4751
vn 0.8073 0.2979 -0.5094
vn 0.8054 0.2867 -0.5187
vn 0.8005 0.2609 -0.5396
vn 0.7978 0.2483 -0.5494
vn 0.7880 0.2089 -0.5791
vn 0.7947 0.2349 -0.5597
vn 0.7850 0.1979 -0.5870
vn 0.7805 0.1826 -0.5979
vn 0.7722 0.1563 -0.6159
vn 0.7692 0.1472 -0.6219
vn 0.7531 0.1035 -0.6497
vn 0.7631 0.1297 -0.6332
vn 0.7504 0.0963 -0.6540
vn 0.7424 0.0769 -0.6655
vn 0.7310 0.0505 -0.6805
vn 0.7287 0.0453 -0.6833
vn 0.7107 0.0072 -0.7035
vn 0.6979 -0.0181 -0.7160
vn 0.6844 -0.0433 -0.7278
vn 0.6704 -0.0685 -0.7388
vn 0.6557 -0.0934 -0.7492
vn 0.6556 -0.0936 -0.7493
vn 0.6406 -0.1182 -0.7587
vn 0.6247 -0.1429 -0.7676
vn 0.6234 -0.1448 -0.7684
vn 0.6085 -0.1673 -0.7757
vn 0.5916 -0.1915 -0.7831
vn 0.5743 -0.2156 -0.7898
vn 0.5564 -0.2393 -0.7957
vn 0.5521 -0.2448 -0.7970
vn 0.5381 -0.2628 -0.8009
vn 0.5193 -0.2860 -0.8053
vn 0.5000 -0.3091 -0.8090
vn 0.4804 -0.3316 -0.8120
vn 0.4726 -0.3402 -0.8130
vn 0.4603 -0.3541 -0.8141
vn 0.4397 -0.3759 -0.8157
vn 0.4188 -0.3975 -0.8164
vn 0.3976 -0.4188 -0.8164
vn 0.3860 -0.4301 -0.8161
vn 0.3759 -0.4397 -0.8157
vn 0.3540 -0.4602 -0.8142
vn 0.3316 -0.4803 -0.8120
vn 0.3090 -0.5000 -0.8090
vn 0.2932 -0.5133 -0.8066
vn 0.2860 -0.5193 -0.8053
vn 0.2628 -0.5380 -0.8009
vn 0.2393 -0.5564 -0.7957
vn 0.2155 -0.5743 -0.7898
vn 0.1953 -0.5889 -0.7843
vn 0.1915 -0.5916 -0.7831
vn 0.1673 -0.6084 -0.7758
vn 0.1429 -0.6248 -0.7676
vn 0.1182 -0.6405 -0.7588
vn 0.0934 -0.6557 -0.7492
vn 0.0936 -0.6557 -0.7492
vn 0.0685 -0.6704 -0.7389
vn 0.0433 -0.6844 -0.7278
vn 0.0416 -0.6854 -0.7270
vn 0.0181 -0.6979 -0.7160
vn 0.0023 -0.7059 -0.7083
vn -0.0072 -0.7107 -0.7035
vn -0.0453 -0.7287 -0.6833
vn -0.0769 -0.7424 -0.6655
vn -0.0505 -0.7310 -0.6805
vn -0.0963 -0.7504 -0.6540
vn -0.1034 -0.7531 -0.6497
vn -0.1298 -0.7630 -0.6332
vn -0.1472 -0.7692 -0.6219
vn -0.1826 -0.7805 -0.5979
vn -0.1562 -0.7722 -0.6159
vn -0.1979 -0.7850 -0.5870
vn -0.2088 -0.7880 -0.5792
vn -0.2350 -0.7947 -0.5597
vn -0.2482 -0.7978 -0.5494
vn -0.2867 -0.8055 -0.5187
vn -0.2609 -0.8005 -0.5396
vn -0.2979 -0.8073 -0.5093
vn -0.3122 -0.8095 -0.4973
vn -0.3375 -0.8126 -0.4752
vn -0.3466 -0.8136 -0.4668
vn -0.3871 -0.8162 -0.4290
vn -0.3625 -0.8148 -0.4523
vn -0.3951 -0.8164 -0.4212
vn -0.4114 -0.8165 -0.4051
vn -0.4353 -0.8159 -0.3805
vn -0.4430 -0.8155 -0.3724
vn -0.4818 -0.8118 -0.3300
vn -0.4588 -0.8143 -0.3555
vn -0.4891 -0.8108 -0.3215
vn -0.5043 -0.8082 -0.3041
vn -0.5262 -0.8038 -0.2775
vn -0.5332 -0.8021 -0.2688
vn -0.5683 -0.7919 -0.2236
vn -0.5476 -0.7983 -0.2508
vn -0.5749 -0.7896 -0.2145
vn -0.5885 -0.7844 -0.1960
vn -0.6078 -0.7760 -0.1683
vn -0.6140 -0.7731 -0.1590
vn -0.6414 -0.7583 -0.1167
vn -0.6588 -0.7471 -0.0884
vn -0.6753 -0.7351 -0.0598
vn -0.6910 -0.7222 -0.0311
vn -0.7058 -0.7084 -0.0025
vn -0.7199 -0.6936 0.0263
vn -0.7330 -0.6781 0.0549
vn -0.7451 -0.6617 0.0834
vn -0.7564 -0.6445 0.1119
vn -0.7666 -0.6266 0.1401
vn -0.7760 -0.6078 0.1682
vn -0.7844 -0.5884 0.1961
vn -0.7896 -0.5749 0.2146
vn -0.7918 -0.5683 0.2235
vn -0.7983 -0.5476 0.2507
vn -0.8038 -0.5261 0.2776
vn -0.8083 -0.5043 0.3040
vn -0.8108 -0.4892 0.3215
vn -0.8117 -0.4819 0.3300
vn -0.8143 -0.4588 0.3555
vn -0.8159 -0.4353 0.3805
vn -0.8165 -0.4114 0.4051
vn -0.8164 -0.3951 0.4212
vn -0.8161 -0.3872 0.4290
vn -0.8148 -0.3625 0.4524
vn -0.8126 -0.3374 0.4751
vn -0.8094 -0.3123 0.4973
vn -0.8074 -0.2979 0.5093
vn -0.8054 -0.2866 0.5188
vn -0.8005 -0.2609 0.5396
vn -0.7947 -0.2349 0.5598
vn -0.7880 -0.2088 0.5792
vn -0.7850 -0.1980 0.5870
vn -0.7805 -0.1827 0.5979
vn -0.7722 -0.1561 0.6159
vn -0.7630 -0.1298 0.6332
vn -0.7531 -0.1034 0.6497
vn -0.7504 -0.0963 0.6540
vn -0.7425 -0.0769 0.6655
vn -0.7310 -0.0504 0.6805
vn -0.7188 -0.0241 0.6948
vn -0.7060 0.0024 0.7082
vn -0.6854 0.0415 0.7270
vn -0.6705 0.0685 0.7388
vn -0.6844 0.0433 0.7278
vn -0.6556 0.0936 0.7493
vn -0.6557 0.0933 0.7492
vn -0.6405 0.1182 0.7588
vn -0.6247 0.1428 0.7677
vn -0.6234 0.1448 0.7684
vn -0.5916 0.1916 0.7831
vn -0.6085 0.1673 0.7758
vn -0.5888 0.1953 0.7843
vn -0.5743 0.2156 0.7898
vn -0.5563 0.2394 0.7957
vn -0.5521 0.2448 0.7970
vn -0.5193 0.2861 0.8053
vn -0.5381 0.2628 0.8009
vn -0.5133 0.2932 0.8066
vn -0.5000 0.3090 0.8090
vn -0.4803 0.3316 0.8120
vn -0.4726 0.3403 0.8130
vn -0.4398 0.3759 0.8157
vn -0.4603 0.3540 0.8142
vn -0.4300 0.3860 0.8162
vn -0.4188 0.3976 0.8164
vn -0.3975 0.4189 0.8164
vn -0.3860 0.4300 0.8162
vn -0.3759 0.4398 0.8157
vn 0.4300 -0.3860 -0.8161
vn 0.5133 -0.2931 -0.8066
vn 0.5888 -0.1953 -0.7843
vn 0.6854 -0.0416 -0.7270
vn 0.7060 -0.0023 -0.7082
vn 0.7188 0.0241 -0.6948
vn 0.7667 0.6265 -0.1402
vn 0.7563 0.6445 -0.1119
vn 0.7451 0.6617 -0.0835
vn 0.7330 0.6780 -0.0549
vn 0.7199 0.6936 -0.0262
vn 0.7059 0.7083 0.0025
vn 0.6911 0.7221 0.0311
vn 0.6753 0.7351 0.0598
vn 0.6587 0.7472 0.0883
vn 0.6416 0.7581 0.1167
vn 0.6140 0.7731 0.1590
vn 0.5332 0.8022 0.2688
vn 0.4430 0.8155 0.3724
vn 0.3467 0.8136 0.4668
vn 0.2483 0.7978 0.5494
vn 0.1472 0.7692 0.6219
vn 0.0453 0.7287 0.6833
vn 0.0072 0.7107 0.7035
vn -0.0181 0.6979 0.7160
vn -0.6979 0.0182 0.7160
vn -0.7107 -0.0072 0.7035
vn -0.7287 -0.0453 0.6833
vn -0.7692 -0.1473 0.6219
vn -0.7978 -0.2482 0.5494
vn -0.8136 -0.3467 0.4668
vn -0.8155 -0.4430 0.3724
vn -0.8021 -0.5332 0.2688
vn -0.7731 -0.6140 0.1590
vn -0.7583 -0.6414 0.1167
vn -0.7472 -0.6588 0.0883
vn -0.7351 -0.6753 0.0598
vn -0.7221 -0.6910 0.0312
vn -0.7083 -0.7059 0.0024
vn -0.6937 -0.7198 -0.0262
vn -0.6780 -0.7330 -0.0549
vn -0.6617 -0.7451 -0.0834
vn -0.6445 -0.7563 -0.1119
vn -0.6266 -0.7666 -0.1402
vn -0.0241 -0.7189 -0.6947
vn 0.1449 -0.6234 -0.7684
vn 0.2449 -0.5520 -0.7971
vn 0.3403 -0.4726 -0.8130
vn -0.0000 0.3138 -0.9495
vn -0.0000 0.2192 -0.9757
vn -0.0000 -0.2666 -0.9638
vn -0.0000 -0.6896 -0.7242
vn -0.0000 -0.8448 -0.5350
vn -0.0000 0.6896 0.7242
vn -0.0000 0.8448 0.5350
vn -0.0000 -0.6896 0.7242
vn -0.0000 -0.8448 0.5350
vn -0.0000 -0.3138 -0.9495
vn -0.0000 -0.2192 -0.9757
vn -0.0000 0.2666 -0.9638
vn -0.0000 0.6896 -0.7242
vn -0.0000 0.8448 -0.5350
vn 0.8159 -0.4353 -0.3805
vn 0.8155 -0.4430 -0.3724
vn 0.8143 -0.4588 -0.3555
vn 0.8117 -0.4819 -0.3300
vn 0.8108 -0.4892 -0.3215
vn 0.8083 -0.5042 -0.3040
vn 0.8038 -0.5263 -0.2776
vn 0.8022 -0.5332 -0.2688
vn 0.7919 -0.5683 -0.2236
vn 0.7983 -0.5476 -0.2507
vn 0.7896 -0.5750 -0.2145
vn 0.7845 -0.5884 -0.1960
vn 0.7761 -0.6078 -0.1682
vn 0.7731 -0.6140 -0.1590
vn 0.7582 -0.6415 -0.1167
vn 0.7472 -0.6588 -0.0883
vn 0.7351 -0.6754 -0.0598
vn 0.7221 -0.6910 -0.0311
vn 0.7083 -0.7059 -0.0025
vn 0.6936 -0.7199 0.0262
vn 0.6781 -0.7330 0.0549
vn 0.6617 -0.7451 0.0834
vn 0.6445 -0.7564 0.1118
vn 0.6265 -0.7667 0.1402
vn 0.6079 -0.7760 0.1682
vn 0.5883 -0.7845 0.1960
vn 0.5750 -0.7896 0.2145
vn 0.5683 -0.7918 0.2236
vn 0.5476 -0.7983 0.2507
vn 0.5263 -0.8037 0.2776
vn 0.5043 -0.8082 0.3040
vn 0.4891 -0.8108 0.3215
vn 0.4818 -0.8118 0.3300
vn 0.4588 -0.8143 0.3555
vn 0.4353 -0.8159 0.3805
vn 0.4114 -0.8165 0.4050
vn 0.3951 -0.8164 0.4212
vn 0.3871 -0.8162 0.4289
vn 0.3625 -0.8148 0.4524
vn 0.3375 -0.8126 0.4751
vn 0.3122 -0.8095 0.4973
vn 0.2979 -0.8074 0.5093
vn 0.2867 -0.8055 0.5187
vn 0.2609 -0.8005 0.5396
vn 0.2350 -0.7947 0.5597
vn 0.2088 -0.7880 0.5792
vn 0.1980 -0.7851 0.5869
vn 0.1826 -0.7805 0.5979
vn 0.1562 -0.7722 0.6159
vn 0.1299 -0.7630 0.6332
vn 0.1033 -0.7531 0.6497
vn 0.0963 -0.7504 0.6540
vn 0.0769 -0.7424 0.6655
vn 0.0505 -0.7310 0.6805
vn 0.0241 -0.7188 0.6948
vn -0.0022 -0.7060 0.7082
vn -0.0416 -0.6854 0.7270
vn -0.0684 -0.6705 0.7388
vn -0.0433 -0.6844 0.7278
vn -0.0935 -0.6556 0.7493
vn -0.0934 -0.6557 0.7492
vn -0.1182 -0.6406 0.7587
vn -0.1428 -0.6247 0.7677
vn -0.1449 -0.6234 0.7684
vn -0.1915 -0.5916 0.7832
vn -0.1673 -0.6085 0.7758
vn -0.1953 -0.5889 0.7842
vn -0.2155 -0.5743 0.7898
vn -0.2393 -0.5564 0.7957
vn -0.2448 -0.5521 0.7970
vn -0.2861 -0.5192 0.8053
vn -0.2628 -0.5381 0.8009
vn -0.2932 -0.5133 0.8066
vn -0.3089 -0.5001 0.8090
vn -0.3316 -0.4804 0.8120
vn -0.3403 -0.4725 0.8130
vn -0.3759 -0.4398 0.8157
vn -0.3539 -0.4603 0.8142
vn -0.3860 -0.4300 0.8161
vn -0.3975 -0.4189 0.8164
vn -0.4188 -0.3976 0.8164
vn -0.4300 -0.3860 0.8162
vn -0.4603 -0.3540 0.8142
vn -0.4398 -0.3759 0.8157
vn -0.4726 -0.3403 0.8130
vn -0.4803 -0.3316 0.8120
vn -0.5000 -0.3090 0.8090
vn -0.5133 -0.2932 0.8066
vn -0.5381 -0.2628 0.8009
vn -0.5193 -0.2861 0.8053
vn -0.5521 -0.2448 0.7970
vn -0.5563 -0.2394 0.7957
vn -0.5742 -0.2156 0.7898
vn -0.5889 -0.1953 0.7843
vn -0.6085 -0.1673 0.7758
vn -0.5916 -0.1916 0.7831
vn -0.6234 -0.1448 0.7684
vn -0.6247 -0.1428 0.7677
vn -0.6405 -0.1182 0.7588
vn -0.6556 -0.0936 0.7493
vn -0.6705 -0.0685 0.7388
vn -0.6557 -0.0933 0.7492
vn -0.6844 -0.0433 0.7278
vn -0.6854 -0.0415 0.7270
vn -0.7060 -0.0024 0.7082
vn -0.7188 0.0241 0.6948
vn -0.7310 0.0504 0.6805
vn -0.7425 0.0769 0.6655
vn -0.7504 0.0963 0.6540
vn -0.7531 0.1034 0.6497
vn -0.7630 0.1298 0.6332
vn -0.7722 0.1561 0.6159
vn -0.7805 0.1827 0.5979
vn -0.7850 0.1980 0.5870
vn -0.7880 0.2088 0.5792
vn -0.7947 0.2349 0.5598
vn -0.8005 0.2609 0.5396
vn -0.8054 0.2866 0.5188
vn -0.8074 0.2979 0.5093
vn -0.8094 0.3123 0.4973
vn -0.8126 0.3374 0.4751
vn -0.8148 0.3625 0.4524
vn -0.8161 0.3872 0.4290
vn -0.8164 0.3951 0.4212
vn -0.8165 0.4114 0.4051
vn -0.8159 0.4353 0.3805
vn -0.8143 0.4588 0.3555
vn -0.8117 0.4819 0.3300
vn -0.8108 0.4892 0.3215
vn -0.8083 0.5043 0.3040
vn -0.8038 0.5261 0.2776
vn -0.7983 0.5476 0.2507
vn -0.7918 0.5683 0.2235
vn -0.7896 0.5749 0.2146
vn -0.7844 0.5884 0.1961
vn -0.7760 0.6078 0.1682
vn -0.7666 0.6266 0.1401
vn -0.7564 0.6445 0.1119
vn -0.7451 0.6617 0.0834
vn -0.7330 0.6781 0.0549
vn -0.7199 0.6936 0.0263
vn -0.7058 0.7084 -0.0025
vn -0.6910 0.7222 -0.0311
vn -0.6753 0.7351 -0.0598
vn -0.6588 0.7471 -0.0884
vn -0.6414 0.7583 -0.1167
vn -0.6140 0.7731 -0.1590
vn -0.5885 0.7844 -0.1960
vn -0.6078 0.7760 -0.1683
vn -0.5749 0.7896 -0.2145
vn -0.5683 0.7919 -0.2236
vn -0.5476 0.7983 -0.2508
vn -0.5332 0.8021 -0.2688
vn -0.5043 0.8082 -0.3041
vn -0.5262 0.8038 -0.2775
vn -0.4891 0.8108 -0.3215
vn -0.4818 0.8118 -0.3300
vn -0.4588 0.8143 -0.3555
vn -0.4430 0.8155 -0.3724
vn -0.4114 0.8165 -0.4051
vn -0.4353 0.8159 -0.3805
vn -0.3951 0.8164 -0.4212
vn -0.3871 0.8162 -0.4290
vn -0.3625 0.8148 -0.4523
vn -0.3466 0.8136 -0.4668
vn -0.3122 0.8095 -0.4973
vn -0.3375 0.8126 -0.4752
vn -0.2979 0.8073 -0.5093
vn -0.2867 0.8055 -0.5187
vn -0.2609 0.8005 -0.5396
vn -0.2482 0.7978 -0.5494
vn -0.2088 0.7880 -0.5792
vn -0.2350 0.7947 -0.5597
vn -0.1979 0.7850 -0.5870
vn -0.1826 0.7805 -0.5979
vn -0.1562 0.7722 -0.6159
vn -0.1472 0.7692 -0.6219
vn -0.1034 0.7531 -0.6497
vn -0.1298 0.7630 -0.6332
vn -0.0963 0.7504 -0.6540
vn -0.0769 0.7424 -0.6655
vn -0.0505 0.7310 -0.6805
vn -0.0453 0.7287 -0.6833
vn -0.0072 0.7107 -0.7035
vn 0.0181 0.6979 -0.7160
vn 0.0433 0.6844 -0.7278
vn 0.0685 0.6704 -0.7389
vn 0.0934 0.6557 -0.7492
vn 0.0936 0.6556 -0.7493
vn 0.1182 0.6405 -0.7588
vn 0.1429 0.6247 -0.7677
vn 0.1449 0.6234 -0.7684
vn 0.1673 0.6084 -0.7758
vn 0.1915 0.5916 -0.7832
vn 0.2155 0.5742 -0.7898
vn 0.2393 0.5564 -0.7957
vn 0.2448 0.5521 -0.7970
vn 0.2628 0.5381 -0.8009
vn 0.2860 0.5193 -0.8053
vn 0.3090 0.5000 -0.8090
vn 0.3316 0.4803 -0.8120
vn 0.3403 0.4726 -0.8129
vn 0.3540 0.4602 -0.8142
vn 0.3759 0.4397 -0.8157
vn 0.3976 0.4188 -0.8164
vn 0.4188 0.3976 -0.8164
vn 0.4300 0.3860 -0.8161
vn 0.4397 0.3759 -0.8157
vn 0.4603 0.3540 -0.8141
vn 0.4804 0.3316 -0.8120
vn 0.5000 0.3091 -0.8090
vn 0.5133 0.2931 -0.8066
vn 0.5193 0.2861 -0.8053
vn 0.5380 0.2628 -0.8009
vn 0.5564 0.2393 -0.7957
vn 0.5743 0.2156 -0.7898
vn 0.5888 0.1953 -0.7843
vn 0.5916 0.1915 -0.7831
vn 0.6085 0.1672 -0.7757
vn 0.6247 0.1429 -0.7677
vn 0.6406 0.1181 -0.7588
vn 0.6557 0.0934 -0.7492
vn 0.6556 0.0936 -0.7493
vn 0.6704 0.0685 -0.7388
vn 0.6844 0.0433 -0.7278
vn 0.6854 0.0416 -0.7270
vn 0.6979 0.0181 -0.7160
vn 0.7060 0.0023 -0.7082
vn 0.7107 -0.0072 -0.7035
vn 0.7287 -0.0453 -0.6833
vn 0.7424 -0.0769 -0.6655
vn 0.7310 -0.0505 -0.6805
vn 0.7504 -0.0963 -0.6540
vn 0.7531 -0.1035 -0.6497
vn 0.7631 -0.1297 -0.6332
vn 0.7692 -0.1472 -0.6219
vn 0.7805 -0.1826 -0.5979
vn 0.7722 -0.1563 -0.6159
vn 0.7850 -0.1979 -0.5870
vn 0.7880 -0.2089 -0.5791
vn 0.7947 -0.2349 -0.5597
vn 0.7978 -0.2483 -0.5494
vn 0.8054 -0.2867 -0.5187
vn 0.8005 -0.2609 -0.5396
vn 0.8073 -0.2979 -0.5094
vn 0.8095 -0.3121 -0.4973
vn 0.8126 -0.3375 -0.4751
vn 0.8136 -0.3467 -0.4668
vn 0.8162 -0.3871 -0.4290
vn 0.8149 -0.3624 -0.4524
vn 0.3860 0.4301 -0.8161
vn 0.2932 0.5133 -0.8066
vn 0.1953 0.5889 -0.7843
vn 0.0416 0.6854 -0.7270
vn 0.0023 0.7059 -0.7083
vn -0.0241 0.7189 -0.6947
vn -0.6266 0.7666 -0.1402
vn -0.6445 0.7563 -0.1119
vn -0.6617 0.7451 -0.0834
vn -0.6780 0.7330 -0.0549
vn -0.6937 0.7198 -0.0262
vn -0.7083 0.7059 0.0024
vn -0.7221 0.6910 0.0312
vn -0.7351 0.6753 0.0598
vn -0.7472 0.6588 0.0883
vn -0.7583 0.6414 0.1167
vn -0.7731 0.6140 0.1590
vn -0.8021 0.5332 0.2688
vn -0.8155 0.4430 0.3724
vn -0.8136 0.3467 0.4668
vn -0.7978 0.2482 0.5494
vn -0.7692 0.1473 0.6218
vn -0.7287 0.0453 0.6833
vn -0.7107 0.0072 0.7035
vn -0.6979 -0.0182 0.7160
vn -0.0181 -0.6979 0.7160
vn 0.0072 -0.7107 0.7035
vn 0.0453 -0.7287 0.6833
vn 0.1472 -0.7692 0.6219
vn 0.2483 -0.7978 0.5494
vn 0.3467 -0.8136 0.4668
vn 0.4430 -0.8155 0.3724
vn 0.5332 -0.8022 0.2688
vn 0.6140 -0.7731 0.1590
vn 0.6416 -0.7581 0.1167
vn 0.6587 -0.7472 0.0883
vn 0.6753 -0.7351 0.0598
vn 0.6911 -0.7221 0.0311
vn 0.7059 -0.7083 0.0025
vn 0.7199 -0.6936 -0.0262
vn 0.7330 -0.6780 -0.0549
vn 0.7451 -0.6617 -0.0835
vn 0.7563 -0.6445 -0.1119
vn 0.7667 -0.6265 -0.1402
vn 0.8165 -0.4114 -0.4051
vn 0.8164 -0.3951 -0.4212
vn 0.7188 -0.0241 -0.6948
vn 0.6234 0.1448 -0.7684
vn 0.5521 0.2448 -0.7970
vn 0.4726 0.3402 -0.8130
vn -0.6896 -0.0000 0.7242
vn -0.6896 -0.0000 -0.7242
vn 0.3403 0.4726 -0.8130
vn 0.3090 0.5001 -0.8090
vn 0.2861 0.5193 -0.8053
vn 0.2155 0.5743 -0.7898
vn 0.1673 0.6085 -0.7757
vn 0.1182 0.6406 -0.7587
vn 0.1428 0.6248 -0.7677
vn 0.0684 0.6704 -0.7388
vn 0.0434 0.6844 -0.7278
vn 0.0022 0.7060 -0.7082
vn -0.0241 0.7188 -0.6948
vn -0.1033 0.7531 -0.6497
vn -0.1299 0.7630 -0.6332
vn -0.1980 0.7850 -0.5869
vn -0.2349 0.7947 -0.5597
vn -0.2867 0.8054 -0.5187
vn -0.2979 0.8074 -0.5093
vn -0.3375 0.8126 -0.4751
vn -0.3625 0.8148 -0.4524
vn -0.5043 0.8082 -0.3040
vn -0.5262 0.8038 -0.2776
vn -0.5476 0.7983 -0.2507
vn -0.5884 0.7844 -0.1960
vn -0.6079 0.7760 -0.1682
vn -0.6265 0.7667 -0.1402
vn -0.6445 0.7564 -0.1118
vn -0.6781 0.7330 -0.0549
vn -0.6936 0.7199 -0.0262
vn -0.7083 0.7059 0.0025
vn -0.7222 0.6910 0.0311
vn -0.7471 0.6588 0.0883
vn -0.7582 0.6415 0.1167
vn -0.7844 0.5884 0.1960
vn -0.7761 0.6078 0.1682
vn -0.7896 0.5749 0.2145
vn -0.7918 0.5683 0.2236
vn -0.8038 0.5262 0.2776
vn -0.8118 0.4818 0.3300
vn -0.8162 0.3871 0.4290
vn -0.8095 0.3122 0.4973
vn -0.8126 0.3375 0.4751
vn -0.8073 0.2979 0.5094
vn -0.8054 0.2867 0.5187
vn -0.7978 0.2483 0.5494
vn -0.7947 0.2349 0.5597
vn -0.7805 0.1826 0.5979
vn -0.7722 0.1562 0.6159
vn -0.7692 0.1472 0.6219
vn -0.7424 0.0769 0.6655
vn -0.7310 0.0505 0.6805
vn -0.6979 -0.0181 0.7160
vn -0.6704 -0.0684 0.7388
vn -0.6557 -0.0934 0.7492
vn -0.6556 -0.0935 0.7493
vn -0.6406 -0.1182 0.7587
vn -0.6234 -0.1449 0.7684
vn -0.6085 -0.1673 0.7757
vn -0.5916 -0.1915 0.7831
vn -0.5743 -0.2155 0.7898
vn -0.5564 -0.2393 0.7957
vn -0.5380 -0.2628 0.8009
vn -0.5193 -0.2860 0.8053
vn -0.4804 -0.3316 0.8120
vn -0.4725 -0.3403 0.8130
vn -0.4603 -0.3539 0.8142
vn -0.4397 -0.3759 0.8157
vn -0.3976 -0.4188 0.8164
vn -0.3759 -0.4397 0.8157
vn -0.3540 -0.4602 0.8142
vn -0.3316 -0.4803 0.8120
vn -0.3090 -0.5000 0.8090
vn -0.2861 -0.5193 0.8053
vn -0.2627 -0.5381 0.8009
vn -0.1954 -0.5888 0.7843
vn -0.1673 -0.6085 0.7757
vn -0.1429 -0.6247 0.7677
vn -0.0936 -0.6556 0.7493
vn -0.0685 -0.6704 0.7388
vn -0.0416 -0.6853 0.7270
vn -0.0023 -0.7060 0.7082
vn 0.1034 -0.7531 0.6497
vn 0.1298 -0.7630 0.6332
vn 0.1472 -0.7692 0.6218
vn 0.1562 -0.7721 0.6160
vn 0.1979 -0.7850 0.5870
vn 0.2482 -0.7978 0.5495
vn 0.2866 -0.8054 0.5188
vn 0.3374 -0.8126 0.4751
vn 0.3466 -0.8136 0.4668
vn 0.3871 -0.8161 0.4290
vn 0.3625 -0.8149 0.4523
vn 0.4115 -0.8165 0.4050
vn 0.4353 -0.8159 0.3806
vn 0.5042 -0.8083 0.3041
vn 0.5262 -0.8038 0.2775
vn 0.5332 -0.8021 0.2688
vn 0.5683 -0.7919 0.2236
vn 0.5749 -0.7896 0.2145
vn 0.5884 -0.7844 0.1960
vn 0.6078 -0.7761 0.1682
vn 0.6415 -0.7582 0.1167
vn 0.6588 -0.7471 0.0884
vn 0.6910 -0.7222 0.0311
vn 0.7058 -0.7084 0.0025
vn 0.7198 -0.6936 -0.0263
vn 0.7329 -0.6781 -0.0549
vn 0.7451 -0.6617 -0.0834
vn 0.7564 -0.6445 -0.1119
vn 0.7667 -0.6265 -0.1401
vn 0.7760 -0.6078 -0.1682
vn 0.7844 -0.5884 -0.1960
vn 0.7896 -0.5749 -0.2145
vn 0.7919 -0.5683 -0.2235
vn 0.8038 -0.5262 -0.2775
vn 0.8083 -0.5043 -0.3040
vn 0.8118 -0.4818 -0.3300
vn 0.8148 -0.3625 -0.4524
vn 0.8095 -0.3122 -0.4973
vn 0.8074 -0.2979 -0.5093
vn 0.8054 -0.2867 -0.5188
vn 0.7880 -0.2088 -0.5792
vn 0.7850 -0.1980 -0.5870
vn 0.7722 -0.1562 -0.6159
vn 0.7630 -0.1298 -0.6332
vn 0.7531 -0.1034 -0.6497
vn 0.6705 0.0684 -0.7388
vn 0.6405 0.1182 -0.7588
vn 0.6247 0.1428 -0.7677
vn 0.6234 0.1449 -0.7684
vn 0.6085 0.1673 -0.7757
vn 0.5889 0.1953 -0.7843
vn 0.5743 0.2155 -0.7898
vn 0.5563 0.2393 -0.7958
vn 0.5193 0.2860 -0.8053
vn 0.5381 0.2628 -0.8009
vn 0.5133 0.2932 -0.8066
vn 0.5000 0.3090 -0.8090
vn 0.4803 0.3316 -0.8120
vn 0.4725 0.3403 -0.8130
vn 0.4603 0.3540 -0.8142
vn 0.3975 0.4188 -0.8164
vn 0.3860 0.4300 -0.8161
vn 0.3759 0.4398 -0.8157
vn -0.4300 -0.3860 0.8161
vn -0.5888 -0.1953 0.7843
vn -0.6854 -0.0416 0.7270
vn -0.7060 -0.0022 0.7082
vn -0.7667 0.6265 0.1402
vn -0.7451 0.6617 0.0835
vn -0.7330 0.6780 0.0549
vn -0.7198 0.6936 0.0262
vn -0.7059 0.7083 -0.0025
vn -0.6910 0.7221 -0.0311
vn -0.6588 0.7471 -0.0883
vn -0.6415 0.7582 -0.1167
vn -0.3467 0.8136 -0.4668
vn -0.2483 0.7978 -0.5494
vn -0.1472 0.7692 -0.6218
vn -0.0072 0.7107 -0.7034
vn 0.8021 -0.5332 -0.2688
vn 0.7471 -0.6588 -0.0883
vn 0.7351 -0.6753 -0.0598
vn 0.7222 -0.6910 -0.0312
vn 0.7083 -0.7059 -0.0024
vn 0.6936 -0.7198 0.0262
vn 0.6781 -0.7329 0.0549
vn 0.6445 -0.7564 0.1119
vn 0.6266 -0.7667 0.1401
vn -0.3403 -0.4726 0.8130
vn -0.0001 -1.0000 -0.0000
vn 0.0001 -1.0000 -0.0000
vn -0.8118 -0.4818 0.3300
vn -0.8038 -0.5262 0.2776
vn -0.7918 -0.5683 0.2236
vn -0.7896 -0.5749 0.2145
vn -0.7844 -0.5884 0.1960
vn -0.7761 -0.6078 0.1682
vn -0.7582 -0.6415 0.1167
vn -0.7471 -0.6588 0.0883
vn -0.7222 -0.6910 0.0311
vn -0.7083 -0.7059 0.0025
vn -0.6936 -0.7199 -0.0262
vn -0.6781 -0.7330 -0.0549
vn -0.6445 -0.7564 -0.1118
vn -0.6265 -0.7667 -0.1402
vn -0.6079 -0.7760 -0.1682
vn -0.5884 -0.7844 -0.1960
vn -0.5476 -0.7983 -0.2507
vn -0.5262 -0.8038 -0.2776
vn -0.5043 -0.8082 -0.3040
vn -0.3625 -0.8148 -0.4524
vn -0.3375 -0.8126 -0.4751
vn -0.2979 -0.8074 -0.5093
vn -0.2867 -0.8054 -0.5187
vn -0.2349 -0.7947 -0.5597
vn -0.1980 -0.7850 -0.5869
vn -0.1299 -0.7630 -0.6332
vn -0.1033 -0.7531 -0.6497
vn -0.0241 -0.7188 -0.6948
vn 0.0022 -0.7060 -0.7082
vn 0.0684 -0.6705 -0.7388
vn 0.0434 -0.6844 -0.7278
vn 0.0936 -0.6556 -0.7493
vn 0.1182 -0.6406 -0.7587
vn 0.1428 -0.6248 -0.7677
vn 0.1915 -0.5916 -0.7832
vn 0.1673 -0.6085 -0.7757
vn 0.2448 -0.5521 -0.7970
vn 0.2861 -0.5193 -0.8053
vn 0.2628 -0.5381 -0.8009
vn 0.3089 -0.5001 -0.8090
vn 0.3759 -0.4398 -0.8157
vn 0.3860 -0.4300 -0.8161
vn 0.3975 -0.4188 -0.8164
vn 0.4188 -0.3976 -0.8164
vn 0.4603 -0.3540 -0.8142
vn 0.4725 -0.3403 -0.8130
vn 0.4803 -0.3316 -0.8120
vn 0.5000 -0.3090 -0.8090
vn 0.5133 -0.2932 -0.8066
vn 0.5563 -0.2393 -0.7958
vn 0.5742 -0.2155 -0.7898
vn 0.5889 -0.1953 -0.7843
vn 0.6234 -0.1449 -0.7684
vn 0.6247 -0.1428 -0.7677
vn 0.6405 -0.1182 -0.7588
vn 0.6705 -0.0684 -0.7388
vn 0.7531 0.1034 -0.6497
vn 0.7630 0.1298 -0.6332
vn 0.7722 0.1562 -0.6159
vn 0.7850 0.1980 -0.5870
vn 0.7880 0.2088 -0.5792
vn 0.8054 0.2867 -0.5188
vn 0.8074 0.2979 -0.5093
vn 0.8095 0.3122 -0.4973
vn 0.8148 0.3625 -0.4524
vn 0.8118 0.4818 -0.3300
vn 0.8083 0.5043 -0.3040
vn 0.8038 0.5262 -0.2775
vn 0.7919 0.5683 -0.2235
vn 0.7896 0.5749 -0.2145
vn 0.7844 0.5884 -0.1960
vn 0.7760 0.6078 -0.1682
vn 0.7667 0.6265 -0.1401
vn 0.7564 0.6445 -0.1119
vn 0.7451 0.6617 -0.0834
vn 0.7329 0.6781 -0.0549
vn 0.7198 0.6936 -0.0263
vn 0.7058 0.7084 0.0025
vn 0.6910 0.7222 0.0311
vn 0.6588 0.7471 0.0884
vn 0.6415 0.7582 0.1167
vn 0.5884 0.7844 0.1960
vn 0.6078 0.7761 0.1682
vn 0.5749 0.7896 0.2145
vn 0.5683 0.7919 0.2236
vn 0.5332 0.8021 0.2688
vn 0.5042 0.8083 0.3041
vn 0.5262 0.8038 0.2775
vn 0.4115 0.8165 0.4050
vn 0.4353 0.8159 0.3806
vn 0.3871 0.8161 0.4290
vn 0.3625 0.8149 0.4523
vn 0.3466 0.8136 0.4668
vn 0.3374 0.8126 0.4751
vn 0.2866 0.8054 0.5188
vn 0.2482 0.7978 0.5495
vn 0.1979 0.7850 0.5870
vn 0.1562 0.7721 0.6160
vn 0.1472 0.7692 0.6218
vn 0.1034 0.7531 0.6497
vn 0.1298 0.7630 0.6332
vn -0.0685 0.6704 0.7388
vn -0.0934 0.6557 0.7492
vn -0.1429 0.6248 0.7676
vn -0.1673 0.6085 0.7757
vn -0.1915 0.5916 0.7832
vn -0.2627 0.5381 0.8009
vn -0.2860 0.5193 0.8053
vn -0.3316 0.4803 0.8120
vn -0.3403 0.4726 0.8130
vn -0.3540 0.4602 0.8142
vn -0.3759 0.4397 0.8157
vn -0.3976 0.4188 0.8164
vn -0.4300 0.3860 0.8161
vn -0.4397 0.3759 0.8157
vn -0.4603 0.3539 0.8142
vn -0.4804 0.3316 0.8120
vn -0.5193 0.2860 0.8053
vn -0.5380 0.2628 0.8009
vn -0.5564 0.2393 0.7957
vn -0.5743 0.2155 0.7898
vn -0.5916 0.1915 0.7831
vn -0.6085 0.1673 0.7757
vn -0.6406 0.1182 0.7587
vn -0.6557 0.0934 0.7492
vn -0.6556 0.0935 0.7493
vn -0.6704 0.0684 0.7388
vn -0.6854 0.0416 0.7270
vn -0.6979 0.0181 0.7160
vn -0.7060 0.0022 0.7082
vn -0.7424 -0.0769 0.6655
vn -0.7310 -0.0505 0.6805
vn -0.7692 -0.1472 0.6219
vn -0.7805 -0.1826 0.5979
vn -0.7722 -0.1562 0.6159
vn -0.7947 -0.2349 0.5597
vn -0.7978 -0.2483 0.5494
vn -0.8054 -0.2867 0.5187
vn -0.8073 -0.2979 0.5094
vn -0.8095 -0.3122 0.4973
vn -0.8126 -0.3375 0.4751
vn -0.8162 -0.3871 0.4290
vn -0.3860 0.4300 0.8161
vn -0.1954 0.5888 0.7843
vn -0.0416 0.6853 0.7270
vn -0.0023 0.7060 0.7082
vn 0.6266 0.7667 0.1401
vn 0.6445 0.7564 0.1119
vn 0.6781 0.7329 0.0549
vn 0.6936 0.7198 0.0262
vn 0.7083 0.7059 -0.0024
vn 0.7222 0.6910 -0.0312
vn 0.7351 0.6753 -0.0598
vn 0.7471 0.6588 -0.0883
vn 0.8021 0.5332 -0.2688
vn 0.7692 0.1472 -0.6218
vn -0.0072 -0.7107 -0.7034
vn -0.1472 -0.7692 -0.6218
vn -0.2483 -0.7978 -0.5494
vn -0.3467 -0.8136 -0.4668
vn -0.6415 -0.7582 -0.1167
vn -0.6588 -0.7471 -0.0883
vn -0.6910 -0.7221 -0.0311
vn -0.7059 -0.7083 -0.0025
vn -0.7198 -0.6936 0.0262
vn -0.7330 -0.6780 0.0549
vn -0.7451 -0.6617 0.0835
vn -0.7667 -0.6265 0.1402
vn -0.6234 0.1449 0.7684
vn -0.4725 0.3403 0.8130
vn -0.0001 1.0000 -0.0000
vn 0.0001 1.0000 -0.0000
vn 0.8118 0.4818 0.3300
vn 0.8038 0.5262 0.2776
vn 0.7918 0.5683 0.2236
vn 0.7896 0.5749 0.2145
vn 0.7844 0.5884 0.1960
vn 0.7761 0.6078 0.1682
vn 0.7582 0.6415 0.1167
vn 0.7471 0.6588 0.0883
vn 0.7222 0.6910 0.0311
vn 0.7083 0.7059 0.0025
vn 0.6936 0.7199 -0.0262
vn 0.6781 0.7330 -0.0549
vn 0.6445 0.7564 -0.1118
vn 0.6265 0.7667 -0.1402
vn 0.6079 0.7760 -0.1682
vn 0.5884 0.7844 -0.1960
vn 0.5476 0.7983 -0.2507
vn 0.5262 0.8038 -0.2776
vn 0.5043 0.8082 -0.3040
vn 0.3625 0.8148 -0.4524
vn 0.3375 0.8126 -0.4751
vn 0.2979 0.8074 -0.5093
vn 0.2867 0.8054 -0.5187
vn 0.2349 0.7947 -0.5597
vn 0.1980 0.7850 -0.5869
vn 0.1299 0.7630 -0.6332
vn 0.1033 0.7531 -0.6497
vn 0.0241 0.7188 -0.6948
vn -0.0022 0.7060 -0.7082
vn -0.0684 0.6705 -0.7388
vn -0.0434 0.6844 -0.7278
vn -0.0936 0.6556 -0.7493
vn -0.1182 0.6406 -0.7587
vn -0.1428 0.6248 -0.7677
vn -0.1915 0.5916 -0.7832
vn -0.1673 0.6085 -0.7757
vn -0.2448 0.5521 -0.7970
vn -0.2861 0.5193 -0.8053
vn -0.2628 0.5381 -0.8009
vn -0.3089 0.5001 -0.8090
vn -0.3759 0.4398 -0.8157
vn -0.3860 0.4300 -0.8161
vn -0.3975 0.4188 -0.8164
vn -0.4188 0.3976 -0.8164
vn -0.4603 0.3540 -0.8142
vn -0.4725 0.3403 -0.8130
vn -0.4803 0.3316 -0.8120
vn -0.5000 0.3090 -0.8090
vn -0.5133 0.2932 -0.8066
vn -0.5563 0.2393 -0.7958
vn -0.5742 0.2155 -0.7898
vn -0.5889 0.1953 -0.7843
vn -0.6234 0.1449 -0.7684
vn -0.6247 0.1428 -0.7677
vn -0.6405 0.1182 -0.7588
vn -0.6705 0.0684 -0.7388
vn -0.7531 -0.1034 -0.6497
vn -0.7630 -0.1298 -0.6332
vn -0.7722 -0.1562 -0.6159
vn -0.7850 -0.1980 -0.5870
vn -0.7880 -0.2088 -0.5792
vn -0.8054 -0.2867 -0.5188
vn -0.8074 -0.2979 -0.5093
vn -0.8095 -0.3122 -0.4973
vn -0.8148 -0.3625 -0.4524
vn -0.8118 -0.4818 -0.3300
vn -0.8083 -0.5043 -0.3040
vn -0.8038 -0.5262 -0.2775
vn -0.7919 -0.5683 -0.2235
vn -0.7896 -0.5749 -0.2145
vn -0.7844 -0.5884 -0.1960
vn -0.7760 -0.6078 -0.1682
vn -0.7667 -0.6265 -0.1401
vn -0.7564 -0.6445 -0.1119
vn -0.7451 -0.6617 -0.0834
vn -0.7329 -0.6781 -0.0549
vn -0.7198 -0.6936 -0.0263
vn -0.7058 -0.7084 0.0025
vn -0.6910 -0.7222 0.0311
vn -0.6588 -0.7471 0.0884
vn -0.6415 -0.7582 0.1167
vn -0.5884 -0.7844 0.1960
vn -0.6078 -0.7761 0.1682
vn -0.5749 -0.7896 0.2145
vn -0.5683 -0.7919 0.2236
vn -0.5332 -0.8021 0.2688
vn -0.5042 -0.8083 0.3041
vn -0.5262 -0.8038 0.2775
vn -0.4115 -0.8165 0.4050
vn -0.4353 -0.8159 0.3806
vn -0.3871 -0.8161 0.4290
vn -0.3625 -0.8149 0.4523
vn -0.3466 -0.8136 0.4668
vn -0.3374 -0.8126 0.4751
vn -0.2866 -0.8054 0.5188
vn -0.2482 -0.7978 0.5495
vn -0.1979 -0.7850 0.5870
vn -0.1562 -0.7721 0.6160
vn -0.1472 -0.7692 0.6218
vn -0.1034 -0.7531 0.6497
vn -0.1298 -0.7630 0.6332
vn 0.0685 -0.6704 0.7388
vn 0.0934 -0.6557 0.7492
vn 0.1429 -0.6248 0.7676
vn 0.1673 -0.6085 0.7757
vn 0.1915 -0.5916 0.7832
vn 0.2627 -0.5381 0.8009
vn 0.2860 -0.5193 0.8053
vn 0.3316 -0.4803 0.8120
vn 0.3403 -0.4726 0.8130
vn 0.3540 -0.4602 0.8142
vn 0.3759 -0.4397 0.8157
vn 0.3976 -0.4188 0.8164
vn 0.4300 -0.3860 0.8161
vn 0.4397 -0.3759 0.8157
vn 0.4603 -0.3539 0.8142
vn 0.4804 -0.3316 0.8120
vn 0.5193 -0.2860 0.8053
vn 0.5380 -0.2628 0.8009
vn 0.5564 -0.2393 0.7957
vn 0.5743 -0.2155 0.7898
vn 0.5916 -0.1915 0.7831
vn 0.6085 -0.1673 0.7757
vn 0.6406 -0.1182 0.7587
vn 0.6557 -0.0934 0.7492
vn 0.6556 -0.0935 0.7493
vn 0.6704 -0.0684 0.7388
vn 0.6854 -0.0416 0.7270
vn 0.6979 -0.0181 0.7160
vn 0.7060 -0.0022 0.7082
vn 0.7424 0.0769 0.6655
vn 0.7310 0.0505 0.6805
vn 0.7692 0.1472 0.6219
vn 0.7805 0.1826 0.5979
vn 0.7722 0.1562 0.6159
vn 0.7947 0.2349 0.5597
vn 0.7978 0.2483 0.5494
vn 0.8054 0.2867 0.5187
vn 0.8073 0.2979 0.5094
vn 0.8095 0.3122 0.4973
vn 0.8126 0.3375 0.4751
vn 0.8162 0.3871 0.4290
vn 0.3860 -0.4300 0.8161
vn 0.1954 -0.5888 0.7843
vn 0.0416 -0.6853 0.7270
vn 0.0023 -0.7060 0.7082
vn -0.6266 -0.7667 0.1401
vn -0.6445 -0.7564 0.1119
vn -0.6781 -0.7329 0.0549
vn -0.6936 -0.7198 0.0262
vn -0.7083 -0.7059 -0.0024
vn -0.7222 -0.6910 -0.0312
vn -0.7351 -0.6753 -0.0598
vn -0.7471 -0.6588 -0.0883
vn -0.8021 -0.5332 -0.2688
vn -0.7692 -0.1472 -0.6218
vn 0.0072 0.7107 -0.7034
vn 0.1472 0.7692 -0.6218
vn 0.2483 0.7978 -0.5494
vn 0.3467 0.8136 -0.4668
vn 0.6415 0.7582 -0.1167
vn 0.6588 0.7471 -0.0883
vn 0.6910 0.7221 -0.0311
vn 0.7059 0.7083 -0.0025
vn 0.7198 0.6936 0.0262
vn 0.7330 0.6780 0.0549
vn 0.7451 0.6617 0.0835
vn 0.7667 0.6265 0.1402
vn 0.6234 -0.1449 0.7684
vn 0.4725 -0.3403 0.8130
vn -0.0000 0.6895 -0.7242
vn -0.0000 -0.6895 -0.7242
vn -0.0000 -0.6895 0.7242
vn -0.0000 0.6895 0.7242
vn -0.3403 -0.4726 -0.8130
vn -0.3090 -0.5001 -0.8090
vn -0.2861 -0.5193 -0.8053
vn -0.2155 -0.5743 -0.7898
vn -0.1673 -0.6085 -0.7757
vn -0.1182 -0.6406 -0.7587
vn -0.1428 -0.6248 -0.7677
vn -0.0684 -0.6704 -0.7388
vn -0.0434 -0.6844 -0.7278
vn -0.0022 -0.7060 -0.7082
vn 0.0241 -0.7188 -0.6948
vn 0.1033 -0.7531 -0.6497
vn 0.1299 -0.7630 -0.6332
vn 0.1980 -0.7850 -0.5869
vn 0.2349 -0.7947 -0.5597
vn 0.2867 -0.8054 -0.5187
vn 0.2979 -0.8074 -0.5093
vn 0.3375 -0.8126 -0.4751
vn 0.3625 -0.8148 -0.4524
vn 0.5043 -0.8082 -0.3040
vn 0.5262 -0.8038 -0.2776
vn 0.5476 -0.7983 -0.2507
vn 0.5884 -0.7844 -0.1960
vn 0.6079 -0.7760 -0.1682
vn 0.6265 -0.7667 -0.1402
vn 0.6445 -0.7564 -0.1118
vn 0.6781 -0.7330 -0.0549
vn 0.6936 -0.7199 -0.0262
vn 0.7083 -0.7059 0.0025
vn 0.7222 -0.6910 0.0311
vn 0.7471 -0.6588 0.0883
vn 0.7582 -0.6415 0.1167
vn 0.7844 -0.5884 0.1960
vn 0.7761 -0.6078 0.1682
vn 0.7896 -0.5749 0.2145
vn 0.7918 -0.5683 0.2236
vn 0.8038 -0.5262 0.2776
vn 0.8118 -0.4818 0.3300
vn 0.8162 -0.3871 0.4290
vn 0.8095 -0.3122 0.4973
vn 0.8126 -0.3375 0.4751
vn 0.8073 -0.2979 0.5094
vn 0.8054 -0.2867 0.5187
vn 0.7978 -0.2483 0.5494
vn 0.7947 -0.2349 0.5597
vn 0.7805 -0.1826 0.5979
vn 0.7722 -0.1562 0.6159
vn 0.7692 -0.1472 0.6219
vn 0.7424 -0.0769 0.6655
vn 0.7310 -0.0505 0.6805
vn 0.6979 0.0181 0.7160
vn 0.6704 0.0684 0.7388
vn 0.6557 0.0934 0.7492
vn 0.6556 0.0935 0.7493
vn 0.6406 0.1182 0.7587
vn 0.6234 0.1449 0.7684
vn 0.6085 0.1673 0.7757
vn 0.5916 0.1915 0.7831
vn 0.5743 0.2155 0.7898
vn 0.5564 0.2393 0.7957
vn 0.5380 0.2628 0.8009
vn 0.5193 0.2860 0.8053
vn 0.4804 0.3316 0.8120
vn 0.4725 0.3403 0.8130
vn 0.4603 0.3539 0.8142
vn 0.4397 0.3759 0.8157
vn 0.3976 0.4188 0.8164
vn 0.3759 0.4397 0.8157
vn 0.3540 0.4602 0.8142
vn 0.3316 0.4803 0.8120
vn 0.3090 0.5000 0.8090
vn 0.2861 0.5193 0.8053
vn 0.2627 0.5381 0.8009
vn 0.1954 0.5888 0.7843
vn 0.1673 0.6085 0.7757
vn 0.1429 0.6247 0.7677
vn 0.0936 0.6556 0.7493
vn 0.0685 0.6704 0.7388
vn 0.0416 0.6853 0.7270
vn 0.0023 0.7060 0.7082
vn -0.1034 0.7531 0.6497
vn -0.1298 0.7630 0.6332
vn -0.1472 0.7692 0.6218
vn -0.1562 0.7721 0.6160
vn -0.1979 0.7850 0.5870
vn -0.2482 0.7978 0.5495
vn -0.2866 0.8054 0.5188
vn -0.3374 0.8126 0.4751
vn -0.3466 0.8136 0.4668
vn -0.3871 0.8161 0.4290
vn -0.3625 0.8149 0.4523
vn -0.4115 0.8165 0.4050
vn -0.4353 0.8159 0.3806
vn -0.5042 0.8083 0.3041
vn -0.5262 0.8038 0.2775
vn -0.5332 0.8021 0.2688
vn -0.5683 0.7919 0.2236
vn -0.5749 0.7896 0.2145
vn -0.5884 0.7844 0.1960
vn -0.6078 0.7761 0.1682
vn -0.6415 0.7582 0.1167
vn -0.6588 0.7471 0.0884
vn -0.6910 0.7222 0.0311
vn -0.7058 0.7084 0.0025
vn -0.7198 0.6936 -0.0263
vn -0.7329 0.6781 -0.0549
vn -0.7451 0.6617 -0.0834
vn -0.7564 0.6445 -0.1119
vn -0.7667 0.6265 -0.1401
vn -0.7760 0.6078 -0.1682
vn -0.7844 0.5884 -0.1960
vn -0.7896 0.5749 -0.2145
vn -0.7919 0.5683 -0.2235
vn -0.8038 0.5262 -0.2775
vn -0.8083 0.5043 -0.3040
vn -0.8118 0.4818 -0.3300
vn -0.8148 0.3625 -0.4524
vn -0.8095 0.3122 -0.4973
vn -0.8074 0.2979 -0.5093
vn -0.8054 0.2867 -0.5188
vn -0.7880 0.2088 -0.5792
vn -0.7850 0.1980 -0.5870
vn -0.7722 0.1562 -0.6159
vn -0.7630 0.1298 -0.6332
vn -0.7531 0.1034 -0.6497
vn -0.6705 -0.0684 -0.7388
vn -0.6405 -0.1182 -0.7588
vn -0.6247 -0.1428 -0.7677
vn -0.6234 -0.1449 -0.7684
vn -0.6085 -0.1673 -0.7757
vn -0.5889 -0.1953 -0.7843
vn -0.5743 -0.2155 -0.7898
vn -0.5563 -0.2393 -0.7958
vn -0.5193 -0.2860 -0.8053
vn -0.5381 -0.2628 -0.8009
vn -0.5133 -0.2932 -0.8066
vn -0.5000 -0.3090 -0.8090
vn -0.4803 -0.3316 -0.8120
vn -0.4725 -0.3403 -0.8130
vn -0.4603 -0.3540 -0.8142
vn -0.3975 -0.4188 -0.8164
vn -0.3860 -0.4300 -0.8161
vn -0.3759 -0.4398 -0.8157
vn 0.4300 0.3860 0.8161
vn 0.5888 0.1953 0.7843
vn 0.6854 0.0416 0.7270
vn 0.7060 0.0022 0.7082
vn 0.7667 -0.6265 0.1402
vn 0.7451 -0.6617 0.0835
vn 0.7330 -0.6780 0.0549
vn 0.7198 -0.6936 0.0262
vn 0.7059 -0.7083 -0.0025
vn 0.6910 -0.7221 -0.0311
vn 0.6588 -0.7471 -0.0883
vn 0.6415 -0.7582 -0.1167
vn 0.3467 -0.8136 -0.4668
vn 0.2483 -0.7978 -0.5494
vn 0.1472 -0.7692 -0.6218
vn 0.0072 -0.7107 -0.7034
vn -0.8021 0.5332 -0.2688
vn -0.7471 0.6588 -0.0883
vn -0.7351 0.6753 -0.0598
vn -0.7222 0.6910 -0.0312
vn -0.7083 0.7059 -0.0024
vn -0.6936 0.7198 0.0262
vn -0.6781 0.7329 0.0549
vn -0.6445 0.7564 0.1119
vn -0.6266 0.7667 0.1401
vn 0.3403 0.4726 0.8130
s 0
f 1//1 2//1 3//1
f 3//1 2//1 4//1
f 5//1 3//1 4//1
f 5//1 6//1 3//1
f 3//1 6//1 7//1
f 8//1 3//1 7//1
f 8//1 9//1 3//1
f 3//1 9//1 10//1
f 11//1 3//1 10//1
f 11//1 12//1 3//1
f 3//1 12//1 13//1
f 14//1 3//1 13//1
f 14//1 15//1 3//1
f 3//1 15//1 16//1
f 17//1 3//1 16//1
f 17//1 18//1 3//1
f 3//1 18//1 19//1
f 20//1 3//1 19//1
f 20//1 21//1 3//1
f 3//1 21//1 22//1
f 22//1 21//1 23//1
f 24//1 22//1 23//1
f 24//1 25//1 22//1
f 22//1 25//1 26//1
f 27//1 22//1 26//1
f 27//1 28//1 22//1
f 22//1 28//1 29//1
f 30//1 22//1 29//1
f 30//1 31//1 22//1
f 22//1 31//1 32//1
f 33//1 22//1 32//1
f 33//1 34//1 22//1
f 22//1 34//1 35//1
f 36//1 22//1 35//1
f 36//1 37//1 22//1
f 36//1 38//1 37//1
f 37//1 38//1 39//1
f 40//1 37//1 39//1
f 40//1 41//1 37//1
f 37//1 41//1 42//1
f 43//1 37//1 42//1
f 43//1 44//1 37//1
f 37//1 44//1 45//1
f 46//1 37//1 45//1
f 46//1 47//1 37//1
f 37//1 47//1 48//1
f 49//1 37//1 48//1
f 49//1 50//1 37//1
f 37//1 50//1 51//1
f 52//1 37//1 51//1
f 52//1 53//1 37//1
f 37//1 53//1 54//1
f 54//2 55//2 37//2
f 37//2 55//2 56//2
f 57//2 37//2 56//2
f 57//2 58//2 37//2
f 37//2 58//2 59//2
f 60//2 37//2 59//2
f 60//2 61//2 37//2
f 37//2 61//2 62//2
f 63//2 37//2 62//2
f 63//2 64//2 37//2
f 37//2 64//2 65//2
f 66//2 37//2 65//2
f 66//2 67//2 37//2
f 37//2 67//2 68//2
f 69//2 37//2 68//2
f 69//2 70//2 37//2
f 37//2 70//2 71//2
f 72//2 71//2 73//2
f 74//2 72//2 73//2
f 74//2 75//2 72//2
f 72//2 75//2 76//2
f 77//2 72//2 76//2
f 77//2 78//2 72//2
f 72//2 78//2 79//2
f 80//2 72//2 79//2
f 80//2 81//2 72//2
f 72//2 81//2 82//2
f 83//2 72//2 82//2
f 83//2 84//2 72//2
f 72//2 84//2 85//2
f 86//2 72//2 85//2
f 86//2 87//2 72//2
f 86//2 88//2 87//2
f 87//2 88//2 89//2
f 90//2 87//2 89//2
f 90//2 91//2 87//2
f 87//2 91//2 92//2
f 93//2 87//2 92//2
f 93//2 94//2 87//2
f 87//2 94//2 95//2
f 96//2 87//2 95//2
f 96//2 97//2 87//2
f 87//2 97//2 98//2
f 99//2 87//2 98//2
f 99//2 100//2 87//2
f 87//2 100//2 101//2
f 102//2 87//2 101//2
f 102//2 103//2 87//2
f 87//2 103//2 104//2
f 105//2 87//2 104//2
f 105//2 106//2 87//2
f 72//2 37//2 71//2
f 107//3 108//3 109//3
f 107//3 110//3 108//3
f 108//3 110//3 111//3
f 112//3 108//3 111//3
f 112//3 113//3 108//3
f 108//3 113//3 114//3
f 115//3 108//3 114//3
f 115//3 116//3 108//3
f 108//3 116//3 117//3
f 118//3 108//3 117//3
f 118//3 119//3 108//3
f 108//3 119//3 120//3
f 121//3 108//3 120//3
f 121//3 122//3 108//3
f 108//3 122//3 123//3
f 124//3 108//3 123//3
f 124//3 125//3 108//3
f 108//3 125//3 126//3
f 127//3 108//3 126//3
f 127//3 128//3 108//3
f 108//3 128//3 129//3
f 130//3 108//3 129//3
f 130//3 131//3 108//3
f 108//3 131//3 132//3
f 133//3 108//3 132//3
f 133//3 134//3 108//3
f 108//3 134//3 135//3
f 136//3 108//3 135//3
f 136//3 137//3 108//3
f 108//3 137//3 138//3
f 139//3 108//3 138//3
f 139//3 140//3 108//3
f 108//3 140//3 22//3
f 22//3 140//3 141//3
f 142//3 22//3 141//3
f 142//3 143//3 22//3
f 22//3 143//3 144//3
f 145//3 22//3 144//3
f 145//3 146//3 22//3
f 22//3 146//3 147//3
f 148//3 22//3 147//3
f 148//3 149//3 22//3
f 22//3 149//3 150//3
f 151//3 22//3 150//3
f 151//3 152//3 22//3
f 22//3 152//3 153//3
f 154//3 22//3 153//3
f 154//3 155//3 22//3
f 22//3 155//3 156//3
f 157//3 22//3 156//3
f 157//3 158//3 22//3
f 22//3 158//3 159//3
f 160//3 22//3 159//3
f 160//3 161//3 22//3
f 22//3 161//3 162//3
f 163//3 22//3 162//3
f 163//3 164//3 22//3
f 22//3 164//3 165//3
f 166//3 22//3 165//3
f 166//3 167//3 22//3
f 22//3 167//3 168//3
f 169//3 22//3 168//3
f 169//3 170//3 22//3
f 22//3 170//3 171//3
f 172//3 22//3 171//3
f 172//3 3//3 22//3
f 172//3 173//3 3//3
f 3//3 173//3 174//3
f 175//3 3//3 174//3
f 175//3 176//3 3//3
f 3//3 176//3 177//3
f 178//3 3//3 177//3
f 178//3 179//3 3//3
f 3//3 179//3 180//3
f 181//3 3//3 180//3
f 181//3 182//3 3//3
f 3//3 182//3 183//3
f 184//3 3//3 183//3
f 184//3 185//3 3//3
f 3//3 185//3 186//3
f 187//3 3//3 186//3
f 187//3 188//3 3//3
f 3//3 188//3 189//3
f 190//3 3//3 189//3
f 190//3 191//3 3//3
f 3//3 191//3 192//3
f 193//3 3//3 192//3
f 193//3 194//3 3//3
f 3//3 194//3 195//3
f 196//3 3//3 195//3
f 196//3 197//3 3//3
f 3//3 197//3 198//3
f 199//3 3//3 198//3
f 199//3 200//3 3//3
f 3//3 200//3 201//3
f 202//3 3//3 201//3
f 202//3 203//3 3//3
f 3//3 203//3 204//3
f 205//3 204//3 206//3
f 207//3 205//3 206//3
f 207//3 208//3 205//3
f 205//3 208//3 209//3
f 210//3 205//3 209//3
f 210//3 211//3 205//3
f 205//3 211//3 212//3
f 213//3 205//3 212//3
f 213//3 214//3 205//3
f 205//3 214//3 215//3
f 216//3 205//3 215//3
f 216//3 217//3 205//3
f 205//3 217//3 218//3
f 219//3 205//3 218//3
f 219//3 220//3 205//3
f 205//3 220//3 221//3
f 222//3 205//3 221//3
f 222//3 223//3 205//3
f 205//3 223//3 224//3
f 225//3 205//3 224//3
f 225//3 226//3 205//3
f 205//3 226//3 227//3
f 228//3 205//3 227//3
f 228//3 229//3 205//3
f 205//3 229//3 230//3
f 231//3 205//3 230//3
f 231//3 232//3 205//3
f 205//3 232//3 233//3
f 234//3 205//3 233//3
f 234//3 235//3 205//3
f 205//3 235//3 236//3
f 109//3 205//3 236//3
f 109//3 108//3 205//3
f 205//3 3//3 204//3
f 237//4 72//4 238//4
f 237//4 239//4 72//4
f 72//4 239//4 240//4
f 241//4 72//4 240//4
f 241//4 242//4 72//4
f 72//4 242//4 243//4
f 244//4 72//4 243//4
f 244//4 245//4 72//4
f 72//4 245//4 246//4
f 247//4 72//4 246//4
f 247//4 248//4 72//4
f 72//4 248//4 249//4
f 250//4 72//4 249//4
f 250//4 251//4 72//4
f 72//4 251//4 252//4
f 253//4 72//4 252//4
f 253//4 254//4 72//4
f 72//4 254//4 255//4
f 256//4 72//4 255//4
f 256//4 257//4 72//4
f 72//4 257//4 258//4
f 259//4 72//4 258//4
f 259//4 260//4 72//4
f 72//4 260//4 261//4
f 262//4 72//4 261//4
f 262//4 263//4 72//4
f 72//4 263//4 264//4
f 265//4 72//4 264//4
f 265//4 266//4 72//4
f 72//4 266//4 267//4
f 268//4 72//4 267//4
f 268//4 269//4 72//4
f 72//4 269//4 108//4
f 108//4 269//4 270//4
f 271//4 108//4 270//4
f 271//4 272//4 108//4
f 108//4 272//4 273//4
f 274//4 108//4 273//4
f 274//4 275//4 108//4
f 108//4 275//4 276//4
f 277//4 108//4 276//4
f 277//4 278//4 108//4
f 108//4 278//4 279//4
f 280//4 108//4 279//4
f 280//4 281//4 108//4
f 108//4 281//4 282//4
f 283//4 108//4 282//4
f 283//4 284//4 108//4
f 108//4 284//4 285//4
f 286//4 108//4 285//4
f 286//4 287//4 108//4
f 108//4 287//4 288//4
f 289//4 108//4 288//4
f 289//4 290//4 108//4
f 108//4 290//4 291//4
f 292//4 108//4 291//4
f 292//4 293//4 108//4
f 108//4 293//4 294//4
f 295//4 108//4 294//4
f 295//4 296//4 108//4
f 108//4 296//4 297//4
f 298//4 108//4 297//4
f 298//4 299//4 108//4
f 108//4 299//4 300//4
f 301//4 108//4 300//4
f 301//4 205//4 108//4
f 301//4 302//4 205//4
f 205//4 302//4 303//4
f 304//4 205//4 303//4
f 304//4 305//4 205//4
f 205//4 305//4 306//4
f 307//4 205//4 306//4
f 307//4 308//4 205//4
f 205//4 308//4 309//4
f 310//4 205//4 309//4
f 310//4 311//4 205//4
f 205//4 311//4 312//4
f 313//4 205//4 312//4
f 313//4 314//4 205//4
f 205//4 314//4 315//4
f 316//4 205//4 315//4
f 316//4 317//4 205//4
f 205//4 317//4 318//4
f 319//4 205//4 318//4
f 319//4 320//4 205//4
f 205//4 320//4 321//4
f 322//4 205//4 321//4
f 322//4 323//4 205//4
f 205//4 323//4 324//4
f 325//4 205//4 324//4
f 325//4 326//4 205//4
f 205//4 326//4 327//4
f 328//4 205//4 327//4
f 328//4 329//4 205//4
f 205//4 329//4 330//4
f 331//4 205//4 330//4
f 331//4 332//4 205//4
f 205//4 332//4 333//4
f 87//4 333//4 334//4
f 335//4 87//4 334//4
f 335//4 336//4 87//4
f 87//4 336//4 337//4
f 338//4 87//4 337//4
f 338//4 339//4 87//4
f 87//4 339//4 340//4
f 341//4 87//4 340//4
f 341//4 342//4 87//4
f 87//4 342//4 343//4
f 344//4 87//4 343//4
f 344//4 345//4 87//4
f 87//4 345//4 346//4
f 347//4 87//4 346//4
f 347//4 348//4 87//4
f 87//4 348//4 349//4
f 350//4 87//4 349//4
f 350//4 351//4 87//4
f 87//4 351//4 352//4
f 353//4 87//4 352//4
f 353//4 354//4 87//4
f 87//4 354//4 355//4
f 356//4 87//4 355//4
f 356//4 357//4 87//4
f 87//4 357//4 358//4
f 359//4 87//4 358//4
f 359//4 360//4 87//4
f 87//4 360//4 361//4
f 362//4 87//4 361//4
f 362//4 363//4 87//4
f 87//4 363//4 364//4
f 238//4 87//4 364//4
f 238//4 72//4 87//4
f 87//4 205//4 333//4
f 365//5 72//5 366//5
f 365//5 367//5 72//5
f 72//5 367//5 368//5
f 369//5 72//5 368//5
f 369//6 370//6 72//6
f 72//5 370//5 371//5
f 372//5 72//5 371//5
f 372//5 373//5 72//5
f 72//5 373//5 374//5
f 375//6 72//6 374//6
f 375//7 376//7 72//7
f 72//5 376//5 377//5
f 378//5 72//5 377//5
f 378//5 379//5 72//5
f 72//5 379//5 380//5
f 381//5 72//5 380//5
f 381//5 382//5 72//5
f 72//5 382//5 383//5
f 384//7 72//7 383//7
f 384//6 385//6 72//6
f 72//5 385//5 386//5
f 387//5 72//5 386//5
f 387//5 388//5 72//5
f 72//5 388//5 389//5
f 390//5 72//5 389//5
f 390//5 391//5 72//5
f 72//5 391//5 392//5
f 393//5 72//5 392//5
f 393//5 394//5 72//5
f 72//5 394//5 395//5
f 396//5 72//5 395//5
f 396//5 397//5 72//5
f 72//5 397//5 37//5
f 37//7 397//7 398//7
f 399//5 37//5 398//5
f 399//5 400//5 37//5
f 37//5 400//5 401//5
f 402//6 37//6 401//6
f 402//5 403//5 37//5
f 37//5 403//5 404//5
f 405//5 37//5 404//5
f 405//5 406//5 37//5
f 37//5 406//5 407//5
f 408//5 37//5 407//5
f 408//6 409//6 37//6
f 37//5 409//5 410//5
f 411//7 37//7 410//7
f 411//5 412//5 37//5
f 37//5 412//5 413//5
f 414//5 37//5 413//5
f 414//5 415//5 37//5
f 37//5 415//5 416//5
f 417//5 37//5 416//5
f 417//5 418//5 37//5
f 37//7 418//7 419//7
f 420//5 37//5 419//5
f 420//5 421//5 37//5
f 37//5 421//5 422//5
f 423//5 37//5 422//5
f 423//7 424//7 37//7
f 37//6 424//6 425//6
f 426//5 37//5 425//5
f 426//5 427//5 37//5
f 37//5 427//5 428//5
f 429//5 37//5 428//5
f 429//5 22//5 37//5
f 429//5 430//5 22//5
f 22//5 430//5 431//5
f 432//5 22//5 431//5
f 432//5 433//5 22//5
f 22//7 433//7 434//7
f 435//6 22//6 434//6
f 435//5 436//5 22//5
f 22//5 436//5 437//5
f 438//5 22//5 437//5
f 438//5 439//5 22//5
f 22//6 439//6 440//6
f 441//5 22//5 440//5
f 441//5 442//5 22//5
f 22//5 442//5 443//5
f 444//5 22//5 443//5
f 444//5 445//5 22//5
f 22//5 445//5 446//5
f 447//5 22//5 446//5
f 447//6 448//6 22//6
f 22//5 448//5 449//5
f 450//7 22//7 449//7
f 450//5 451//5 22//5
f 22//5 451//5 452//5
f 453//5 22//5 452//5
f 453//5 454//5 22//5
f 22//5 454//5 455//5
f 456//5 22//5 455//5
f 456//7 457//7 22//7
f 22//5 457//5 458//5
f 459//5 22//5 458//5
f 459//5 460//5 22//5
f 22//6 460//6 461//6
f 108//6 461//6 462//6
f 463//5 108//5 462//5
f 463//5 464//5 108//5
f 108//5 464//5 465//5
f 466//7 108//7 465//7
f 466//5 467//5 108//5
f 108//5 467//5 468//5
f 469//5 108//5 468//5
f 469//5 470//5 108//5
f 108//5 470//5 471//5
f 472//5 108//5 471//5
f 472//7 473//7 108//7
f 108//5 473//5 474//5
f 475//6 108//6 474//6
f 475//5 476//5 108//5
f 108//5 476//5 477//5
f 478//5 108//5 477//5
f 478//5 479//5 108//5
f 108//5 479//5 480//5
f 481//5 108//5 480//5
f 481//5 482//5 108//5
f 108//6 482//6 483//6
f 484//5 108//5 483//5
f 484//5 485//5 108//5
f 108//5 485//5 486//5
f 487//5 108//5 486//5
f 487//6 488//6 108//6
f 108//7 488//7 489//7
f 490//5 108//5 489//5
f 490//5 491//5 108//5
f 108//5 491//5 492//5
f 366//5 108//5 492//5
f 366//5 72//5 108//5
f 108//5 22//5 461//5
f 106//8 493//8 87//8
f 87//8 493//8 494//8
f 495//8 87//8 494//8
f 495//8 496//8 87//8
f 87//8 496//8 497//8
f 498//8 87//8 497//8
f 498//8 499//8 87//8
f 87//8 499//8 500//8
f 501//8 87//8 500//8
f 501//8 502//8 87//8
f 87//8 502//8 503//8
f 504//8 87//8 503//8
f 504//8 505//8 87//8
f 87//8 505//8 506//8
f 507//8 87//8 506//8
f 507//8 508//8 87//8
f 87//8 508//8 509//8
f 205//8 509//8 510//8
f 511//8 205//8 510//8
f 511//8 512//8 205//8
f 205//8 512//8 513//8
f 514//8 205//8 513//8
f 514//8 515//8 205//8
f 205//8 515//8 516//8
f 517//9 205//9 516//9
f 517//10 518//10 205//10
f 205//8 518//8 519//8
f 520//8 205//8 519//8
f 520//8 521//8 205//8
f 205//10 521//10 522//10
f 523//8 205//8 522//8
f 523//8 524//8 205//8
f 205//9 524//9 525//9
f 3//8 525//8 526//8
f 527//8 3//8 526//8
f 527//8 528//8 3//8
f 3//8 528//8 529//8
f 530//8 3//8 529//8
f 530//8 531//8 3//8
f 3//8 531//8 532//8
f 533//8 3//8 532//8
f 533//8 534//8 3//8
f 3//8 534//8 535//8
f 536//8 3//8 535//8
f 536//8 537//8 3//8
f 3//8 537//8 538//8
f 539//8 3//8 538//8
f 539//8 540//8 3//8
f 3//8 540//8 541//8
f 1//8 3//8 541//8
f 3//8 205//8 525//8
f 205//8 87//8 509//8
f 236//11 542//11 109//11
f 236//12 543//12 542//12
f 236//12 235//12 543//12
f 543//13 235//13 544//13
f 544//13 235//13 234//13
f 545//14 234//14 233//14
f 546//15 233//15 232//15
f 547//16 232//16 231//16
f 548//17 231//17 230//17
f 549//18 230//18 229//18
f 550//19 229//19 228//19
f 551//20 228//20 227//20
f 552//21 227//21 226//21
f 553//22 226//22 225//22
f 554//23 225//23 224//23
f 555//24 224//24 223//24
f 556//25 223//25 222//25
f 557//26 222//26 221//26
f 558//27 221//27 220//27
f 559//28 220//28 219//28
f 560//29 219//29 218//29
f 561//30 218//30 217//30
f 562//31 217//31 216//31
f 563//32 216//32 215//32
f 564//33 215//33 214//33
f 565//34 214//34 213//34
f 566//35 213//35 212//35
f 567//36 212//36 211//36
f 568//37 211//37 210//37
f 569//38 210//38 209//38
f 570//39 209//39 208//39
f 571//40 208//40 207//40
f 572//41 207//41 206//41
f 573//42 206//42 204//42
f 574//43 204//43 203//43
f 575//44 203//44 202//44
f 576//45 202//45 201//45
f 577//46 201//46 200//46
f 578//47 200//47 199//47
f 579//48 199//48 198//48
f 580//49 198//49 197//49
f 581//50 197//50 196//50
f 582//51 196//51 195//51
f 583//52 195//52 194//52
f 584//53 194//53 193//53
f 585//54 193//54 192//54
f 586//55 192//55 191//55
f 587//56 191//56 190//56
f 588//57 190//57 189//57
f 589//58 189//58 188//58
f 590//59 188//59 187//59
f 591//60 187//60 186//60
f 592//61 186//61 185//61
f 593//62 185//62 184//62
f 594//63 184//63 183//63
f 595//64 183//64 182//64
f 596//65 182//65 181//65
f 597//66 181//66 180//66
f 598//67 180//67 179//67
f 599//68 179//68 178//68
f 600//69 178//69 177//69
f 601//70 177//70 176//70
f 602//71 176//71 175//71
f 603//72 175//72 174//72
f 604//73 174//73 173//73
f 605//74 173//74 172//74
f 606//75 172//75 171//75
f 607//76 171//76 170//76
f 608//77 170//77 169//77
f 609//78 169//78 168//78
f 610//79 168//79 167//79
f 611//80 167//80 166//80
f 612//81 166//81 165//81
f 613//82 165//82 164//82
f 614//83 164//83 163//83
f 615//84 163//84 162//84
f 616//85 162//85 161//85
f 617//86 161//86 160//86
f 618//87 160//87 159//87
f 619//88 159//88 158//88
f 620//89 158//89 157//89
f 621//90 157//90 156//90
f 622//91 156//91 155//91
f 623//92 155//92 154//92
f 624//93 154//93 153//93
f 625//94 153//94 152//94
f 626//95 152//95 151//95
f 627//96 151//96 150//96
f 628//97 150//97 149//97
f 629//98 149//98 148//98
f 630//99 148//99 147//99
f 631//100 147//100 146//100
f 632//101 146//101 145//101
f 633//102 145//102 144//102
f 634//103 144//103 143//103
f 635//104 143//104 142//104
f 636//105 142//105 141//105
f 637//106 141//106 140//106
f 638//107 140//107 139//107
f 639//108 139//108 138//108
f 640//109 138//109 137//109
f 641//110 137//110 136//110
f 642//111 136//111 135//111
f 643//112 135//112 134//112
f 644//113 134//113 133//113
f 645//114 133//114 132//114
f 646//115 132//115 131//115
f 647//116 131//116 130//116
f 648//117 130//117 129//117
f 649//118 129//118 128//118
f 650//119 128//119 127//119
f 651//120 127//120 126//120
f 652//121 126//121 125//121
f 653//122 125//122 124//122
f 654//123 124//123 123//123
f 655//124 123//124 122//124
f 656//125 122//125 121//125
f 657//126 121//126 120//126
f 658//127 120//127 119//127
f 659//128 119//128 118//128
f 660//129 118//129 117//129
f 661//130 117//130 116//130
f 662//131 116//131 115//131
f 663//132 115//132 114//132
f 664//133 114//133 113//133
f 665//134 113//134 112//134
f 666//135 112//135 111//135
f 667//136 111//136 110//136
f 668//137 110//137 107//137
f 669//138 107//138 109//138
f 542//139 669//139 109//139
f 669//140 668//140 107//140
f 668//137 667//137 110//137
f 667//136 666//136 111//136
f 666//135 665//135 112//135
f 665//134 664//134 113//134
f 664//133 663//133 114//133
f 663//132 662//132 115//132
f 662//131 661//131 116//131
f 661//130 660//130 117//130
f 660//129 659//129 118//129
f 659//128 658//128 119//128
f 658//127 657//127 120//127
f 657//126 656//126 121//126
f 656//125 655//125 122//125
f 655//124 654//124 123//124
f 654//123 653//123 124//123
f 653//122 652//122 125//122
f 652//141 651//141 126//141
f 651//120 650//120 127//120
f 650//119 649//119 128//119
f 649//118 648//118 129//118
f 648//117 647//117 130//117
f 647//116 646//116 131//116
f 646//115 645//115 132//115
f 645//114 644//114 133//114
f 644//113 643//113 134//113
f 643//112 642//112 135//112
f 642//111 641//111 136//111
f 641//110 640//110 137//110
f 640//109 639//109 138//109
f 639//108 638//108 139//108
f 638//107 637//107 140//107
f 637//106 636//106 141//106
f 636//105 635//105 142//105
f 635//104 634//104 143//104
f 634//103 633//103 144//103
f 633//102 632//102 145//102
f 632//101 631//101 146//101
f 631//100 630//100 147//100
f 630//99 629//99 148//99
f 629//98 628//98 149//98
f 628//97 627//97 150//97
f 627//96 626//96 151//96
f 626//95 625//95 152//95
f 625//94 624//94 153//94
f 624//93 623//93 154//93
f 623//92 622//92 155//92
f 622//142 621//142 156//142
f 621//90 620//90 157//90
f 620//89 619//89 158//89
f 619//88 618//88 159//88
f 618//87 617//87 160//87
f 617//86 616//86 161//86
f 616//85 615//85 162//85
f 615//84 614//84 163//84
f 614//83 613//83 164//83
f 613//82 612//82 165//82
f 612//81 611//81 166//81
f 611//80 610//80 167//80
f 610//79 609//79 168//79
f 609//143 608//143 169//143
f 608//77 607//77 170//77
f 607//76 606//76 171//76
f 606//75 605//75 172//75
f 605//74 604//74 173//74
f 604//73 603//73 174//73
f 603//72 602//72 175//72
f 602//144 601//144 176//144
f 601//70 600//70 177//70
f 600//69 599//69 178//69
f 599//68 598//68 179//68
f 598//67 597//67 180//67
f 597//66 596//66 181//66
f 596//65 595//65 182//65
f 595//64 594//64 183//64
f 594//63 593//63 184//63
f 593//62 592//62 185//62
f 592//61 591//61 186//61
f 591//60 590//60 187//60
f 590//59 589//59 188//59
f 589//145 588//145 189//145
f 588//57 587//57 190//57
f 587//56 586//56 191//56
f 586//55 585//55 192//55
f 585//54 584//54 193//54
f 584//53 583//53 194//53
f 583//52 582//52 195//52
f 582//51 581//51 196//51
f 581//50 580//50 197//50
f 580//49 579//49 198//49
f 579//48 578//48 199//48
f 578//47 577//47 200//47
f 577//46 576//46 201//46
f 576//45 575//45 202//45
f 575//44 574//44 203//44
f 574//43 573//43 204//43
f 573//42 572//42 206//42
f 572//41 571//41 207//41
f 571//40 570//40 208//40
f 570//39 569//39 209//39
f 569//38 568//38 210//38
f 568//37 567//37 211//37
f 567//36 566//36 212//36
f 566//35 565//35 213//35
f 565//34 564//34 214//34
f 564//33 563//33 215//33
f 563//32 562//32 216//32
f 562//31 561//31 217//31
f 561//30 560//30 218//30
f 560//29 559//29 219//29
f 559//146 558//146 220//146
f 558//27 557//27 221//27
f 557//26 556//26 222//26
f 556//25 555//25 223//25
f 555//24 554//24 224//24
f 554//23 553//23 225//23
f 553//22 552//22 226//22
f 552//21 551//21 227//21
f 551//20 550//20 228//20
f 550//19 549//19 229//19
f 549//18 548//18 230//18
f 548//17 547//17 231//17
f 547//16 546//16 232//16
f 546//15 545//15 233//15
f 545//14 544//14 234//14
f 670//8 671//8 672//8
f 672//8 671//8 673//8
f 674//8 672//8 673//8
f 674//8 675//8 672//8
f 672//8 675//8 676//8
f 677//8 672//8 676//8
f 677//8 678//8 672//8
f 672//8 678//8 679//8
f 680//8 672//8 679//8
f 680//8 681//8 672//8
f 672//8 681//8 682//8
f 683//8 672//8 682//8
f 683//8 684//8 672//8
f 672//8 684//8 685//8
f 686//8 672//8 685//8
f 686//8 687//8 672//8
f 672//8 687//8 688//8
f 689//10 688//10 690//10
f 691//8 689//8 690//8
f 691//8 692//8 689//8
f 689//9 692//9 693//9
f 694//8 689//8 693//8
f 694//8 695//8 689//8
f 689//8 695//8 696//8
f 697//9 689//9 696//9
f 697//10 698//10 689//10
f 689//8 698//8 699//8
f 700//8 689//8 699//8
f 700//8 701//8 689//8
f 689//8 701//8 702//8
f 703//8 689//8 702//8
f 703//8 704//8 689//8
f 689//8 704//8 705//8
f 706//8 705//8 707//8
f 708//8 706//8 707//8
f 708//8 709//8 706//8
f 706//8 709//8 710//8
f 711//8 706//8 710//8
f 711//8 712//8 706//8
f 706//8 712//8 713//8
f 714//8 706//8 713//8
f 714//8 715//8 706//8
f 706//8 715//8 716//8
f 717//8 706//8 716//8
f 717//8 718//8 706//8
f 706//8 718//8 719//8
f 720//8 706//8 719//8
f 720//8 721//8 706//8
f 706//8 721//8 722//8
f 723//8 706//8 722//8
f 706//8 689//8 705//8
f 689//8 672//8 688//8
f 723//3 724//3 706//3
f 706//3 724//3 725//3
f 726//3 706//3 725//3
f 726//3 727//3 706//3
f 706//3 727//3 728//3
f 729//3 706//3 728//3
f 729//3 730//3 706//3
f 706//3 730//3 731//3
f 732//3 706//3 731//3
f 732//3 733//3 706//3
f 706//3 733//3 734//3
f 735//3 706//3 734//3
f 735//3 736//3 706//3
f 706//3 736//3 737//3
f 738//3 706//3 737//3
f 738//3 739//3 706//3
f 706//3 739//3 740//3
f 741//3 706//3 740//3
f 741//3 742//3 706//3
f 706//3 742//3 743//3
f 743//3 742//3 744//3
f 745//3 743//3 744//3
f 745//3 746//3 743//3
f 743//3 746//3 747//3
f 748//3 743//3 747//3
f 748//3 749//3 743//3
f 743//3 749//3 750//3
f 751//3 743//3 750//3
f 751//3 752//3 743//3
f 743//3 752//3 753//3
f 754//3 743//3 753//3
f 754//3 755//3 743//3
f 743//3 755//3 756//3
f 757//3 743//3 756//3
f 757//3 758//3 743//3
f 757//3 759//3 758//3
f 758//3 759//3 760//3
f 761//3 758//3 760//3
f 761//3 762//3 758//3
f 758//3 762//3 763//3
f 764//3 758//3 763//3
f 764//3 765//3 758//3
f 758//3 765//3 766//3
f 767//3 758//3 766//3
f 767//3 768//3 758//3
f 758//3 768//3 769//3
f 770//3 758//3 769//3
f 770//3 771//3 758//3
f 758//3 771//3 772//3
f 773//3 758//3 772//3
f 773//3 774//3 758//3
f 758//3 774//3 775//3
f 776//4 706//4 777//4
f 776//4 778//4 706//4
f 706//4 778//4 779//4
f 780//4 706//4 779//4
f 780//4 781//4 706//4
f 706//4 781//4 782//4
f 783//4 706//4 782//4
f 783//4 784//4 706//4
f 706//4 784//4 785//4
f 786//4 706//4 785//4
f 786//4 787//4 706//4
f 706//4 787//4 788//4
f 789//4 706//4 788//4
f 789//4 790//4 706//4
f 706//4 790//4 791//4
f 792//4 706//4 791//4
f 792//4 793//4 706//4
f 706//4 793//4 794//4
f 795//4 706//4 794//4
f 795//4 796//4 706//4
f 706//4 796//4 797//4
f 798//4 706//4 797//4
f 798//4 799//4 706//4
f 706//4 799//4 800//4
f 801//4 706//4 800//4
f 801//4 802//4 706//4
f 706//4 802//4 803//4
f 804//4 706//4 803//4
f 804//4 805//4 706//4
f 706//4 805//4 806//4
f 807//4 706//4 806//4
f 807//4 808//4 706//4
f 706//4 808//4 689//4
f 689//4 808//4 809//4
f 810//4 689//4 809//4
f 810//4 811//4 689//4
f 689//4 811//4 812//4
f 813//4 689//4 812//4
f 813//4 814//4 689//4
f 689//4 814//4 815//4
f 816//4 689//4 815//4
f 816//4 817//4 689//4
f 689//4 817//4 818//4
f 819//4 689//4 818//4
f 819//4 820//4 689//4
f 689//4 820//4 821//4
f 822//4 689//4 821//4
f 822//4 823//4 689//4
f 689//4 823//4 824//4
f 825//4 689//4 824//4
f 825//4 826//4 689//4
f 689//4 826//4 827//4
f 828//4 689//4 827//4
f 828//4 829//4 689//4
f 689//4 829//4 830//4
f 831//4 689//4 830//4
f 831//4 832//4 689//4
f 689//4 832//4 833//4
f 834//4 689//4 833//4
f 834//4 835//4 689//4
f 689//4 835//4 836//4
f 837//4 689//4 836//4
f 837//4 838//4 689//4
f 689//4 838//4 839//4
f 840//4 689//4 839//4
f 840//4 841//4 689//4
f 840//4 842//4 841//4
f 841//4 842//4 843//4
f 844//4 841//4 843//4
f 844//4 845//4 841//4
f 841//4 845//4 846//4
f 847//4 841//4 846//4
f 847//4 848//4 841//4
f 841//4 848//4 849//4
f 850//4 841//4 849//4
f 850//4 851//4 841//4
f 841//4 851//4 852//4
f 853//4 841//4 852//4
f 853//4 854//4 841//4
f 841//4 854//4 855//4
f 856//4 841//4 855//4
f 856//4 857//4 841//4
f 841//4 857//4 858//4
f 859//4 841//4 858//4
f 859//4 860//4 841//4
f 841//4 860//4 861//4
f 862//4 841//4 861//4
f 862//4 863//4 841//4
f 841//4 863//4 864//4
f 865//4 841//4 864//4
f 865//4 866//4 841//4
f 841//4 866//4 867//4
f 868//4 841//4 867//4
f 868//4 869//4 841//4
f 841//4 869//4 870//4
f 871//4 841//4 870//4
f 871//4 872//4 841//4
f 841//4 872//4 873//4
f 743//4 873//4 874//4
f 875//4 743//4 874//4
f 875//4 876//4 743//4
f 743//4 876//4 877//4
f 878//4 743//4 877//4
f 878//4 879//4 743//4
f 743//4 879//4 880//4
f 881//4 743//4 880//4
f 881//4 882//4 743//4
f 743//4 882//4 883//4
f 884//4 743//4 883//4
f 884//4 885//4 743//4
f 743//4 885//4 886//4
f 887//4 743//4 886//4
f 887//4 888//4 743//4
f 743//4 888//4 889//4
f 890//4 743//4 889//4
f 890//4 891//4 743//4
f 743//4 891//4 892//4
f 893//4 743//4 892//4
f 893//4 894//4 743//4
f 743//4 894//4 895//4
f 896//4 743//4 895//4
f 896//4 897//4 743//4
f 743//4 897//4 898//4
f 899//4 743//4 898//4
f 899//4 900//4 743//4
f 743//4 900//4 901//4
f 902//4 743//4 901//4
f 902//4 903//4 743//4
f 743//4 903//4 904//4
f 777//4 743//4 904//4
f 777//4 706//4 743//4
f 743//4 841//4 873//4
f 542//2 689//2 669//2
f 542//2 543//2 689//2
f 689//2 543//2 544//2
f 545//2 689//2 544//2
f 545//2 546//2 689//2
f 689//2 546//2 547//2
f 548//2 689//2 547//2
f 548//2 549//2 689//2
f 689//2 549//2 550//2
f 551//2 689//2 550//2
f 551//2 552//2 689//2
f 689//2 552//2 553//2
f 554//2 689//2 553//2
f 554//2 555//2 689//2
f 689//2 555//2 556//2
f 557//2 689//2 556//2
f 557//2 558//2 689//2
f 689//2 558//2 559//2
f 560//2 689//2 559//2
f 560//2 561//2 689//2
f 689//2 561//2 562//2
f 563//2 689//2 562//2
f 563//2 564//2 689//2
f 689//2 564//2 565//2
f 566//2 689//2 565//2
f 566//2 567//2 689//2
f 689//2 567//2 568//2
f 569//2 689//2 568//2
f 569//2 570//2 689//2
f 689//2 570//2 571//2
f 572//2 689//2 571//2
f 572//2 573//2 689//2
f 689//2 573//2 672//2
f 672//2 573//2 574//2
f 575//2 672//2 574//2
f 575//2 576//2 672//2
f 672//2 576//2 577//2
f 578//2 672//2 577//2
f 578//2 579//2 672//2
f 672//2 579//2 580//2
f 581//2 672//2 580//2
f 581//2 582//2 672//2
f 672//2 582//2 583//2
f 584//2 672//2 583//2
f 584//2 585//2 672//2
f 672//2 585//2 586//2
f 587//2 672//2 586//2
f 587//2 588//2 672//2
f 672//2 588//2 589//2
f 590//2 672//2 589//2
f 590//2 591//2 672//2
f 672//2 591//2 592//2
f 593//2 672//2 592//2
f 593//2 594//2 672//2
f 672//2 594//2 595//2
f 596//2 672//2 595//2
f 596//2 597//2 672//2
f 672//2 597//2 598//2
f 599//2 672//2 598//2
f 599//2 600//2 672//2
f 672//2 600//2 601//2
f 602//2 672//2 601//2
f 602//2 603//2 672//2
f 672//2 603//2 604//2
f 605//2 672//2 604//2
f 605//2 905//2 672//2
f 605//2 606//2 905//2
f 905//2 606//2 607//2
f 608//2 905//2 607//2
f 608//2 609//2 905//2
f 905//2 609//2 610//2
f 611//2 905//2 610//2
f 611//2 612//2 905//2
f 905//2 612//2 613//2
f 614//2 905//2 613//2
f 614//2 615//2 905//2
f 905//2 615//2 616//2
f 617//2 905//2 616//2
f 617//2 618//2 905//2
f 905//2 618//2 619//2
f 620//2 905//2 619//2
f 620//2 621//2 905//2
f 905//2 621//2 622//2
f 623//2 905//2 622//2
f 623//2 624//2 905//2
f 905//2 624//2 625//2
f 626//2 905//2 625//2
f 626//2 627//2 905//2
f 905//2 627//2 628//2
f 629//2 905//2 628//2
f 629//2 630//2 905//2
f 905//2 630//2 631//2
f 632//2 905//2 631//2
f 632//2 633//2 905//2
f 905//2 633//2 634//2
f 635//2 905//2 634//2
f 635//2 636//2 905//2
f 905//2 636//2 637//2
f 841//2 637//2 638//2
f 639//2 841//2 638//2
f 639//2 640//2 841//2
f 841//2 640//2 641//2
f 642//2 841//2 641//2
f 642//2 643//2 841//2
f 841//2 643//2 644//2
f 645//2 841//2 644//2
f 645//2 646//2 841//2
f 841//2 646//2 647//2
f 648//2 841//2 647//2
f 648//2 649//2 841//2
f 841//2 649//2 650//2
f 651//2 841//2 650//2
f 651//2 652//2 841//2
f 841//2 652//2 653//2
f 654//2 841//2 653//2
f 654//2 655//2 841//2
f 841//2 655//2 656//2
f 657//2 841//2 656//2
f 657//2 658//2 841//2
f 841//2 658//2 659//2
f 660//2 841//2 659//2
f 660//2 661//2 841//2
f 841//2 661//2 662//2
f 663//2 841//2 662//2
f 663//2 664//2 841//2
f 841//2 664//2 665//2
f 666//2 841//2 665//2
f 666//2 667//2 841//2
f 841//2 667//2 668//2
f 669//2 841//2 668//2
f 669//2 689//2 841//2
f 841//2 905//2 637//2
f 775//1 906//1 758//1
f 758//1 906//1 907//1
f 908//1 758//1 907//1
f 908//1 909//1 758//1
f 758//1 909//1 910//1
f 911//1 758//1 910//1
f 911//1 912//1 758//1
f 758//1 912//1 913//1
f 914//1 758//1 913//1
f 914//1 915//1 758//1
f 758//1 915//1 916//1
f 917//1 758//1 916//1
f 917//1 918//1 758//1
f 758//1 918//1 919//1
f 920//1 758//1 919//1
f 920//1 921//1 758//1
f 758//1 921//1 922//1
f 905//1 922//1 923//1
f 924//1 905//1 923//1
f 924//1 925//1 905//1
f 905//1 925//1 926//1
f 927//1 905//1 926//1
f 927//1 928//1 905//1
f 905//1 928//1 929//1
f 930//1 905//1 929//1
f 930//1 931//1 905//1
f 905//1 931//1 932//1
f 933//1 905//1 932//1
f 933//1 934//1 905//1
f 905//1 934//1 935//1
f 936//1 905//1 935//1
f 936//1 672//1 905//1
f 936//1 937//1 672//1
f 672//1 937//1 938//1
f 939//1 672//1 938//1
f 939//1 940//1 672//1
f 672//1 940//1 941//1
f 942//1 672//1 941//1
f 942//1 943//1 672//1
f 672//1 943//1 944//1
f 945//1 672//1 944//1
f 945//1 946//1 672//1
f 672//1 946//1 947//1
f 948//1 672//1 947//1
f 948//1 949//1 672//1
f 672//1 949//1 950//1
f 951//1 672//1 950//1
f 951//1 952//1 672//1
f 672//1 952//1 953//1
f 954//1 672//1 953//1
f 954//1 670//1 672//1
f 905//1 758//1 922//1
f 955//5 841//5 956//5
f 955//5 957//5 841//5
f 841//5 957//5 958//5
f 959//5 841//5 958//5
f 959//6 960//6 841//6
f 841//5 960//5 961//5
f 962//5 841//5 961//5
f 962//5 963//5 841//5
f 841//5 963//5 964//5
f 965//6 841//6 964//6
f 965//7 966//7 841//7
f 841//5 966//5 967//5
f 968//5 841//5 967//5
f 968//5 969//5 841//5
f 841//5 969//5 970//5
f 971//5 841//5 970//5
f 971//5 972//5 841//5
f 841//5 972//5 973//5
f 974//7 841//7 973//7
f 974//6 975//6 841//6
f 841//5 975//5 976//5
f 977//5 841//5 976//5
f 977//5 978//5 841//5
f 841//5 978//5 979//5
f 980//5 841//5 979//5
f 980//5 981//5 841//5
f 841//5 981//5 982//5
f 983//5 841//5 982//5
f 983//5 984//5 841//5
f 841//5 984//5 985//5
f 986//5 841//5 985//5
f 986//5 987//5 841//5
f 841//5 987//5 905//5
f 905//7 987//7 988//7
f 989//5 905//5 988//5
f 989//5 990//5 905//5
f 905//5 990//5 991//5
f 992//6 905//6 991//6
f 992//5 993//5 905//5
f 905//5 993//5 994//5
f 995//5 905//5 994//5
f 995//5 996//5 905//5
f 905//5 996//5 997//5
f 998//5 905//5 997//5
f 998//6 999//6 905//6
f 905//5 999//5 1000//5
f 1001//7 905//7 1000//7
f 1001//5 1002//5 905//5
f 905//5 1002//5 1003//5
f 1004//5 905//5 1003//5
f 1004//5 1005//5 905//5
f 905//5 1005//5 1006//5
f 1007//5 905//5 1006//5
f 1007//5 1008//5 905//5
f 905//7 1008//7 1009//7
f 1010//5 905//5 1009//5
f 1010//5 1011//5 905//5
f 905//5 1011//5 1012//5
f 1013//5 905//5 1012//5
f 1013//7 1014//7 905//7
f 905//6 1014//6 1015//6
f 1016//5 905//5 1015//5
f 1016//5 1017//5 905//5
f 905//5 1017//5 1018//5
f 1019//5 905//5 1018//5
f 1019//5 758//5 905//5
f 1019//5 1020//5 758//5
f 758//5 1020//5 1021//5
f 1022//5 758//5 1021//5
f 1022//5 1023//5 758//5
f 758//7 1023//7 1024//7
f 1025//6 758//6 1024//6
f 1025//5 1026//5 758//5
f 758//5 1026//5 1027//5
f 1028//5 758//5 1027//5
f 1028//5 1029//5 758//5
f 758//6 1029//6 1030//6
f 1031//5 758//5 1030//5
f 1031//5 1032//5 758//5
f 758//5 1032//5 1033//5
f 1034//5 758//5 1033//5
f 1034//5 1035//5 758//5
f 758//5 1035//5 1036//5
f 1037//5 758//5 1036//5
f 1037//6 1038//6 758//6
f 758//5 1038//5 1039//5
f 1040//7 758//7 1039//7
f 1040//5 1041//5 758//5
f 758//5 1041//5 1042//5
f 1043//5 758//5 1042//5
f 1043//5 1044//5 758//5
f 758//5 1044//5 1045//5
f 1046//5 758//5 1045//5
f 1046//7 1047//7 758//7
f 758//5 1047//5 1048//5
f 1049//5 758//5 1048//5
f 1049//5 1050//5 758//5
f 758//6 1050//6 1051//6
f 743//6 1051//6 1052//6
f 1053//5 743//5 1052//5
f 1053//5 1054//5 743//5
f 743//5 1054//5 1055//5
f 1056//7 743//7 1055//7
f 1056//5 1057//5 743//5
f 743//5 1057//5 1058//5
f 1059//5 743//5 1058//5
f 1059//5 1060//5 743//5
f 743//5 1060//5 1061//5
f 1062//5 743//5 1061//5
f 1062//7 1063//7 743//7
f 743//5 1063//5 1064//5
f 1065//6 743//6 1064//6
f 1065//5 1066//5 743//5
f 743//5 1066//5 1067//5
f 1068//5 743//5 1067//5
f 1068//5 1069//5 743//5
f 743//5 1069//5 1070//5
f 1071//5 743//5 1070//5
f 1071//5 1072//5 743//5
f 743//6 1072//6 1073//6
f 1074//5 743//5 1073//5
f 1074//5 1075//5 743//5
f 743//5 1075//5 1076//5
f 1077//5 743//5 1076//5
f 1077//6 1078//6 743//6
f 743//7 1078//7 1079//7
f 1080//5 743//5 1079//5
f 1080//5 1081//5 743//5
f 743//5 1081//5 1082//5
f 956//5 743//5 1082//5
f 956//5 841//5 743//5
f 743//5 758//5 1051//5
f 364//147 1083//147 238//147
f 364//148 1084//148 1083//148
f 364//148 363//148 1084//148
f 1084//149 363//149 1085//149
f 1085//149 363//149 362//149
f 1086//150 362//150 361//150
f 1087//151 361//151 360//151
f 1088//152 360//152 359//152
f 1089//153 359//153 358//153
f 1090//154 358//154 357//154
f 1091//155 357//155 356//155
f 1092//156 356//156 355//156
f 1093//157 355//157 354//157
f 1094//158 354//158 353//158
f 1095//159 353//159 352//159
f 1096//160 352//160 351//160
f 1097//161 351//161 350//161
f 1098//162 350//162 349//162
f 1099//163 349//163 348//163
f 1100//164 348//164 347//164
f 1101//165 347//165 346//165
f 1102//166 346//166 345//166
f 1103//167 345//167 344//167
f 1104//168 344//168 343//168
f 1105//169 343//169 342//169
f 1106//170 342//170 341//170
f 1107//171 341//171 340//171
f 1108//172 340//172 339//172
f 1109//173 339//173 338//173
f 1110//174 338//174 337//174
f 1111//175 337//175 336//175
f 1112//176 336//176 335//176
f 1113//177 335//177 334//177
f 1114//178 334//178 333//178
f 1115//179 333//179 332//179
f 1116//180 332//180 331//180
f 1117//181 331//181 330//181
f 1118//182 330//182 329//182
f 1119//183 329//183 328//183
f 1120//184 328//184 327//184
f 1121//185 327//185 326//185
f 1122//186 326//186 325//186
f 1123//187 325//187 324//187
f 1124//188 324//188 323//188
f 1125//189 323//189 322//189
f 1126//190 322//190 321//190
f 1127//191 321//191 320//191
f 1128//192 320//192 319//192
f 1129//193 319//193 318//193
f 1130//194 318//194 317//194
f 1131//195 317//195 316//195
f 1132//196 316//196 315//196
f 1133//197 315//197 314//197
f 1134//198 314//198 313//198
f 1135//199 313//199 312//199
f 1136//200 312//200 311//200
f 1137//201 311//201 310//201
f 1138//202 310//202 309//202
f 1139//203 309//203 308//203
f 1140//204 308//204 307//204
f 1141//205 307//205 306//205
f 1142//206 306//206 305//206
f 1143//207 305//207 304//207
f 1144//208 304//208 303//208
f 1145//209 303//209 302//209
f 1146//210 302//210 301//210
f 1147//211 301//211 300//211
f 1148//212 300//212 299//212
f 1149//213 299//213 298//213
f 1150//214 298//214 297//214
f 1151//215 297//215 296//215
f 1152//216 296//216 295//216
f 1153//217 295//217 294//217
f 1154//218 294//218 293//218
f 1155//219 293//219 292//219
f 1156//220 292//220 291//220
f 1157//221 291//221 290//221
f 1158//222 290//222 289//222
f 1159//223 289//223 288//223
f 1160//224 288//224 287//224
f 1161//225 287//225 286//225
f 1162//226 286//226 285//226
f 1163//227 285//227 284//227
f 1164//228 284//228 283//228
f 1165//229 283//229 282//229
f 1166//230 282//230 281//230
f 1167//231 281//231 280//231
f 1168//232 280//232 279//232
f 1169//233 279//233 278//233
f 1170//234 278//234 277//234
f 1171//235 277//235 276//235
f 1172//236 276//236 275//236
f 1173//237 275//237 274//237
f 1174//238 274//238 273//238
f 1175//239 273//239 272//239
f 1176//240 272//240 271//240
f 1177//241 271//241 270//241
f 1178//242 270//242 269//242
f 1179//243 269//243 268//243
f 1180//244 268//244 267//244
f 1181//245 267//245 266//245
f 1182//246 266//246 265//246
f 1183//247 265//247 264//247
f 1184//248 264//248 263//248
f 1185//249 263//249 262//249
f 1186//250 262//250 261//250
f 1187//251 261//251 260//251
f 1188//252 260//252 259//252
f 1189//253 259//253 258//253
f 1190//254 258//254 257//254
f 1191//255 257//255 256//255
f 1192//256 256//256 255//256
f 1193//257 255//257 254//257
f 1194//258 254//258 253//258
f 1195//259 253//259 252//259
f 1196//260 252//260 251//260
f 1197//261 251//261 250//261
f 1198//262 250//262 249//262
f 1199//263 249//263 248//263
f 1200//264 248//264 247//264
f 1201//265 247//265 246//265
f 1202//266 246//266 245//266
f 1203//267 245//267 244//267
f 1204//268 244//268 243//268
f 1205//269 243//269 242//269
f 1206//270 242//270 241//270
f 1207//271 241//271 240//271
f 1208//272 240//272 239//272
f 1209//273 239//273 237//273
f 1210//274 237//274 238//274
f 1083//147 1210//147 238//147
f 1210//274 1209//274 237//274
f 1209//273 1208//273 239//273
f 1208//272 1207//272 240//272
f 1207//271 1206//271 241//271
f 1206//270 1205//270 242//270
f 1205//269 1204//269 243//269
f 1204//268 1203//268 244//268
f 1203//267 1202//267 245//267
f 1202//275 1201//275 246//275
f 1201//276 1200//276 247//276
f 1200//264 1199//264 248//264
f 1199//263 1198//263 249//263
f 1198//277 1197//277 250//277
f 1197//261 1196//261 251//261
f 1196//260 1195//260 252//260
f 1195//278 1194//278 253//278
f 1194//258 1193//258 254//258
f 1193//257 1192//257 255//257
f 1192//256 1191//256 256//256
f 1191//255 1190//255 257//255
f 1190//279 1189//279 258//279
f 1189//280 1188//280 259//280
f 1188//252 1187//252 260//252
f 1187//281 1186//281 261//281
f 1186//282 1185//282 262//282
f 1185//283 1184//283 263//283
f 1184//284 1183//284 264//284
f 1183//285 1182//285 265//285
f 1182//286 1181//286 266//286
f 1181//287 1180//287 267//287
f 1180//288 1179//288 268//288
f 1179//243 1178//243 269//243
f 1178//242 1177//242 270//242
f 1177//289 1176//289 271//289
f 1176//290 1175//290 272//290
f 1175//291 1174//291 273//291
f 1174//292 1173//292 274//292
f 1173//293 1172//293 275//293
f 1172//294 1171//294 276//294
f 1171//295 1170//295 277//295
f 1170//296 1169//296 278//296
f 1169//233 1168//233 279//233
f 1168//297 1167//297 280//297
f 1167//298 1166//298 281//298
f 1166//230 1165//230 282//230
f 1165//229 1164//229 283//229
f 1164//228 1163//228 284//228
f 1163//227 1162//227 285//227
f 1162//299 1161//299 286//299
f 1161//225 1160//225 287//225
f 1160//224 1159//224 288//224
f 1159//300 1158//300 289//300
f 1158//222 1157//222 290//222
f 1157//221 1156//221 291//221
f 1156//301 1155//301 292//301
f 1155//302 1154//302 293//302
f 1154//218 1153//218 294//218
f 1153//217 1152//217 295//217
f 1152//216 1151//216 296//216
f 1151//215 1150//215 297//215
f 1150//214 1149//214 298//214
f 1149//213 1148//213 299//213
f 1148//212 1147//212 300//212
f 1147//211 1146//211 301//211
f 1146//210 1145//210 302//210
f 1145//209 1144//209 303//209
f 1144//208 1143//208 304//208
f 1143//207 1142//207 305//207
f 1142//206 1141//206 306//206
f 1141//205 1140//205 307//205
f 1140//204 1139//204 308//204
f 1139//203 1138//203 309//203
f 1138//303 1137//303 310//303
f 1137//304 1136//304 311//304
f 1136//200 1135//200 312//200
f 1135//199 1134//199 313//199
f 1134//305 1133//305 314//305
f 1133//197 1132//197 315//197
f 1132//196 1131//196 316//196
f 1131//306 1130//306 317//306
f 1130//194 1129//194 318//194
f 1129//193 1128//193 319//193
f 1128//192 1127//192 320//192
f 1127//191 1126//191 321//191
f 1126//307 1125//307 322//307
f 1125//308 1124//308 323//308
f 1124//188 1123//188 324//188
f 1123//309 1122//309 325//309
f 1122//310 1121//310 326//310
f 1121//311 1120//311 327//311
f 1120//312 1119//312 328//312
f 1119//313 1118//313 329//313
f 1118//314 1117//314 330//314
f 1117//315 1116//315 331//315
f 1116//316 1115//316 332//316
f 1115//179 1114//179 333//179
f 1114//178 1113//178 334//178
f 1113//317 1112//317 335//317
f 1112//318 1111//318 336//318
f 1111//319 1110//319 337//319
f 1110//320 1109//320 338//320
f 1109//321 1108//321 339//321
f 1108//322 1107//322 340//322
f 1107//323 1106//323 341//323
f 1106//324 1105//324 342//324
f 1105//169 1104//169 343//169
f 1104//325 1103//325 344//325
f 1103//326 1102//326 345//326
f 1102//166 1101//166 346//166
f 1101//165 1100//165 347//165
f 1100//164 1099//164 348//164
f 1099//163 1098//163 349//163
f 1098//327 1097//327 350//327
f 1097//161 1096//161 351//161
f 1096//160 1095//160 352//160
f 1095//328 1094//328 353//328
f 1094//158 1093//158 354//158
f 1093//157 1092//157 355//157
f 1092//329 1091//329 356//329
f 1091//330 1090//330 357//330
f 1090//154 1089//154 358//154
f 1089//153 1088//153 359//153
f 1088//152 1087//152 360//152
f 1087//151 1086//151 361//151
f 1086//150 1085//150 362//150
f 1211//8 1212//8 1213//8
f 1213//8 1212//8 1214//8
f 1215//8 1213//8 1214//8
f 1215//8 1216//8 1213//8
f 1213//8 1216//8 1217//8
f 1218//8 1213//8 1217//8
f 1218//8 1219//8 1213//8
f 1213//8 1219//8 1220//8
f 1221//8 1213//8 1220//8
f 1221//8 1222//8 1213//8
f 1213//8 1222//8 1223//8
f 1224//8 1213//8 1223//8
f 1224//8 1225//8 1213//8
f 1213//8 1225//8 1226//8
f 1227//8 1213//8 1226//8
f 1227//8 1228//8 1213//8
f 1213//8 1228//8 1229//8
f 1230//8 1213//8 1229//8
f 1230//8 1231//8 1213//8
f 1230//8 1232//8 1231//8
f 1231//8 1232//8 1233//8
f 1234//8 1231//8 1233//8
f 1234//8 1235//8 1231//8
f 1231//8 1235//8 1236//8
f 1237//8 1231//8 1236//8
f 1237//8 1238//8 1231//8
f 1231//9 1238//9 1239//9
f 1240//8 1231//8 1239//8
f 1240//10 1241//10 1231//10
f 1231//8 1241//8 1242//8
f 1243//8 1231//8 1242//8
f 1243//8 1244//8 1231//8
f 1231//8 1244//8 1245//8
f 1246//8 1231//8 1245//8
f 1246//8 1247//8 1231//8
f 1246//8 1248//8 1247//8
f 1247//8 1248//8 1249//8
f 1250//8 1247//8 1249//8
f 1250//8 1251//8 1247//8
f 1247//8 1251//8 1252//8
f 1253//8 1247//8 1252//8
f 1253//8 1254//8 1247//8
f 1247//8 1254//8 1255//8
f 1256//8 1247//8 1255//8
f 1256//8 1257//8 1247//8
f 1247//8 1257//8 1258//8
f 1259//8 1247//8 1258//8
f 1259//8 1260//8 1247//8
f 1247//8 1260//8 1261//8
f 1262//8 1247//8 1261//8
f 1262//8 1263//8 1247//8
f 1247//8 1263//8 1264//8
f 1264//2 1265//2 1247//2
f 1247//2 1265//2 1266//2
f 1267//2 1247//2 1266//2
f 1267//2 1268//2 1247//2
f 1247//2 1268//2 1269//2
f 1270//2 1247//2 1269//2
f 1270//2 1271//2 1247//2
f 1247//2 1271//2 1272//2
f 1273//2 1247//2 1272//2
f 1273//2 1274//2 1247//2
f 1247//2 1274//2 1275//2
f 1276//2 1247//2 1275//2
f 1276//2 1277//2 1247//2
f 1247//2 1277//2 1278//2
f 1279//2 1247//2 1278//2
f 1279//2 1280//2 1247//2
f 1247//2 1280//2 1281//2
f 1282//2 1247//2 1281//2
f 1282//2 1283//2 1247//2
f 1247//2 1283//2 1284//2
f 1284//2 1283//2 1285//2
f 1286//2 1284//2 1285//2
f 1286//2 1287//2 1284//2
f 1284//2 1287//2 1288//2
f 1289//2 1284//2 1288//2
f 1289//2 1290//2 1284//2
f 1284//2 1290//2 1291//2
f 1292//2 1284//2 1291//2
f 1292//2 1293//2 1284//2
f 1284//2 1293//2 1294//2
f 1295//2 1284//2 1294//2
f 1295//2 1296//2 1284//2
f 1284//2 1296//2 1297//2
f 1298//2 1284//2 1297//2
f 1298//2 1299//2 1284//2
f 1298//2 1300//2 1299//2
f 1299//2 1300//2 1301//2
f 1302//2 1299//2 1301//2
f 1302//2 1303//2 1299//2
f 1299//2 1303//2 1304//2
f 1305//2 1299//2 1304//2
f 1305//2 1306//2 1299//2
f 1299//2 1306//2 1307//2
f 1308//2 1299//2 1307//2
f 1308//2 1309//2 1299//2
f 1299//2 1309//2 1310//2
f 1311//2 1299//2 1310//2
f 1311//2 1312//2 1299//2
f 1299//2 1312//2 1313//2
f 1314//2 1299//2 1313//2
f 1314//2 1315//2 1299//2
f 1299//2 1315//2 1316//2
f 1083//1 1247//1 1210//1
f 1083//1 1084//1 1247//1
f 1247//1 1084//1 1085//1
f 1086//1 1247//1 1085//1
f 1086//1 1087//1 1247//1
f 1247//1 1087//1 1088//1
f 1089//1 1247//1 1088//1
f 1089//1 1090//1 1247//1
f 1247//1 1090//1 1091//1
f 1092//1 1247//1 1091//1
f 1092//1 1093//1 1247//1
f 1247//1 1093//1 1094//1
f 1095//1 1247//1 1094//1
f 1095//1 1096//1 1247//1
f 1247//1 1096//1 1097//1
f 1098//1 1247//1 1097//1
f 1098//1 1099//1 1247//1
f 1247//1 1099//1 1100//1
f 1101//1 1247//1 1100//1
f 1101//1 1102//1 1247//1
f 1247//1 1102//1 1103//1
f 1104//1 1247//1 1103//1
f 1104//1 1105//1 1247//1
f 1247//1 1105//1 1106//1
f 1107//1 1247//1 1106//1
f 1107//1 1108//1 1247//1
f 1247//1 1108//1 1109//1
f 1110//1 1247//1 1109//1
f 1110//1 1111//1 1247//1
f 1247//1 1111//1 1112//1
f 1113//1 1247//1 1112//1
f 1113//1 1114//1 1247//1
f 1247//1 1114//1 1231//1
f 1231//1 1114//1 1115//1
f 1116//1 1231//1 1115//1
f 1116//1 1117//1 1231//1
f 1231//1 1117//1 1118//1
f 1119//1 1231//1 1118//1
f 1119//1 1120//1 1231//1
f 1231//1 1120//1 1121//1
f 1122//1 1231//1 1121//1
f 1122//1 1123//1 1231//1
f 1231//1 1123//1 1124//1
f 1125//1 1231//1 1124//1
f 1125//1 1126//1 1231//1
f 1231//1 1126//1 1127//1
f 1128//1 1231//1 1127//1
f 1128//1 1129//1 1231//1
f 1231//1 1129//1 1130//1
f 1131//1 1231//1 1130//1
f 1131//1 1132//1 1231//1
f 1231//1 1132//1 1133//1
f 1134//1 1231//1 1133//1
f 1134//1 1135//1 1231//1
f 1231//1 1135//1 1136//1
f 1137//1 1231//1 1136//1
f 1137//1 1138//1 1231//1
f 1231//1 1138//1 1139//1
f 1140//1 1231//1 1139//1
f 1140//1 1141//1 1231//1
f 1231//1 1141//1 1142//1
f 1143//1 1231//1 1142//1
f 1143//1 1144//1 1231//1
f 1231//1 1144//1 1145//1
f 1146//1 1231//1 1145//1
f 1146//1 1317//1 1231//1
f 1146//1 1147//1 1317//1
f 1317//1 1147//1 1148//1
f 1149//1 1317//1 1148//1
f 1149//1 1150//1 1317//1
f 1317//1 1150//1 1151//1
f 1152//1 1317//1 1151//1
f 1152//1 1153//1 1317//1
f 1317//1 1153//1 1154//1
f 1155//1 1317//1 1154//1
f 1155//1 1156//1 1317//1
f 1317//1 1156//1 1157//1
f 1158//1 1317//1 1157//1
f 1158//1 1159//1 1317//1
f 1317//1 1159//1 1160//1
f 1161//1 1317//1 1160//1
f 1161//1 1162//1 1317//1
f 1317//1 1162//1 1163//1
f 1164//1 1317//1 1163//1
f 1164//1 1165//1 1317//1
f 1317//1 1165//1 1166//1
f 1167//1 1317//1 1166//1
f 1167//1 1168//1 1317//1
f 1317//1 1168//1 1169//1
f 1170//1 1317//1 1169//1
f 1170//1 1171//1 1317//1
f 1317//1 1171//1 1172//1
f 1173//1 1317//1 1172//1
f 1173//1 1174//1 1317//1
f 1317//1 1174//1 1175//1
f 1176//1 1317//1 1175//1
f 1176//1 1177//1 1317//1
f 1317//1 1177//1 1178//1
f 1284//1 1178//1 1179//1
f 1180//1 1284//1 1179//1
f 1180//1 1181//1 1284//1
f 1284//1 1181//1 1182//1
f 1183//1 1284//1 1182//1
f 1183//1 1184//1 1284//1
f 1284//1 1184//1 1185//1
f 1186//1 1284//1 1185//1
f 1186//1 1187//1 1284//1
f 1284//1 1187//1 1188//1
f 1189//1 1284//1 1188//1
f 1189//1 1190//1 1284//1
f 1284//1 1190//1 1191//1
f 1192//1 1284//1 1191//1
f 1192//1 1193//1 1284//1
f 1284//1 1193//1 1194//1
f 1195//1 1284//1 1194//1
f 1195//1 1196//1 1284//1
f 1284//1 1196//1 1197//1
f 1198//1 1284//1 1197//1
f 1198//1 1199//1 1284//1
f 1284//1 1199//1 1200//1
f 1201//1 1284//1 1200//1
f 1201//1 1202//1 1284//1
f 1284//1 1202//1 1203//1
f 1204//1 1284//1 1203//1
f 1204//1 1205//1 1284//1
f 1284//1 1205//1 1206//1
f 1207//1 1284//1 1206//1
f 1207//1 1208//1 1284//1
f 1284//1 1208//1 1209//1
f 1210//1 1284//1 1209//1
f 1210//1 1247//1 1284//1
f 1284//1 1317//1 1178//1
f 1318//3 1231//3 1319//3
f 1318//3 1320//3 1231//3
f 1231//3 1320//3 1321//3
f 1322//3 1231//3 1321//3
f 1322//3 1323//3 1231//3
f 1231//3 1323//3 1324//3
f 1325//3 1231//3 1324//3
f 1325//3 1326//3 1231//3
f 1231//3 1326//3 1327//3
f 1328//3 1231//3 1327//3
f 1328//3 1329//3 1231//3
f 1231//3 1329//3 1330//3
f 1331//3 1231//3 1330//3
f 1331//3 1332//3 1231//3
f 1231//3 1332//3 1333//3
f 1334//3 1231//3 1333//3
f 1334//3 1335//3 1231//3
f 1231//3 1335//3 1336//3
f 1337//3 1231//3 1336//3
f 1337//3 1338//3 1231//3
f 1231//3 1338//3 1339//3
f 1340//3 1231//3 1339//3
f 1340//3 1341//3 1231//3
f 1231//3 1341//3 1342//3
f 1343//3 1231//3 1342//3
f 1343//3 1344//3 1231//3
f 1231//3 1344//3 1345//3
f 1346//3 1231//3 1345//3
f 1346//3 1347//3 1231//3
f 1231//3 1347//3 1348//3
f 1349//3 1231//3 1348//3
f 1349//3 1350//3 1231//3
f 1231//3 1350//3 1213//3
f 1213//3 1350//3 1351//3
f 1352//3 1213//3 1351//3
f 1352//3 1353//3 1213//3
f 1213//3 1353//3 1354//3
f 1355//3 1213//3 1354//3
f 1355//3 1356//3 1213//3
f 1213//3 1356//3 1357//3
f 1358//3 1213//3 1357//3
f 1358//3 1359//3 1213//3
f 1213//3 1359//3 1360//3
f 1361//3 1213//3 1360//3
f 1361//3 1362//3 1213//3
f 1213//3 1362//3 1363//3
f 1364//3 1213//3 1363//3
f 1364//3 1365//3 1213//3
f 1213//3 1365//3 1366//3
f 1367//3 1213//3 1366//3
f 1367//3 1368//3 1213//3
f 1213//3 1368//3 1369//3
f 1370//3 1213//3 1369//3
f 1370//3 1371//3 1213//3
f 1213//3 1371//3 1372//3
f 1373//3 1213//3 1372//3
f 1373//3 1374//3 1213//3
f 1213//3 1374//3 1375//3
f 1376//3 1213//3 1375//3
f 1376//3 1377//3 1213//3
f 1213//3 1377//3 1378//3
f 1379//3 1213//3 1378//3
f 1379//3 1380//3 1213//3
f 1213//3 1380//3 1381//3
f 1382//3 1213//3 1381//3
f 1382//3 1383//3 1213//3
f 1382//3 1384//3 1383//3
f 1383//3 1384//3 1385//3
f 1386//3 1383//3 1385//3
f 1386//3 1387//3 1383//3
f 1383//3 1387//3 1388//3
f 1389//3 1383//3 1388//3
f 1389//3 1390//3 1383//3
f 1383//3 1390//3 1391//3
f 1392//3 1383//3 1391//3
f 1392//3 1393//3 1383//3
f 1383//3 1393//3 1394//3
f 1395//3 1383//3 1394//3
f 1395//3 1396//3 1383//3
f 1383//3 1396//3 1397//3
f 1398//3 1383//3 1397//3
f 1398//3 1399//3 1383//3
f 1383//3 1399//3 1400//3
f 1401//3 1383//3 1400//3
f 1401//3 1402//3 1383//3
f 1383//3 1402//3 1403//3
f 1404//3 1383//3 1403//3
f 1404//3 1405//3 1383//3
f 1383//3 1405//3 1406//3
f 1407//3 1383//3 1406//3
f 1407//3 1408//3 1383//3
f 1383//3 1408//3 1409//3
f 1410//3 1383//3 1409//3
f 1410//3 1411//3 1383//3
f 1383//3 1411//3 1412//3
f 1413//3 1383//3 1412//3
f 1413//3 1414//3 1383//3
f 1383//3 1414//3 1415//3
f 1317//3 1415//3 1416//3
f 1417//3 1317//3 1416//3
f 1417//3 1418//3 1317//3
f 1317//3 1418//3 1419//3
f 1420//3 1317//3 1419//3
f 1420//3 1421//3 1317//3
f 1317//3 1421//3 1422//3
f 1423//3 1317//3 1422//3
f 1423//3 1424//3 1317//3
f 1317//3 1424//3 1425//3
f 1426//3 1317//3 1425//3
f 1426//3 1427//3 1317//3
f 1317//3 1427//3 1428//3
f 1429//3 1317//3 1428//3
f 1429//3 1430//3 1317//3
f 1317//3 1430//3 1431//3
f 1432//3 1317//3 1431//3
f 1432//3 1433//3 1317//3
f 1317//3 1433//3 1434//3
f 1435//3 1317//3 1434//3
f 1435//3 1436//3 1317//3
f 1317//3 1436//3 1437//3
f 1438//3 1317//3 1437//3
f 1438//3 1439//3 1317//3
f 1317//3 1439//3 1440//3
f 1441//3 1317//3 1440//3
f 1441//3 1442//3 1317//3
f 1317//3 1442//3 1443//3
f 1444//3 1317//3 1443//3
f 1444//3 1445//3 1317//3
f 1317//3 1445//3 1446//3
f 1319//3 1317//3 1446//3
f 1319//3 1231//3 1317//3
f 1317//3 1383//3 1415//3
f 1316//4 1447//4 1299//4
f 1299//4 1447//4 1448//4
f 1449//4 1299//4 1448//4
f 1449//4 1450//4 1299//4
f 1299//4 1450//4 1451//4
f 1452//4 1299//4 1451//4
f 1452//4 1453//4 1299//4
f 1299//4 1453//4 1454//4
f 1455//4 1299//4 1454//4
f 1455//4 1456//4 1299//4
f 1299//4 1456//4 1457//4
f 1458//4 1299//4 1457//4
f 1458//4 1459//4 1299//4
f 1299//4 1459//4 1460//4
f 1461//4 1299//4 1460//4
f 1461//4 1462//4 1299//4
f 1299//4 1462//4 1463//4
f 1383//4 1463//4 1464//4
f 1465//4 1383//4 1464//4
f 1465//4 1466//4 1383//4
f 1383//4 1466//4 1467//4
f 1468//4 1383//4 1467//4
f 1468//4 1469//4 1383//4
f 1383//4 1469//4 1470//4
f 1471//4 1383//4 1470//4
f 1471//4 1472//4 1383//4
f 1383//4 1472//4 1473//4
f 1474//4 1383//4 1473//4
f 1474//4 1475//4 1383//4
f 1383//4 1475//4 1476//4
f 1477//4 1383//4 1476//4
f 1477//4 1213//4 1383//4
f 1477//4 1478//4 1213//4
f 1213//4 1478//4 1479//4
f 1480//4 1213//4 1479//4
f 1480//4 1481//4 1213//4
f 1213//4 1481//4 1482//4
f 1483//4 1213//4 1482//4
f 1483//4 1484//4 1213//4
f 1213//4 1484//4 1485//4
f 1486//4 1213//4 1485//4
f 1486//4 1487//4 1213//4
f 1213//4 1487//4 1488//4
f 1489//4 1213//4 1488//4
f 1489//4 1490//4 1213//4
f 1213//4 1490//4 1491//4
f 1492//4 1213//4 1491//4
f 1492//4 1493//4 1213//4
f 1213//4 1493//4 1494//4
f 1495//4 1213//4 1494//4
f 1495//4 1211//4 1213//4
f 1383//4 1299//4 1463//4
f 1496//5 1317//5 1497//5
f 1496//5 1498//5 1317//5
f 1317//5 1498//5 1499//5
f 1500//5 1317//5 1499//5
f 1500//7 1501//7 1317//7
f 1317//5 1501//5 1502//5
f 1503//5 1317//5 1502//5
f 1503//5 1504//5 1317//5
f 1317//5 1504//5 1505//5
f 1506//7 1317//7 1505//7
f 1506//6 1507//6 1317//6
f 1317//5 1507//5 1508//5
f 1509//5 1317//5 1508//5
f 1509//5 1510//5 1317//5
f 1317//5 1510//5 1511//5
f 1512//5 1317//5 1511//5
f 1512//5 1513//5 1317//5
f 1317//5 1513//5 1514//5
f 1515//6 1317//6 1514//6
f 1515//7 1516//7 1317//7
f 1317//5 1516//5 1517//5
f 1518//5 1317//5 1517//5
f 1518//5 1519//5 1317//5
f 1317//5 1519//5 1520//5
f 1521//5 1317//5 1520//5
f 1521//5 1522//5 1317//5
f 1317//5 1522//5 1523//5
f 1524//5 1317//5 1523//5
f 1524//5 1525//5 1317//5
f 1317//5 1525//5 1526//5
f 1527//5 1317//5 1526//5
f 1527//5 1528//5 1317//5
f 1317//5 1528//5 1383//5
f 1383//6 1528//6 1529//6
f 1530//5 1383//5 1529//5
f 1530//5 1531//5 1383//5
f 1383//5 1531//5 1532//5
f 1533//7 1383//7 1532//7
f 1533//5 1534//5 1383//5
f 1383//5 1534//5 1535//5
f 1536//5 1383//5 1535//5
f 1536//5 1537//5 1383//5
f 1383//5 1537//5 1538//5
f 1539//5 1383//5 1538//5
f 1539//7 1540//7 1383//7
f 1383//5 1540//5 1541//5
f 1542//6 1383//6 1541//6
f 1542//5 1543//5 1383//5
f 1383//5 1543//5 1544//5
f 1545//5 1383//5 1544//5
f 1545//5 1546//5 1383//5
f 1383//5 1546//5 1547//5
f 1548//5 1383//5 1547//5
f 1548//5 1549//5 1383//5
f 1383//6 1549//6 1550//6
f 1551//5 1383//5 1550//5
f 1551//5 1552//5 1383//5
f 1383//5 1552//5 1553//5
f 1554//5 1383//5 1553//5
f 1554//6 1555//6 1383//6
f 1383//7 1555//7 1556//7
f 1557//5 1383//5 1556//5
f 1557//5 1558//5 1383//5
f 1383//5 1558//5 1559//5
f 1560//5 1383//5 1559//5
f 1560//5 1299//5 1383//5
f 1560//5 1561//5 1299//5
f 1299//5 1561//5 1562//5
f 1563//5 1299//5 1562//5
f 1563//5 1564//5 1299//5
f 1299//6 1564//6 1565//6
f 1566//7 1299//7 1565//7
f 1566//5 1567//5 1299//5
f 1299//5 1567//5 1568//5
f 1569//5 1299//5 1568//5
f 1569//5 1570//5 1299//5
f 1299//7 1570//7 1571//7
f 1572//5 1299//5 1571//5
f 1572//5 1573//5 1299//5
f 1299//5 1573//5 1574//5
f 1575//5 1299//5 1574//5
f 1575//5 1576//5 1299//5
f 1299//5 1576//5 1577//5
f 1578//5 1299//5 1577//5
f 1578//7 1579//7 1299//7
f 1299//5 1579//5 1580//5
f 1581//6 1299//6 1580//6
f 1581//5 1582//5 1299//5
f 1299//5 1582//5 1583//5
f 1584//5 1299//5 1583//5
f 1584//5 1585//5 1299//5
f 1299//5 1585//5 1586//5
f 1587//5 1299//5 1586//5
f 1587//6 1588//6 1299//6
f 1299//5 1588//5 1589//5
f 1590//5 1299//5 1589//5
f 1590//5 1591//5 1299//5
f 1299//7 1591//7 1592//7
f 1284//7 1592//7 1593//7
f 1594//5 1284//5 1593//5
f 1594//5 1595//5 1284//5
f 1284//5 1595//5 1596//5
f 1597//6 1284//6 1596//6
f 1597//5 1598//5 1284//5
f 1284//5 1598//5 1599//5
f 1600//5 1284//5 1599//5
f 1600//5 1601//5 1284//5
f 1284//5 1601//5 1602//5
f 1603//5 1284//5 1602//5
f 1603//6 1604//6 1284//6
f 1284//5 1604//5 1605//5
f 1606//7 1284//7 1605//7
f 1606//5 1607//5 1284//5
f 1284//5 1607//5 1608//5
f 1609//5 1284//5 1608//5
f 1609//5 1610//5 1284//5
f 1284//5 1610//5 1611//5
f 1612//5 1284//5 1611//5
f 1612//5 1613//5 1284//5
f 1284//7 1613//7 1614//7
f 1615//5 1284//5 1614//5
f 1615//5 1616//5 1284//5
f 1284//5 1616//5 1617//5
f 1618//5 1284//5 1617//5
f 1618//7 1619//7 1284//7
f 1284//6 1619//6 1620//6
f 1621//5 1284//5 1620//5
f 1621//5 1622//5 1284//5
f 1284//5 1622//5 1623//5
f 1497//5 1284//5 1623//5
f 1497//5 1317//5 1284//5
f 1284//5 1299//5 1592//5
f 904//211 1624//211 777//211
f 904//212 1625//212 1624//212
f 904//212 903//212 1625//212
f 1625//213 903//213 1626//213
f 1626//213 903//213 902//213
f 1627//214 902//214 901//214
f 1628//215 901//215 900//215
f 1629//216 900//216 899//216
f 1630//217 899//217 898//217
f 1631//218 898//218 897//218
f 1632//219 897//219 896//219
f 1633//220 896//220 895//220
f 1634//221 895//221 894//221
f 1635//222 894//222 893//222
f 1636//223 893//223 892//223
f 1637//224 892//224 891//224
f 1638//225 891//225 890//225
f 1639//226 890//226 889//226
f 1640//227 889//227 888//227
f 1641//228 888//228 887//228
f 1642//229 887//229 886//229
f 1643//230 886//230 885//230
f 1644//231 885//231 884//231
f 1645//232 884//232 883//232
f 1646//233 883//233 882//233
f 1647//234 882//234 881//234
f 1648//235 881//235 880//235
f 1649//236 880//236 879//236
f 1650//237 879//237 878//237
f 1651//238 878//238 877//238
f 1652//239 877//239 876//239
f 1653//240 876//240 875//240
f 1654//241 875//241 874//241
f 1655//242 874//242 873//242
f 1656//243 873//243 872//243
f 1657//244 872//244 871//244
f 1658//245 871//245 870//245
f 1659//246 870//246 869//246
f 1660//247 869//247 868//247
f 1661//248 868//248 867//248
f 1662//249 867//249 866//249
f 1663//250 866//250 865//250
f 1664//251 865//251 864//251
f 1665//252 864//252 863//252
f 1666//253 863//253 862//253
f 1667//254 862//254 861//254
f 1668//255 861//255 860//255
f 1669//256 860//256 859//256
f 1670//257 859//257 858//257
f 1671//258 858//258 857//258
f 1672//259 857//259 856//259
f 1673//260 856//260 855//260
f 1674//261 855//261 854//261
f 1675//262 854//262 853//262
f 1676//263 853//263 852//263
f 1677//264 852//264 851//264
f 1678//265 851//265 850//265
f 1679//266 850//266 849//266
f 1680//267 849//267 848//267
f 1681//268 848//268 847//268
f 1682//269 847//269 846//269
f 1683//270 846//270 845//270
f 1684//271 845//271 844//271
f 1685//272 844//272 843//272
f 1686//273 843//273 842//273
f 1687//274 842//274 840//274
f 1688//147 840//147 839//147
f 1689//148 839//148 838//148
f 1690//149 838//149 837//149
f 1691//150 837//150 836//150
f 1692//151 836//151 835//151
f 1693//152 835//152 834//152
f 1694//153 834//153 833//153
f 1695//154 833//154 832//154
f 1696//155 832//155 831//155
f 1697//156 831//156 830//156
f 1698//157 830//157 829//157
f 1699//158 829//158 828//158
f 1700//159 828//159 827//159
f 1701//160 827//160 826//160
f 1702//161 826//161 825//161
f 1703//162 825//162 824//162
f 1704//163 824//163 823//163
f 1705//164 823//164 822//164
f 1706//165 822//165 821//165
f 1707//166 821//166 820//166
f 1708//167 820//167 819//167
f 1709//168 819//168 818//168
f 1710//169 818//169 817//169
f 1711//170 817//170 816//170
f 1712//171 816//171 815//171
f 1713//172 815//172 814//172
f 1714//173 814//173 813//173
f 1715//174 813//174 812//174
f 1716//175 812//175 811//175
f 1717//176 811//176 810//176
f 1718//177 810//177 809//177
f 1719//178 809//178 808//178
f 1720//179 808//179 807//179
f 1721//180 807//180 806//180
f 1722//181 806//181 805//181
f 1723//182 805//182 804//182
f 1724//183 804//183 803//183
f 1725//184 803//184 802//184
f 1726//185 802//185 801//185
f 1727//186 801//186 800//186
f 1728//187 800//187 799//187
f 1729//188 799//188 798//188
f 1730//189 798//189 797//189
f 1731//190 797//190 796//190
f 1732//191 796//191 795//191
f 1733//192 795//192 794//192
f 1734//193 794//193 793//193
f 1735//194 793//194 792//194
f 1736//195 792//195 791//195
f 1737//196 791//196 790//196
f 1738//197 790//197 789//197
f 1739//198 789//198 788//198
f 1740//199 788//199 787//199
f 1741//200 787//200 786//200
f 1742//201 786//201 785//201
f 1743//202 785//202 784//202
f 1744//203 784//203 783//203
f 1745//204 783//204 782//204
f 1746//205 782//205 781//205
f 1747//206 781//206 780//206
f 1748//207 780//207 779//207
f 1749//208 779//208 778//208
f 1750//209 778//209 776//209
f 1751//210 776//210 777//210
f 1624//211 1751//211 777//211
f 1751//210 1750//210 776//210
f 1750//209 1749//209 778//209
f 1749//208 1748//208 779//208
f 1748//207 1747//207 780//207
f 1747//206 1746//206 781//206
f 1746//205 1745//205 782//205
f 1745//204 1744//204 783//204
f 1744//203 1743//203 784//203
f 1743//303 1742//303 785//303
f 1742//304 1741//304 786//304
f 1741//200 1740//200 787//200
f 1740//199 1739//199 788//199
f 1739//305 1738//305 789//305
f 1738//197 1737//197 790//197
f 1737//196 1736//196 791//196
f 1736//306 1735//306 792//306
f 1735//194 1734//194 793//194
f 1734//193 1733//193 794//193
f 1733//192 1732//192 795//192
f 1732//191 1731//191 796//191
f 1731//307 1730//307 797//307
f 1730//308 1729//308 798//308
f 1729//188 1728//188 799//188
f 1728//309 1727//309 800//309
f 1727//310 1726//310 801//310
f 1726//311 1725//311 802//311
f 1725//312 1724//312 803//312
f 1724//313 1723//313 804//313
f 1723//314 1722//314 805//314
f 1722//315 1721//315 806//315
f 1721//316 1720//316 807//316
f 1720//179 1719//179 808//179
f 1719//178 1718//178 809//178
f 1718//317 1717//317 810//317
f 1717//318 1716//318 811//318
f 1716//319 1715//319 812//319
f 1715//320 1714//320 813//320
f 1714//321 1713//321 814//321
f 1713//322 1712//322 815//322
f 1712//323 1711//323 816//323
f 1711//324 1710//324 817//324
f 1710//169 1709//169 818//169
f 1709//325 1708//325 819//325
f 1708//326 1707//326 820//326
f 1707//166 1706//166 821//166
f 1706//165 1705//165 822//165
f 1705//164 1704//164 823//164
f 1704//163 1703//163 824//163
f 1703//327 1702//327 825//327
f 1702//161 1701//161 826//161
f 1701//160 1700//160 827//160
f 1700//328 1699//328 828//328
f 1699//158 1698//158 829//158
f 1698//157 1697//157 830//157
f 1697//329 1696//329 831//329
f 1696//330 1695//330 832//330
f 1695//154 1694//154 833//154
f 1694//153 1693//153 834//153
f 1693//152 1692//152 835//152
f 1692//151 1691//151 836//151
f 1691//150 1690//150 837//150
f 1690//149 1689//149 838//149
f 1689//148 1688//148 839//148
f 1688//147 1687//147 840//147
f 1687//274 1686//274 842//274
f 1686//273 1685//273 843//273
f 1685//272 1684//272 844//272
f 1684//271 1683//271 845//271
f 1683//270 1682//270 846//270
f 1682//269 1681//269 847//269
f 1681//268 1680//268 848//268
f 1680//267 1679//267 849//267
f 1679//275 1678//275 850//275
f 1678//276 1677//276 851//276
f 1677//264 1676//264 852//264
f 1676//263 1675//263 853//263
f 1675//277 1674//277 854//277
f 1674//261 1673//261 855//261
f 1673//260 1672//260 856//260
f 1672//278 1671//278 857//278
f 1671//258 1670//258 858//258
f 1670//257 1669//257 859//257
f 1669//256 1668//256 860//256
f 1668//255 1667//255 861//255
f 1667//279 1666//279 862//279
f 1666//280 1665//280 863//280
f 1665//252 1664//252 864//252
f 1664//281 1663//281 865//281
f 1663//282 1662//282 866//282
f 1662//283 1661//283 867//283
f 1661//284 1660//284 868//284
f 1660//285 1659//285 869//285
f 1659//286 1658//286 870//286
f 1658//287 1657//287 871//287
f 1657//288 1656//288 872//288
f 1656//243 1655//243 873//243
f 1655//242 1654//242 874//242
f 1654//289 1653//289 875//289
f 1653//290 1652//290 876//290
f 1652//291 1651//291 877//291
f 1651//292 1650//292 878//292
f 1650//293 1649//293 879//293
f 1649//294 1648//294 880//294
f 1648//295 1647//295 881//295
f 1647//296 1646//296 882//296
f 1646//233 1645//233 883//233
f 1645//297 1644//297 884//297
f 1644//298 1643//298 885//298
f 1643//230 1642//230 886//230
f 1642//229 1641//229 887//229
f 1641//228 1640//228 888//228
f 1640//227 1639//227 889//227
f 1639//299 1638//299 890//299
f 1638//225 1637//225 891//225
f 1637//224 1636//224 892//224
f 1636//300 1635//300 893//300
f 1635//222 1634//222 894//222
f 1634//221 1633//221 895//221
f 1633//301 1632//301 896//301
f 1632//302 1631//302 897//302
f 1631//218 1630//218 898//218
f 1630//217 1629//217 899//217
f 1629//216 1628//216 900//216
f 1628//215 1627//215 901//215
f 1627//214 1626//214 902//214
f 1446//75 1752//75 1319//75
f 1446//76 1753//76 1752//76
f 1446//76 1445//76 1753//76
f 1753//77 1445//77 1754//77
f 1754//77 1445//77 1444//77
f 1755//78 1444//78 1443//78
f 1756//79 1443//79 1442//79
f 1757//80 1442//80 1441//80
f 1758//81 1441//81 1440//81
f 1759//82 1440//82 1439//82
f 1760//83 1439//83 1438//83
f 1761//84 1438//84 1437//84
f 1762//85 1437//85 1436//85
f 1763//86 1436//86 1435//86
f 1764//87 1435//87 1434//87
f 1765//88 1434//88 1433//88
f 1766//89 1433//89 1432//89
f 1767//90 1432//90 1431//90
f 1768//91 1431//91 1430//91
f 1769//92 1430//92 1429//92
f 1770//93 1429//93 1428//93
f 1771//94 1428//94 1427//94
f 1772//95 1427//95 1426//95
f 1773//96 1426//96 1425//96
f 1774//97 1425//97 1424//97
f 1775//98 1424//98 1423//98
f 1776//99 1423//99 1422//99
f 1777//100 1422//100 1421//100
f 1778//101 1421//101 1420//101
f 1779//102 1420//102 1419//102
f 1780//103 1419//103 1418//103
f 1781//104 1418//104 1417//104
f 1782//105 1417//105 1416//105
f 1783//106 1416//106 1415//106
f 1784//107 1415//107 1414//107
f 1785//108 1414//108 1413//108
f 1786//109 1413//109 1412//109
f 1787//110 1412//110 1411//110
f 1788//111 1411//111 1410//111
f 1789//112 1410//112 1409//112
f 1790//113 1409//113 1408//113
f 1791//114 1408//114 1407//114
f 1792//115 1407//115 1406//115
f 1793//116 1406//116 1405//116
f 1794//117 1405//117 1404//117
f 1795//118 1404//118 1403//118
f 1796//119 1403//119 1402//119
f 1797//120 1402//120 1401//120
f 1798//141 1401//141 1400//141
f 1799//331 1400//331 1399//331
f 1800//123 1399//123 1398//123
f 1801//124 1398//124 1397//124
f 1802//125 1397//125 1396//125
f 1803//126 1396//126 1395//126
f 1804//127 1395//127 1394//127
f 1805//128 1394//128 1393//128
f 1806//129 1393//129 1392//129
f 1807//130 1392//130 1391//130
f 1808//131 1391//131 1390//131
f 1809//132 1390//132 1389//132
f 1810//133 1389//133 1388//133
f 1811//134 1388//134 1387//134
f 1812//332 1387//332 1386//332
f 1813//136 1386//136 1385//136
f 1814//137 1385//137 1384//137
f 1815//140 1384//140 1382//140
f 1816//11 1382//11 1381//11
f 1817//12 1381//12 1380//12
f 1818//13 1380//13 1379//13
f 1819//14 1379//14 1378//14
f 1820//15 1378//15 1377//15
f 1821//16 1377//16 1376//16
f 1822//17 1376//17 1375//17
f 1823//18 1375//18 1374//18
f 1824//19 1374//19 1373//19
f 1825//20 1373//20 1372//20
f 1826//21 1372//21 1371//21
f 1827//22 1371//22 1370//22
f 1828//23 1370//23 1369//23
f 1829//24 1369//24 1368//24
f 1830//25 1368//25 1367//25
f 1831//26 1367//26 1366//26
f 1832//27 1366//27 1365//27
f 1833//28 1365//28 1364//28
f 1834//29 1364//29 1363//29
f 1835//30 1363//30 1362//30
f 1836//31 1362//31 1361//31
f 1837//32 1361//32 1360//32
f 1838//33 1360//33 1359//33
f 1839//34 1359//34 1358//34
f 1840//35 1358//35 1357//35
f 1841//36 1357//36 1356//36
f 1842//37 1356//37 1355//37
f 1843//38 1355//38 1354//38
f 1844//39 1354//39 1353//39
f 1845//40 1353//40 1352//40
f 1846//41 1352//41 1351//41
f 1847//42 1351//42 1350//42
f 1848//43 1350//43 1349//43
f 1849//44 1349//44 1348//44
f 1850//45 1348//45 1347//45
f 1851//46 1347//46 1346//46
f 1852//47 1346//47 1345//47
f 1853//48 1345//48 1344//48
f 1854//49 1344//49 1343//49
f 1855//50 1343//50 1342//50
f 1856//51 1342//51 1341//51
f 1857//52 1341//52 1340//52
f 1858//53 1340//53 1339//53
f 1859//54 1339//54 1338//54
f 1860//55 1338//55 1337//55
f 1861//56 1337//56 1336//56
f 1862//333 1336//333 1335//333
f 1863//145 1335//145 1334//145
f 1864//59 1334//59 1333//59
f 1865//60 1333//60 1332//60
f 1866//61 1332//61 1331//61
f 1867//62 1331//62 1330//62
f 1868//63 1330//63 1329//63
f 1869//64 1329//64 1328//64
f 1870//65 1328//65 1327//65
f 1871//66 1327//66 1326//66
f 1872//67 1326//67 1325//67
f 1873//68 1325//68 1324//68
f 1874//69 1324//69 1323//69
f 1875//70 1323//70 1322//70
f 1876//144 1322//144 1321//144
f 1877//72 1321//72 1320//72
f 1878//73 1320//73 1318//73
f 1879//334 1318//334 1319//334
f 1752//335 1879//335 1319//335
f 1879//74 1878//74 1318//74
f 1878//73 1877//73 1320//73
f 1877//72 1876//72 1321//72
f 1876//144 1875//144 1322//144
f 1875//70 1874//70 1323//70
f 1874//69 1873//69 1324//69
f 1873//68 1872//68 1325//68
f 1872//67 1871//67 1326//67
f 1871//66 1870//66 1327//66
f 1870//65 1869//65 1328//65
f 1869//64 1868//64 1329//64
f 1868//63 1867//63 1330//63
f 1867//62 1866//62 1331//62
f 1866//61 1865//61 1332//61
f 1865//60 1864//60 1333//60
f 1864//59 1863//59 1334//59
f 1863//145 1862//145 1335//145
f 1862//57 1861//57 1336//57
f 1861//56 1860//56 1337//56
f 1860//55 1859//55 1338//55
f 1859//54 1858//54 1339//54
f 1858//53 1857//53 1340//53
f 1857//52 1856//52 1341//52
f 1856//51 1855//51 1342//51
f 1855//50 1854//50 1343//50
f 1854//49 1853//49 1344//49
f 1853//48 1852//48 1345//48
f 1852//47 1851//47 1346//47
f 1851//46 1850//46 1347//46
f 1850//45 1849//45 1348//45
f 1849//44 1848//44 1349//44
f 1848//43 1847//43 1350//43
f 1847//42 1846//42 1351//42
f 1846//41 1845//41 1352//41
f 1845//40 1844//40 1353//40
f 1844//39 1843//39 1354//39
f 1843//38 1842//38 1355//38
f 1842//37 1841//37 1356//37
f 1841//36 1840//36 1357//36
f 1840//35 1839//35 1358//35
f 1839//34 1838//34 1359//34
f 1838//33 1837//33 1360//33
f 1837//32 1836//32 1361//32
f 1836//31 1835//31 1362//31
f 1835//30 1834//30 1363//30
f 1834//29 1833//29 1364//29
f 1833//28 1832//28 1365//28
f 1832//336 1831//336 1366//336
f 1831//26 1830//26 1367//26
f 1830//25 1829//25 1368//25
f 1829//24 1828//24 1369//24
f 1828//23 1827//23 1370//23
f 1827//22 1826//22 1371//22
f 1826//21 1825//21 1372//21
f 1825//20 1824//20 1373//20
f 1824//19 1823//19 1374//19
f 1823//18 1822//18 1375//18
f 1822//17 1821//17 1376//17
f 1821//16 1820//16 1377//16
f 1820//15 1819//15 1378//15
f 1819//337 1818//337 1379//337
f 1818//13 1817//13 1380//13
f 1817//12 1816//12 1381//12
f 1816//11 1815//11 1382//11
f 1815//140 1814//140 1384//140
f 1814//137 1813//137 1385//137
f 1813//136 1812//136 1386//136
f 1812//135 1811//135 1387//135
f 1811//134 1810//134 1388//134
f 1810//133 1809//133 1389//133
f 1809//132 1808//132 1390//132
f 1808//131 1807//131 1391//131
f 1807//130 1806//130 1392//130
f 1806//129 1805//129 1393//129
f 1805//128 1804//128 1394//128
f 1804//127 1803//127 1395//127
f 1803//126 1802//126 1396//126
f 1802//125 1801//125 1397//125
f 1801//124 1800//124 1398//124
f 1800//123 1799//123 1399//123
f 1799//122 1798//122 1400//122
f 1798//141 1797//141 1401//141
f 1797//120 1796//120 1402//120
f 1796//119 1795//119 1403//119
f 1795//118 1794//118 1404//118
f 1794//117 1793//117 1405//117
f 1793//116 1792//116 1406//116
f 1792//115 1791//115 1407//115
f 1791//114 1790//114 1408//114
f 1790//113 1789//113 1409//113
f 1789//112 1788//112 1410//112
f 1788//111 1787//111 1411//111
f 1787//110 1786//110 1412//110
f 1786//109 1785//109 1413//109
f 1785//108 1784//108 1414//108
f 1784//107 1783//107 1415//107
f 1783//106 1782//106 1416//106
f 1782//105 1781//105 1417//105
f 1781//104 1780//104 1418//104
f 1780//103 1779//103 1419//103
f 1779//102 1778//102 1420//102
f 1778//101 1777//101 1421//101
f 1777//100 1776//100 1422//100
f 1776//99 1775//99 1423//99
f 1775//98 1774//98 1424//98
f 1774//97 1773//97 1425//97
f 1773//96 1772//96 1426//96
f 1772//95 1771//95 1427//95
f 1771//94 1770//94 1428//94
f 1770//93 1769//93 1429//93
f 1769//338 1768//338 1430//338
f 1768//91 1767//91 1431//91
f 1767//90 1766//90 1432//90
f 1766//89 1765//89 1433//89
f 1765//88 1764//88 1434//88
f 1764//87 1763//87 1435//87
f 1763//86 1762//86 1436//86
f 1762//85 1761//85 1437//85
f 1761//84 1760//84 1438//84
f 1760//83 1759//83 1439//83
f 1759//82 1758//82 1440//82
f 1758//81 1757//81 1441//81
f 1757//80 1756//80 1442//80
f 1756//79 1755//79 1443//79
f 1755//78 1754//78 1444//78
f 1880//4 1881//4 1882//4
f 1882//4 1881//4 1883//4
f 1884//4 1882//4 1883//4
f 1884//4 1885//4 1882//4
f 1882//4 1885//4 1886//4
f 1887//4 1882//4 1886//4
f 1887//4 1888//4 1882//4
f 1882//4 1888//4 1889//4
f 1890//4 1882//4 1889//4
f 1890//4 1891//4 1882//4
f 1882//4 1891//4 1892//4
f 1893//4 1882//4 1892//4
f 1893//4 1894//4 1882//4
f 1882//4 1894//4 1895//4
f 1896//4 1882//4 1895//4
f 1896//4 1897//4 1882//4
f 1882//4 1897//4 1898//4
f 1899//4 1882//4 1898//4
f 1899//4 1900//4 1882//4
f 1882//4 1900//4 1901//4
f 1901//4 1900//4 1902//4
f 1903//4 1901//4 1902//4
f 1903//4 1904//4 1901//4
f 1901//4 1904//4 1905//4
f 1906//4 1901//4 1905//4
f 1906//4 1907//4 1901//4
f 1901//4 1907//4 1908//4
f 1909//4 1901//4 1908//4
f 1909//4 1910//4 1901//4
f 1901//4 1910//4 1911//4
f 1912//4 1901//4 1911//4
f 1912//4 1913//4 1901//4
f 1901//4 1913//4 1914//4
f 1915//4 1901//4 1914//4
f 1915//4 1916//4 1901//4
f 1915//4 1917//4 1916//4
f 1916//4 1917//4 1918//4
f 1919//4 1916//4 1918//4
f 1919//4 1920//4 1916//4
f 1916//4 1920//4 1921//4
f 1922//4 1916//4 1921//4
f 1922//4 1923//4 1916//4
f 1916//4 1923//4 1924//4
f 1925//4 1916//4 1924//4
f 1925//4 1926//4 1916//4
f 1916//4 1926//4 1927//4
f 1928//4 1916//4 1927//4
f 1928//4 1929//4 1916//4
f 1916//4 1929//4 1930//4
f 1931//4 1916//4 1930//4
f 1931//4 1932//4 1916//4
f 1916//4 1932//4 1933//4
f 1933//3 1934//3 1916//3
f 1916//3 1934//3 1935//3
f 1936//3 1916//3 1935//3
f 1936//3 1937//3 1916//3
f 1916//3 1937//3 1938//3
f 1939//3 1916//3 1938//3
f 1939//3 1940//3 1916//3
f 1916//3 1940//3 1941//3
f 1942//3 1916//3 1941//3
f 1942//3 1943//3 1916//3
f 1916//3 1943//3 1944//3
f 1945//3 1916//3 1944//3
f 1945//3 1946//3 1916//3
f 1916//3 1946//3 1947//3
f 1948//3 1916//3 1947//3
f 1948//3 1949//3 1916//3
f 1916//3 1949//3 1950//3
f 1951//3 1950//3 1952//3
f 1953//3 1951//3 1952//3
f 1953//3 1954//3 1951//3
f 1951//3 1954//3 1955//3
f 1956//3 1951//3 1955//3
f 1956//3 1957//3 1951//3
f 1951//3 1957//3 1958//3
f 1959//3 1951//3 1958//3
f 1959//3 1960//3 1951//3
f 1951//3 1960//3 1961//3
f 1962//3 1951//3 1961//3
f 1962//3 1963//3 1951//3
f 1951//3 1963//3 1964//3
f 1965//3 1951//3 1964//3
f 1965//3 1966//3 1951//3
f 1965//3 1967//3 1966//3
f 1966//3 1967//3 1968//3
f 1969//3 1966//3 1968//3
f 1969//3 1970//3 1966//3
f 1966//3 1970//3 1971//3
f 1972//3 1966//3 1971//3
f 1972//3 1973//3 1966//3
f 1966//3 1973//3 1974//3
f 1975//3 1966//3 1974//3
f 1975//3 1976//3 1966//3
f 1966//3 1976//3 1977//3
f 1978//3 1966//3 1977//3
f 1978//3 1979//3 1966//3
f 1966//3 1979//3 1980//3
f 1981//3 1966//3 1980//3
f 1981//3 1982//3 1966//3
f 1966//3 1982//3 1983//3
f 1984//3 1966//3 1983//3
f 1984//3 1985//3 1966//3
f 1951//3 1916//3 1950//3
f 1752//2 1986//2 1879//2
f 1752//2 1753//2 1986//2
f 1986//2 1753//2 1754//2
f 1755//2 1986//2 1754//2
f 1755//2 1756//2 1986//2
f 1986//2 1756//2 1757//2
f 1758//2 1986//2 1757//2
f 1758//2 1759//2 1986//2
f 1986//2 1759//2 1760//2
f 1761//2 1986//2 1760//2
f 1761//2 1762//2 1986//2
f 1986//2 1762//2 1763//2
f 1764//2 1986//2 1763//2
f 1764//2 1765//2 1986//2
f 1986//2 1765//2 1766//2
f 1767//2 1986//2 1766//2
f 1767//2 1768//2 1986//2
f 1986//2 1768//2 1769//2
f 1770//2 1986//2 1769//2
f 1770//2 1771//2 1986//2
f 1986//2 1771//2 1772//2
f 1773//2 1986//2 1772//2
f 1773//2 1774//2 1986//2
f 1986//2 1774//2 1775//2
f 1776//2 1986//2 1775//2
f 1776//2 1777//2 1986//2
f 1986//2 1777//2 1778//2
f 1779//2 1986//2 1778//2
f 1779//2 1780//2 1986//2
f 1986//2 1780//2 1781//2
f 1782//2 1986//2 1781//2
f 1782//2 1783//2 1986//2
f 1986//2 1783//2 1901//2
f 1901//2 1783//2 1784//2
f 1785//2 1901//2 1784//2
f 1785//2 1786//2 1901//2
f 1901//2 1786//2 1787//2
f 1788//2 1901//2 1787//2
f 1788//2 1789//2 1901//2
f 1901//2 1789//2 1790//2
f 1791//2 1901//2 1790//2
f 1791//2 1792//2 1901//2
f 1901//2 1792//2 1793//2
f 1794//2 1901//2 1793//2
f 1794//2 1795//2 1901//2
f 1901//2 1795//2 1796//2
f 1797//2 1901//2 1796//2
f 1797//2 1798//2 1901//2
f 1901//2 1798//2 1799//2
f 1800//2 1901//2 1799//2
f 1800//2 1801//2 1901//2
f 1901//2 1801//2 1802//2
f 1803//2 1901//2 1802//2
f 1803//2 1804//2 1901//2
f 1901//2 1804//2 1805//2
f 1806//2 1901//2 1805//2
f 1806//2 1807//2 1901//2
f 1901//2 1807//2 1808//2
f 1809//2 1901//2 1808//2
f 1809//2 1810//2 1901//2
f 1901//2 1810//2 1811//2
f 1812//2 1901//2 1811//2
f 1812//2 1813//2 1901//2
f 1901//2 1813//2 1814//2
f 1815//2 1901//2 1814//2
f 1815//2 1882//2 1901//2
f 1815//2 1816//2 1882//2
f 1882//2 1816//2 1817//2
f 1818//2 1882//2 1817//2
f 1818//2 1819//2 1882//2
f 1882//2 1819//2 1820//2
f 1821//2 1882//2 1820//2
f 1821//2 1822//2 1882//2
f 1882//2 1822//2 1823//2
f 1824//2 1882//2 1823//2
f 1824//2 1825//2 1882//2
f 1882//2 1825//2 1826//2
f 1827//2 1882//2 1826//2
f 1827//2 1828//2 1882//2
f 1882//2 1828//2 1829//2
f 1830//2 1882//2 1829//2
f 1830//2 1831//2 1882//2
f 1882//2 1831//2 1832//2
f 1833//2 1882//2 1832//2
f 1833//2 1834//2 1882//2
f 1882//2 1834//2 1835//2
f 1836//2 1882//2 1835//2
f 1836//2 1837//2 1882//2
f 1882//2 1837//2 1838//2
f 1839//2 1882//2 1838//2
f 1839//2 1840//2 1882//2
f 1882//2 1840//2 1841//2
f 1842//2 1882//2 1841//2
f 1842//2 1843//2 1882//2
f 1882//2 1843//2 1844//2
f 1845//2 1882//2 1844//2
f 1845//2 1846//2 1882//2
f 1882//2 1846//2 1847//2
f 1987//2 1847//2 1848//2
f 1849//2 1987//2 1848//2
f 1849//2 1850//2 1987//2
f 1987//2 1850//2 1851//2
f 1852//2 1987//2 1851//2
f 1852//2 1853//2 1987//2
f 1987//2 1853//2 1854//2
f 1855//2 1987//2 1854//2
f 1855//2 1856//2 1987//2
f 1987//2 1856//2 1857//2
f 1858//2 1987//2 1857//2
f 1858//2 1859//2 1987//2
f 1987//2 1859//2 1860//2
f 1861//2 1987//2 1860//2
f 1861//2 1862//2 1987//2
f 1987//2 1862//2 1863//2
f 1864//2 1987//2 1863//2
f 1864//2 1865//2 1987//2
f 1987//2 1865//2 1866//2
f 1867//2 1987//2 1866//2
f 1867//2 1868//2 1987//2
f 1987//2 1868//2 1869//2
f 1870//2 1987//2 1869//2
f 1870//2 1871//2 1987//2
f 1987//2 1871//2 1872//2
f 1873//2 1987//2 1872//2
f 1873//2 1874//2 1987//2
f 1987//2 1874//2 1875//2
f 1876//2 1987//2 1875//2
f 1876//2 1877//2 1987//2
f 1987//2 1877//2 1878//2
f 1879//2 1987//2 1878//2
f 1879//2 1986//2 1987//2
f 1987//2 1882//2 1847//2
f 1624//1 1951//1 1751//1
f 1624//1 1625//1 1951//1
f 1951//1 1625//1 1626//1
f 1627//1 1951//1 1626//1
f 1627//1 1628//1 1951//1
f 1951//1 1628//1 1629//1
f 1630//1 1951//1 1629//1
f 1630//1 1631//1 1951//1
f 1951//1 1631//1 1632//1
f 1633//1 1951//1 1632//1
f 1633//1 1634//1 1951//1
f 1951//1 1634//1 1635//1
f 1636//1 1951//1 1635//1
f 1636//1 1637//1 1951//1
f 1951//1 1637//1 1638//1
f 1639//1 1951//1 1638//1
f 1639//1 1640//1 1951//1
f 1951//1 1640//1 1641//1
f 1642//1 1951//1 1641//1
f 1642//1 1643//1 1951//1
f 1951//1 1643//1 1644//1
f 1645//1 1951//1 1644//1
f 1645//1 1646//1 1951//1
f 1951//1 1646//1 1647//1
f 1648//1 1951//1 1647//1
f 1648//1 1649//1 1951//1
f 1951//1 1649//1 1650//1
f 1651//1 1951//1 1650//1
f 1651//1 1652//1 1951//1
f 1951//1 1652//1 1653//1
f 1654//1 1951//1 1653//1
f 1654//1 1655//1 1951//1
f 1951//1 1655//1 1986//1
f 1986//1 1655//1 1656//1
f 1657//1 1986//1 1656//1
f 1657//1 1658//1 1986//1
f 1986//1 1658//1 1659//1
f 1660//1 1986//1 1659//1
f 1660//1 1661//1 1986//1
f 1986//1 1661//1 1662//1
f 1663//1 1986//1 1662//1
f 1663//1 1664//1 1986//1
f 1986//1 1664//1 1665//1
f 1666//1 1986//1 1665//1
f 1666//1 1667//1 1986//1
f 1986//1 1667//1 1668//1
f 1669//1 1986//1 1668//1
f 1669//1 1670//1 1986//1
f 1986//1 1670//1 1671//1
f 1672//1 1986//1 1671//1
f 1672//1 1673//1 1986//1
f 1986//1 1673//1 1674//1
f 1675//1 1986//1 1674//1
f 1675//1 1676//1 1986//1
f 1986//1 1676//1 1677//1
f 1678//1 1986//1 1677//1
f 1678//1 1679//1 1986//1
f 1986//1 1679//1 1680//1
f 1681//1 1986//1 1680//1
f 1681//1 1682//1 1986//1
f 1986//1 1682//1 1683//1
f 1684//1 1986//1 1683//1
f 1684//1 1685//1 1986//1
f 1986//1 1685//1 1686//1
f 1687//1 1986//1 1686//1
f 1687//1 1987//1 1986//1
f 1687//1 1688//1 1987//1
f 1987//1 1688//1 1689//1
f 1690//1 1987//1 1689//1
f 1690//1 1691//1 1987//1
f 1987//1 1691//1 1692//1
f 1693//1 1987//1 1692//1
f 1693//1 1694//1 1987//1
f 1987//1 1694//1 1695//1
f 1696//1 1987//1 1695//1
f 1696//1 1697//1 1987//1
f 1987//1 1697//1 1698//1
f 1699//1 1987//1 1698//1
f 1699//1 1700//1 1987//1
f 1987//1 1700//1 1701//1
f 1702//1 1987//1 1701//1
f 1702//1 1703//1 1987//1
f 1987//1 1703//1 1704//1
f 1705//1 1987//1 1704//1
f 1705//1 1706//1 1987//1
f 1987//1 1706//1 1707//1
f 1708//1 1987//1 1707//1
f 1708//1 1709//1 1987//1
f 1987//1 1709//1 1710//1
f 1711//1 1987//1 1710//1
f 1711//1 1712//1 1987//1
f 1987//1 1712//1 1713//1
f 1714//1 1987//1 1713//1
f 1714//1 1715//1 1987//1
f 1987//1 1715//1 1716//1
f 1717//1 1987//1 1716//1
f 1717//1 1718//1 1987//1
f 1987//1 1718//1 1719//1
f 1966//1 1719//1 1720//1
f 1721//1 1966//1 1720//1
f 1721//1 1722//1 1966//1
f 1966//1 1722//1 1723//1
f 1724//1 1966//1 1723//1
f 1724//1 1725//1 1966//1
f 1966//1 1725//1 1726//1
f 1727//1 1966//1 1726//1
f 1727//1 1728//1 1966//1
f 1966//1 1728//1 1729//1
f 1730//1 1966//1 1729//1
f 1730//1 1731//1 1966//1
f 1966//1 1731//1 1732//1
f 1733//1 1966//1 1732//1
f 1733//1 1734//1 1966//1
f 1966//1 1734//1 1735//1
f 1736//1 1966//1 1735//1
f 1736//1 1737//1 1966//1
f 1966//1 1737//1 1738//1
f 1739//1 1966//1 1738//1
f 1739//1 1740//1 1966//1
f 1966//1 1740//1 1741//1
f 1742//1 1966//1 1741//1
f 1742//1 1743//1 1966//1
f 1966//1 1743//1 1744//1
f 1745//1 1966//1 1744//1
f 1745//1 1746//1 1966//1
f 1966//1 1746//1 1747//1
f 1748//1 1966//1 1747//1
f 1748//1 1749//1 1966//1
f 1966//1 1749//1 1750//1
f 1751//1 1966//1 1750//1
f 1751//1 1951//1 1966//1
f 1966//1 1987//1 1719//1
f 1988//5 1951//5 1989//5
f 1988//5 1990//5 1951//5
f 1951//5 1990//5 1991//5
f 1992//5 1951//5 1991//5
f 1992//7 1993//7 1951//7
f 1951//5 1993//5 1994//5
f 1995//5 1951//5 1994//5
f 1995//5 1996//5 1951//5
f 1951//5 1996//5 1997//5
f 1998//7 1951//7 1997//7
f 1998//6 1999//6 1951//6
f 1951//5 1999//5 2000//5
f 2001//5 1951//5 2000//5
f 2001//5 2002//5 1951//5
f 1951//5 2002//5 2003//5
f 2004//5 1951//5 2003//5
f 2004//5 2005//5 1951//5
f 1951//5 2005//5 2006//5
f 2007//6 1951//6 2006//6
f 2007//7 2008//7 1951//7
f 1951//5 2008//5 2009//5
f 2010//5 1951//5 2009//5
f 2010//5 2011//5 1951//5
f 1951//5 2011//5 2012//5
f 2013//5 1951//5 2012//5
f 2013//5 2014//5 1951//5
f 1951//5 2014//5 2015//5
f 2016//5 1951//5 2015//5
f 2016//5 2017//5 1951//5
f 1951//5 2017//5 2018//5
f 2019//5 1951//5 2018//5
f 2019//5 2020//5 1951//5
f 1951//5 2020//5 1916//5
f 1916//6 2020//6 2021//6
f 2022//5 1916//5 2021//5
f 2022//5 2023//5 1916//5
f 1916//5 2023//5 2024//5
f 2025//7 1916//7 2024//7
f 2025//5 2026//5 1916//5
f 1916//5 2026//5 2027//5
f 2028//5 1916//5 2027//5
f 2028//5 2029//5 1916//5
f 1916//5 2029//5 2030//5
f 2031//5 1916//5 2030//5
f 2031//7 2032//7 1916//7
f 1916//5 2032//5 2033//5
f 2034//6 1916//6 2033//6
f 2034//5 2035//5 1916//5
f 1916//5 2035//5 2036//5
f 2037//5 1916//5 2036//5
f 2037//5 2038//5 1916//5
f 1916//5 2038//5 2039//5
f 2040//5 1916//5 2039//5
f 2040//5 2041//5 1916//5
f 1916//6 2041//6 2042//6
f 2043//5 1916//5 2042//5
f 2043//5 2044//5 1916//5
f 1916//5 2044//5 2045//5
f 2046//5 1916//5 2045//5
f 2046//6 2047//6 1916//6
f 1916//7 2047//7 2048//7
f 2049//5 1916//5 2048//5
f 2049//5 2050//5 1916//5
f 1916//5 2050//5 2051//5
f 2052//5 1916//5 2051//5
f 2052//5 1901//5 1916//5
f 2052//5 2053//5 1901//5
f 1901//5 2053//5 2054//5
f 2055//5 1901//5 2054//5
f 2055//5 2056//5 1901//5
f 1901//6 2056//6 2057//6
f 2058//7 1901//7 2057//7
f 2058//5 2059//5 1901//5
f 1901//5 2059//5 2060//5
f 2061//5 1901//5 2060//5
f 2061//5 2062//5 1901//5
f 1901//7 2062//7 2063//7
f 2064//5 1901//5 2063//5
f 2064//5 2065//5 1901//5
f 1901//5 2065//5 2066//5
f 2067//5 1901//5 2066//5
f 2067//5 2068//5 1901//5
f 1901//5 2068//5 2069//5
f 2070//5 1901//5 2069//5
f 2070//7 2071//7 1901//7
f 1901//5 2071//5 2072//5
f 2073//6 1901//6 2072//6
f 2073//5 2074//5 1901//5
f 1901//5 2074//5 2075//5
f 2076//5 1901//5 2075//5
f 2076//5 2077//5 1901//5
f 1901//5 2077//5 2078//5
f 2079//5 1901//5 2078//5
f 2079//6 2080//6 1901//6
f 1901//5 2080//5 2081//5
f 2082//5 1901//5 2081//5
f 2082//5 2083//5 1901//5
f 1901//7 2083//7 2084//7
f 1986//7 2084//7 2085//7
f 2086//5 1986//5 2085//5
f 2086//5 2087//5 1986//5
f 1986//5 2087//5 2088//5
f 2089//6 1986//6 2088//6
f 2089//5 2090//5 1986//5
f 1986//5 2090//5 2091//5
f 2092//5 1986//5 2091//5
f 2092//5 2093//5 1986//5
f 1986//5 2093//5 2094//5
f 2095//5 1986//5 2094//5
f 2095//6 2096//6 1986//6
f 1986//5 2096//5 2097//5
f 2098//7 1986//7 2097//7
f 2098//5 2099//5 1986//5
f 1986//5 2099//5 2100//5
f 2101//5 1986//5 2100//5
f 2101//5 2102//5 1986//5
f 1986//5 2102//5 2103//5
f 2104//5 1986//5 2103//5
f 2104//5 2105//5 1986//5
f 1986//7 2105//7 2106//7
f 2107//5 1986//5 2106//5
f 2107//5 2108//5 1986//5
f 1986//5 2108//5 2109//5
f 2110//5 1986//5 2109//5
f 2110//7 2111//7 1986//7
f 1986//6 2111//6 2112//6
f 2113//5 1986//5 2112//5
f 2113//5 2114//5 1986//5
f 1986//5 2114//5 2115//5
f 1989//5 1986//5 2115//5
f 1989//5 1951//5 1986//5
f 1986//5 1901//5 2084//5
f 1985//8 2116//8 1966//8
f 1966//8 2116//8 2117//8
f 2118//8 1966//8 2117//8
f 2118//8 2119//8 1966//8
f 1966//8 2119//8 2120//8
f 2121//8 1966//8 2120//8
f 2121//8 2122//8 1966//8
f 1966//8 2122//8 2123//8
f 2124//8 1966//8 2123//8
f 2124//8 2125//8 1966//8
f 1966//8 2125//8 2126//8
f 2127//8 1966//8 2126//8
f 2127//8 2128//8 1966//8
f 1966//8 2128//8 2129//8
f 2130//8 1966//8 2129//8
f 2130//8 2131//8 1966//8
f 1966//8 2131//8 2132//8
f 2133//8 1966//8 2132//8
f 2133//8 1987//8 1966//8
f 2133//8 2134//8 1987//8
f 1987//8 2134//8 2135//8
f 2136//8 1987//8 2135//8
f 2136//8 2137//8 1987//8
f 1987//9 2137//9 2138//9
f 2139//8 1987//8 2138//8
f 2139//10 2140//10 1987//10
f 1987//9 2140//9 2141//9
f 2142//8 1987//8 2141//8
f 2142//8 2143//8 1987//8
f 1987//10 2143//10 2144//10
f 2145//8 1987//8 2144//8
f 2145//8 2146//8 1987//8
f 1987//9 2146//9 2147//9
f 1882//8 2147//8 2148//8
f 2149//8 1882//8 2148//8
f 2149//8 2150//8 1882//8
f 1882//8 2150//8 2151//8
f 2152//8 1882//8 2151//8
f 2152//8 2153//8 1882//8
f 1882//8 2153//8 2154//8
f 2155//8 1882//8 2154//8
f 2155//8 2156//8 1882//8
f 1882//8 2156//8 2157//8
f 2158//8 1882//8 2157//8
f 2158//8 2159//8 1882//8
f 1882//8 2159//8 2160//8
f 2161//8 1882//8 2160//8
f 2161//8 2162//8 1882//8
f 1882//8 2162//8 2163//8
f 2164//8 1882//8 2163//8
f 2164//8 1880//8 1882//8
f 1882//8 1987//8 2147//8
f 492//339 2165//339 366//339
f 492//340 2166//340 2165//340
f 492//340 491//340 2166//340
f 2166//341 491//341 2167//341
f 2167//341 491//341 490//341
f 2168//342 490//342 489//342
f 2169//343 489//343 488//343
f 2170//344 488//344 487//344
f 2171//345 487//345 486//345
f 2172//346 486//346 485//346
f 2173//347 485//347 484//347
f 2174//348 484//348 483//348
f 2175//349 483//349 482//349
f 2176//350 482//350 481//350
f 2177//351 481//351 480//351
f 2178//352 480//352 479//352
f 2179//353 479//353 478//353
f 2180//354 478//354 477//354
f 2181//355 477//355 476//355
f 2182//356 476//356 475//356
f 2183//357 475//357 474//357
f 2184//358 474//358 473//358
f 2185//359 473//359 472//359
f 2186//360 472//360 471//360
f 2187//361 471//361 470//361
f 2188//362 470//362 469//362
f 2189//363 469//363 468//363
f 2190//364 468//364 467//364
f 2191//365 467//365 466//365
f 2192//366 466//366 465//366
f 2193//367 465//367 464//367
f 2194//368 464//368 463//368
f 2195//369 463//369 462//369
f 2196//370 462//370 461//370
f 2197//371 461//371 460//371
f 2198//372 460//372 459//372
f 2199//373 459//373 458//373
f 2200//374 458//374 457//374
f 2201//375 457//375 456//375
f 2202//376 456//376 455//376
f 2203//377 455//377 454//377
f 2204//378 454//378 453//378
f 2205//379 453//379 452//379
f 2206//380 452//380 451//380
f 2207//381 451//381 450//381
f 2208//382 450//382 449//382
f 2209//383 449//383 448//383
f 2210//384 448//384 447//384
f 2211//385 447//385 446//385
f 2212//386 446//386 445//386
f 2213//387 445//387 444//387
f 2214//388 444//388 443//388
f 2215//389 443//389 442//389
f 2216//390 442//390 441//390
f 2217//391 441//391 440//391
f 2218//392 440//392 439//392
f 2219//393 439//393 438//393
f 2220//394 438//394 437//394
f 2221//395 437//395 436//395
f 2222//396 436//396 435//396
f 2223//397 435//397 434//397
f 2224//398 434//398 433//398
f 2225//399 433//399 432//399
f 2226//400 432//400 431//400
f 2227//401 431//401 430//401
f 2228//402 430//402 429//402
f 2229//403 429//403 428//403
f 2230//404 428//404 427//404
f 2231//405 427//405 426//405
f 2232//406 426//406 425//406
f 2233//407 425//407 424//407
f 2234//408 424//408 423//408
f 2235//409 423//409 422//409
f 2236//410 422//410 421//410
f 2237//411 421//411 420//411
f 2238//412 420//412 419//412
f 2239//413 419//413 418//413
f 2240//414 418//414 417//414
f 2241//415 417//415 416//415
f 2242//416 416//416 415//416
f 2243//417 415//417 414//417
f 2244//418 414//418 413//418
f 2245//419 413//419 412//419
f 2246//420 412//420 411//420
f 2247//421 411//421 410//421
f 2248//422 410//422 409//422
f 2249//423 409//423 408//423
f 2250//424 408//424 407//424
f 2251//425 407//425 406//425
f 2252//426 406//426 405//426
f 2253//427 405//427 404//427
f 2254//428 404//428 403//428
f 2255//429 403//429 402//429
f 2256//430 402//430 401//430
f 2257//431 401//431 400//431
f 2258//432 400//432 399//432
f 2259//433 399//433 398//433
f 2260//434 398//434 397//434
f 2261//435 397//435 396//435
f 2262//436 396//436 395//436
f 2263//437 395//437 394//437
f 2264//438 394//438 393//438
f 2265//439 393//439 392//439
f 2266//440 392//440 391//440
f 2267//441 391//441 390//441
f 2268//442 390//442 389//442
f 2269//443 389//443 388//443
f 2270//444 388//444 387//444
f 2271//445 387//445 386//445
f 2272//446 386//446 385//446
f 2273//447 385//447 384//447
f 2274//448 384//448 383//448
f 2275//449 383//449 382//449
f 2276//450 382//450 381//450
f 2277//451 381//451 380//451
f 2278//452 380//452 379//452
f 2279//453 379//453 378//453
f 2280//454 378//454 377//454
f 2281//455 377//455 376//455
f 2282//456 376//456 375//456
f 2283//457 375//457 374//457
f 2284//458 374//458 373//458
f 2285//459 373//459 372//459
f 2286//460 372//460 371//460
f 2287//461 371//461 370//461
f 2288//462 370//462 369//462
f 2289//463 369//463 368//463
f 2290//464 368//464 367//464
f 2291//465 367//465 365//465
f 2292//466 365//466 366//466
f 2165//339 2292//339 366//339
f 2292//466 2291//466 365//466
f 2291//465 2290//465 367//465
f 2290//464 2289//464 368//464
f 2289//463 2288//463 369//463
f 2288//462 2287//462 370//462
f 2287//461 2286//461 371//461
f 2286//460 2285//460 372//460
f 2285//459 2284//459 373//459
f 2284//467 2283//467 374//467
f 2283//457 2282//457 375//457
f 2282//456 2281//456 376//456
f 2281//455 2280//455 377//455
f 2280//454 2279//454 378//454
f 2279//453 2278//453 379//453
f 2278//452 2277//452 380//452
f 2277//468 2276//468 381//468
f 2276//450 2275//450 382//450
f 2275//449 2274//449 383//449
f 2274//469 2273//469 384//469
f 2273//447 2272//447 385//447
f 2272//470 2271//470 386//470
f 2271//445 2270//445 387//445
f 2270//444 2269//444 388//444
f 2269//471 2268//471 389//471
f 2268//442 2267//442 390//442
f 2267//441 2266//441 391//441
f 2266//440 2265//440 392//440
f 2265//439 2264//439 393//439
f 2264//472 2263//472 394//472
f 2263//437 2262//437 395//437
f 2262//436 2261//436 396//436
f 2261//435 2260//435 397//435
f 2260//434 2259//434 398//434
f 2259//433 2258//433 399//433
f 2258//432 2257//432 400//432
f 2257//473 2256//473 401//473
f 2256//430 2255//430 402//430
f 2255//429 2254//429 403//429
f 2254//428 2253//428 404//428
f 2253//427 2252//427 405//427
f 2252//474 2251//474 406//474
f 2251//425 2250//425 407//425
f 2250//424 2249//424 408//424
f 2249//475 2248//475 409//475
f 2248//422 2247//422 410//422
f 2247//476 2246//476 411//476
f 2246//420 2245//420 412//420
f 2245//419 2244//419 413//419
f 2244//477 2243//477 414//477
f 2243//417 2242//417 415//417
f 2242//416 2241//416 416//416
f 2241//415 2240//415 417//415
f 2240//414 2239//414 418//414
f 2239//413 2238//413 419//413
f 2238//412 2237//412 420//412
f 2237//478 2236//478 421//478
f 2236//410 2235//410 422//410
f 2235//409 2234//409 423//409
f 2234//408 2233//408 424//408
f 2233//407 2232//407 425//407
f 2232//406 2231//406 426//406
f 2231//405 2230//405 427//405
f 2230//404 2229//404 428//404
f 2229//403 2228//403 429//403
f 2228//402 2227//402 430//402
f 2227//401 2226//401 431//401
f 2226//400 2225//400 432//400
f 2225//399 2224//399 433//399
f 2224//398 2223//398 434//398
f 2223//397 2222//397 435//397
f 2222//396 2221//396 436//396
f 2221//395 2220//395 437//395
f 2220//479 2219//479 438//479
f 2219//393 2218//393 439//393
f 2218//392 2217//392 440//392
f 2217//391 2216//391 441//391
f 2216//390 2215//390 442//390
f 2215//389 2214//389 443//389
f 2214//388 2213//388 444//388
f 2213//387 2212//387 445//387
f 2212//386 2211//386 446//386
f 2211//385 2210//385 447//385
f 2210//384 2209//384 448//384
f 2209//383 2208//383 449//383
f 2208//480 2207//480 450//480
f 2207//381 2206//381 451//381
f 2206//380 2205//380 452//380
f 2205//379 2204//379 453//379
f 2204//378 2203//378 454//378
f 2203//377 2202//377 455//377
f 2202//376 2201//376 456//376
f 2201//375 2200//375 457//375
f 2200//374 2199//374 458//374
f 2199//373 2198//373 459//373
f 2198//372 2197//372 460//372
f 2197//481 2196//481 461//481
f 2196//482 2195//482 462//482
f 2195//369 2194//369 463//369
f 2194//368 2193//368 464//368
f 2193//367 2192//367 465//367
f 2192//366 2191//366 466//366
f 2191//365 2190//365 467//365
f 2190//364 2189//364 468//364
f 2189//363 2188//363 469//363
f 2188//362 2187//362 470//362
f 2187//361 2186//361 471//361
f 2186//360 2185//360 472//360
f 2185//483 2184//483 473//483
f 2184//358 2183//358 474//358
f 2183//357 2182//357 475//357
f 2182//356 2181//356 476//356
f 2181//355 2180//355 477//355
f 2180//354 2179//354 478//354
f 2179//353 2178//353 479//353
f 2178//352 2177//352 480//352
f 2177//351 2176//351 481//351
f 2176//350 2175//350 482//350
f 2175//349 2174//349 483//349
f 2174//348 2173//348 484//348
f 2173//484 2172//484 485//484
f 2172//346 2171//346 486//346
f 2171//345 2170//345 487//345
f 2170//344 2169//344 488//344
f 2169//343 2168//343 489//343
f 2168//342 2167//342 490//342
f 2293//5 2294//5 2295//5
f 2295//5 2294//5 2296//5
f 2297//5 2295//5 2296//5
f 2297//5 2298//5 2295//5
f 2295//5 2298//5 2299//5
f 2300//5 2295//5 2299//5
f 2300//5 2301//5 2295//5
f 2295//5 2301//5 2302//5
f 2303//5 2295//5 2302//5
f 2303//5 2304//5 2295//5
f 2295//5 2304//5 2305//5
f 2306//5 2295//5 2305//5
f 2306//5 2307//5 2295//5
f 2295//5 2307//5 2308//5
f 2309//5 2295//5 2308//5
f 2309//5 2310//5 2295//5
f 2295//5 2310//5 2311//5
f 2312//5 2311//5 2313//5
f 2314//5 2312//5 2313//5
f 2314//5 2315//5 2312//5
f 2312//5 2315//5 2316//5
f 2317//5 2312//5 2316//5
f 2317//5 2318//5 2312//5
f 2312//5 2318//5 2319//5
f 2320//5 2312//5 2319//5
f 2320//5 2321//5 2312//5
f 2312//5 2321//5 2322//5
f 2323//5 2312//5 2322//5
f 2323//5 2324//5 2312//5
f 2312//5 2324//5 2325//5
f 2326//5 2312//5 2325//5
f 2326//5 2327//5 2312//5
f 2312//5 2327//5 2328//5
f 2329//5 2328//5 2330//5
f 2331//5 2329//5 2330//5
f 2331//5 2332//5 2329//5
f 2329//5 2332//5 2333//5
f 2334//5 2329//5 2333//5
f 2334//5 2335//5 2329//5
f 2329//5 2335//5 2336//5
f 2337//5 2329//5 2336//5
f 2337//5 2338//5 2329//5
f 2329//5 2338//5 2339//5
f 2340//5 2329//5 2339//5
f 2340//5 2341//5 2329//5
f 2329//5 2341//5 2342//5
f 2343//5 2329//5 2342//5
f 2343//5 2344//5 2329//5
f 2329//5 2344//5 2345//5
f 2346//5 2329//5 2345//5
f 2329//5 2312//5 2328//5
f 2312//5 2295//5 2311//5
f 2346//2 2347//2 2329//2
f 2329//2 2347//2 2348//2
f 2349//2 2329//2 2348//2
f 2349//2 2350//2 2329//2
f 2329//2 2350//2 2351//2
f 2352//2 2329//2 2351//2
f 2352//2 2353//2 2329//2
f 2329//2 2353//2 2354//2
f 2355//2 2329//2 2354//2
f 2355//2 2356//2 2329//2
f 2329//2 2356//2 2357//2
f 2358//2 2329//2 2357//2
f 2358//2 2359//2 2329//2
f 2329//2 2359//2 2360//2
f 2361//2 2329//2 2360//2
f 2361//2 2362//2 2329//2
f 2329//2 2362//2 2363//2
f 2364//2 2329//2 2363//2
f 2364//2 2365//2 2329//2
f 2329//2 2365//2 2366//2
f 2366//2 2365//2 2367//2
f 2368//2 2366//2 2367//2
f 2368//2 2369//2 2366//2
f 2366//2 2369//2 2370//2
f 2371//2 2366//2 2370//2
f 2371//2 2372//2 2366//2
f 2366//2 2372//2 2373//2
f 2374//2 2366//2 2373//2
f 2374//2 2375//2 2366//2
f 2366//2 2375//2 2376//2
f 2377//2 2366//2 2376//2
f 2377//2 2378//2 2366//2
f 2366//2 2378//2 2379//2
f 2380//2 2366//2 2379//2
f 2380//2 2381//2 2366//2
f 2380//2 2382//2 2381//2
f 2381//2 2382//2 2383//2
f 2384//2 2381//2 2383//2
f 2384//2 2385//2 2381//2
f 2381//2 2385//2 2386//2
f 2387//2 2381//2 2386//2
f 2387//2 2388//2 2381//2
f 2381//2 2388//2 2389//2
f 2390//2 2381//2 2389//2
f 2390//2 2391//2 2381//2
f 2381//2 2391//2 2392//2
f 2393//2 2381//2 2392//2
f 2393//2 2394//2 2381//2
f 2381//2 2394//2 2395//2
f 2396//2 2381//2 2395//2
f 2396//2 2397//2 2381//2
f 2381//2 2397//2 2398//2
f 2399//4 2329//4 2400//4
f 2399//4 2401//4 2329//4
f 2329//4 2401//4 2402//4
f 2403//4 2329//4 2402//4
f 2403//4 2404//4 2329//4
f 2329//4 2404//4 2405//4
f 2406//4 2329//4 2405//4
f 2406//4 2407//4 2329//4
f 2329//4 2407//4 2408//4
f 2409//4 2329//4 2408//4
f 2409//4 2410//4 2329//4
f 2329//4 2410//4 2411//4
f 2412//4 2329//4 2411//4
f 2412//4 2413//4 2329//4
f 2329//4 2413//4 2414//4
f 2415//4 2329//4 2414//4
f 2415//4 2416//4 2329//4
f 2329//4 2416//4 2417//4
f 2418//4 2329//4 2417//4
f 2418//4 2419//4 2329//4
f 2329//4 2419//4 2420//4
f 2421//4 2329//4 2420//4
f 2421//4 2422//4 2329//4
f 2329//4 2422//4 2423//4
f 2424//4 2329//4 2423//4
f 2424//4 2425//4 2329//4
f 2329//4 2425//4 2426//4
f 2427//4 2329//4 2426//4
f 2427//4 2428//4 2329//4
f 2329//4 2428//4 2429//4
f 2430//4 2329//4 2429//4
f 2430//4 2431//4 2329//4
f 2329//4 2431//4 2312//4
f 2312//4 2431//4 2432//4
f 2433//4 2312//4 2432//4
f 2433//4 2434//4 2312//4
f 2312//4 2434//4 2435//4
f 2436//4 2312//4 2435//4
f 2436//4 2437//4 2312//4
f 2312//4 2437//4 2438//4
f 2439//4 2312//4 2438//4
f 2439//4 2440//4 2312//4
f 2312//4 2440//4 2441//4
f 2442//4 2312//4 2441//4
f 2442//4 2443//4 2312//4
f 2312//4 2443//4 2444//4
f 2445//4 2312//4 2444//4
f 2445//4 2446//4 2312//4
f 2312//4 2446//4 2447//4
f 2448//4 2312//4 2447//4
f 2448//4 2449//4 2312//4
f 2312//4 2449//4 2450//4
f 2451//4 2312//4 2450//4
f 2451//4 2452//4 2312//4
f 2312//4 2452//4 2453//4
f 2454//4 2312//4 2453//4
f 2454//4 2455//4 2312//4
f 2312//4 2455//4 2456//4
f 2457//4 2312//4 2456//4
f 2457//4 2458//4 2312//4
f 2312//4 2458//4 2459//4
f 2460//4 2312//4 2459//4
f 2460//4 2461//4 2312//4
f 2312//4 2461//4 2462//4
f 2463//4 2312//4 2462//4
f 2463//4 2464//4 2312//4
f 2463//4 2465//4 2464//4
f 2464//4 2465//4 2466//4
f 2467//4 2464//4 2466//4
f 2467//4 2468//4 2464//4
f 2464//4 2468//4 2469//4
f 2470//4 2464//4 2469//4
f 2470//4 2471//4 2464//4
f 2464//4 2471//4 2472//4
f 2473//4 2464//4 2472//4
f 2473//4 2474//4 2464//4
f 2464//4 2474//4 2475//4
f 2476//4 2464//4 2475//4
f 2476//4 2477//4 2464//4
f 2464//4 2477//4 2478//4
f 2479//4 2464//4 2478//4
f 2479//4 2480//4 2464//4
f 2464//4 2480//4 2481//4
f 2482//4 2464//4 2481//4
f 2482//4 2483//4 2464//4
f 2464//4 2483//4 2484//4
f 2485//4 2464//4 2484//4
f 2485//4 2486//4 2464//4
f 2464//4 2486//4 2487//4
f 2488//4 2464//4 2487//4
f 2488//4 2489//4 2464//4
f 2464//4 2489//4 2490//4
f 2491//4 2464//4 2490//4
f 2491//4 2492//4 2464//4
f 2464//4 2492//4 2493//4
f 2494//4 2464//4 2493//4
f 2494//4 2495//4 2464//4
f 2464//4 2495//4 2496//4
f 2366//4 2496//4 2497//4
f 2498//4 2366//4 2497//4
f 2498//4 2499//4 2366//4
f 2366//4 2499//4 2500//4
f 2501//4 2366//4 2500//4
f 2501//4 2502//4 2366//4
f 2366//4 2502//4 2503//4
f 2504//4 2366//4 2503//4
f 2504//4 2505//4 2366//4
f 2366//4 2505//4 2506//4
f 2507//4 2366//4 2506//4
f 2507//4 2508//4 2366//4
f 2366//4 2508//4 2509//4
f 2510//4 2366//4 2509//4
f 2510//4 2511//4 2366//4
f 2366//4 2511//4 2512//4
f 2513//4 2366//4 2512//4
f 2513//4 2514//4 2366//4
f 2366//4 2514//4 2515//4
f 2516//4 2366//4 2515//4
f 2516//4 2517//4 2366//4
f 2366//4 2517//4 2518//4
f 2519//4 2366//4 2518//4
f 2519//4 2520//4 2366//4
f 2366//4 2520//4 2521//4
f 2522//4 2366//4 2521//4
f 2522//4 2523//4 2366//4
f 2366//4 2523//4 2524//4
f 2525//4 2366//4 2524//4
f 2525//4 2526//4 2366//4
f 2366//4 2526//4 2527//4
f 2400//4 2366//4 2527//4
f 2400//4 2329//4 2366//4
f 2366//4 2464//4 2496//4
f 2528//3 2312//3 2529//3
f 2528//3 2530//3 2312//3
f 2312//3 2530//3 2531//3
f 2532//3 2312//3 2531//3
f 2532//3 2533//3 2312//3
f 2312//3 2533//3 2534//3
f 2535//3 2312//3 2534//3
f 2535//3 2536//3 2312//3
f 2312//3 2536//3 2537//3
f 2538//3 2312//3 2537//3
f 2538//3 2539//3 2312//3
f 2312//3 2539//3 2540//3
f 2541//3 2312//3 2540//3
f 2541//3 2542//3 2312//3
f 2312//3 2542//3 2543//3
f 2544//3 2312//3 2543//3
f 2544//3 2545//3 2312//3
f 2312//3 2545//3 2546//3
f 2547//3 2312//3 2546//3
f 2547//3 2548//3 2312//3
f 2312//3 2548//3 2549//3
f 2550//3 2312//3 2549//3
f 2550//3 2551//3 2312//3
f 2312//3 2551//3 2552//3
f 2553//3 2312//3 2552//3
f 2553//3 2554//3 2312//3
f 2312//3 2554//3 2555//3
f 2556//3 2312//3 2555//3
f 2556//3 2557//3 2312//3
f 2312//3 2557//3 2558//3
f 2559//3 2312//3 2558//3
f 2559//3 2560//3 2312//3
f 2312//3 2560//3 2295//3
f 2295//3 2560//3 2561//3
f 2562//3 2295//3 2561//3
f 2562//3 2563//3 2295//3
f 2295//3 2563//3 2564//3
f 2565//3 2295//3 2564//3
f 2565//3 2566//3 2295//3
f 2295//3 2566//3 2567//3
f 2568//3 2295//3 2567//3
f 2568//3 2569//3 2295//3
f 2295//3 2569//3 2570//3
f 2571//3 2295//3 2570//3
f 2571//3 2572//3 2295//3
f 2295//3 2572//3 2573//3
f 2574//3 2295//3 2573//3
f 2574//3 2575//3 2295//3
f 2295//3 2575//3 2576//3
f 2577//3 2295//3 2576//3
f 2577//3 2578//3 2295//3
f 2295//3 2578//3 2579//3
f 2580//3 2295//3 2579//3
f 2580//3 2581//3 2295//3
f 2295//3 2581//3 2582//3
f 2583//3 2295//3 2582//3
f 2583//3 2584//3 2295//3
f 2295//3 2584//3 2585//3
f 2586//3 2295//3 2585//3
f 2586//3 2587//3 2295//3
f 2295//3 2587//3 2588//3
f 2589//3 2295//3 2588//3
f 2589//3 2590//3 2295//3
f 2295//3 2590//3 2591//3
f 2592//3 2295//3 2591//3
f 2592//3 2593//3 2295//3
f 2592//3 2594//3 2593//3
f 2593//3 2594//3 2595//3
f 2596//3 2593//3 2595//3
f 2596//3 2597//3 2593//3
f 2593//3 2597//3 2598//3
f 2599//3 2593//3 2598//3
f 2599//3 2600//3 2593//3
f 2593//3 2600//3 2601//3
f 2602//3 2593//3 2601//3
f 2602//3 2603//3 2593//3
f 2593//3 2603//3 2604//3
f 2605//3 2593//3 2604//3
f 2605//3 2606//3 2593//3
f 2593//3 2606//3 2607//3
f 2608//3 2593//3 2607//3
f 2608//3 2609//3 2593//3
f 2593//3 2609//3 2610//3
f 2611//3 2593//3 2610//3
f 2611//3 2612//3 2593//3
f 2593//3 2612//3 2613//3
f 2614//3 2593//3 2613//3
f 2614//3 2615//3 2593//3
f 2593//3 2615//3 2616//3
f 2617//3 2593//3 2616//3
f 2617//3 2618//3 2593//3
f 2593//3 2618//3 2619//3
f 2620//3 2593//3 2619//3
f 2620//3 2621//3 2593//3
f 2593//3 2621//3 2622//3
f 2623//3 2593//3 2622//3
f 2623//3 2624//3 2593//3
f 2593//3 2624//3 2625//3
f 2464//3 2625//3 2626//3
f 2627//3 2464//3 2626//3
f 2627//3 2628//3 2464//3
f 2464//3 2628//3 2629//3
f 2630//3 2464//3 2629//3
f 2630//3 2631//3 2464//3
f 2464//3 2631//3 2632//3
f 2633//3 2464//3 2632//3
f 2633//3 2634//3 2464//3
f 2464//3 2634//3 2635//3
f 2636//3 2464//3 2635//3
f 2636//3 2637//3 2464//3
f 2464//3 2637//3 2638//3
f 2639//3 2464//3 2638//3
f 2639//3 2640//3 2464//3
f 2464//3 2640//3 2641//3
f 2642//3 2464//3 2641//3
f 2642//3 2643//3 2464//3
f 2464//3 2643//3 2644//3
f 2645//3 2464//3 2644//3
f 2645//3 2646//3 2464//3
f 2464//3 2646//3 2647//3
f 2648//3 2464//3 2647//3
f 2648//3 2649//3 2464//3
f 2464//3 2649//3 2650//3
f 2651//3 2464//3 2650//3
f 2651//3 2652//3 2464//3
f 2464//3 2652//3 2653//3
f 2654//3 2464//3 2653//3
f 2654//3 2655//3 2464//3
f 2464//3 2655//3 2656//3
f 2529//3 2464//3 2656//3
f 2529//3 2312//3 2464//3
f 2464//3 2593//3 2625//3
f 2398//1 2657//1 2381//1
f 2381//1 2657//1 2658//1
f 2659//1 2381//1 2658//1
f 2659//1 2660//1 2381//1
f 2381//1 2660//1 2661//1
f 2662//1 2381//1 2661//1
f 2662//1 2663//1 2381//1
f 2381//1 2663//1 2664//1
f 2665//1 2381//1 2664//1
f 2665//1 2666//1 2381//1
f 2381//1 2666//1 2667//1
f 2668//1 2381//1 2667//1
f 2668//1 2669//1 2381//1
f 2381//1 2669//1 2670//1
f 2671//1 2381//1 2670//1
f 2671//1 2672//1 2381//1
f 2381//1 2672//1 2673//1
f 2593//1 2673//1 2674//1
f 2675//1 2593//1 2674//1
f 2675//1 2676//1 2593//1
f 2593//1 2676//1 2677//1
f 2678//1 2593//1 2677//1
f 2678//1 2679//1 2593//1
f 2593//1 2679//1 2680//1
f 2681//1 2593//1 2680//1
f 2681//1 2682//1 2593//1
f 2593//1 2682//1 2683//1
f 2684//1 2593//1 2683//1
f 2684//1 2685//1 2593//1
f 2593//1 2685//1 2686//1
f 2687//1 2593//1 2686//1
f 2687//1 2295//1 2593//1
f 2687//1 2688//1 2295//1
f 2295//1 2688//1 2689//1
f 2690//1 2295//1 2689//1
f 2690//1 2691//1 2295//1
f 2295//1 2691//1 2692//1
f 2693//1 2295//1 2692//1
f 2693//1 2694//1 2295//1
f 2295//1 2694//1 2695//1
f 2696//1 2295//1 2695//1
f 2696//1 2697//1 2295//1
f 2295//1 2697//1 2698//1
f 2699//1 2295//1 2698//1
f 2699//1 2700//1 2295//1
f 2295//1 2700//1 2701//1
f 2702//1 2295//1 2701//1
f 2702//1 2703//1 2295//1
f 2295//1 2703//1 2704//1
f 2705//1 2295//1 2704//1
f 2705//1 2293//1 2295//1
f 2593//1 2381//1 2673//1
f 2165//8 2464//8 2292//8
f 2165//8 2166//8 2464//8
f 2464//8 2166//8 2167//8
f 2168//8 2464//8 2167//8
f 2168//8 2169//8 2464//8
f 2464//8 2169//8 2170//8
f 2171//8 2464//8 2170//8
f 2171//8 2172//8 2464//8
f 2464//8 2172//8 2173//8
f 2174//8 2464//8 2173//8
f 2174//8 2175//8 2464//8
f 2464//8 2175//8 2176//8
f 2177//8 2464//8 2176//8
f 2177//8 2178//8 2464//8
f 2464//8 2178//8 2179//8
f 2180//8 2464//8 2179//8
f 2180//8 2181//8 2464//8
f 2464//8 2181//8 2182//8
f 2183//8 2464//8 2182//8
f 2183//8 2184//8 2464//8
f 2464//8 2184//8 2185//8
f 2186//8 2464//8 2185//8
f 2186//8 2187//8 2464//8
f 2464//8 2187//8 2188//8
f 2189//8 2464//8 2188//8
f 2189//8 2190//8 2464//8
f 2464//8 2190//8 2191//8
f 2192//8 2464//8 2191//8
f 2192//8 2193//8 2464//8
f 2464//8 2193//8 2194//8
f 2195//8 2464//8 2194//8
f 2195//8 2196//8 2464//8
f 2464//8 2196//8 2593//8
f 2593//8 2196//8 2197//8
f 2198//8 2593//8 2197//8
f 2198//8 2199//8 2593//8
f 2593//8 2199//8 2200//8
f 2201//8 2593//8 2200//8
f 2201//8 2202//8 2593//8
f 2593//8 2202//8 2203//8
f 2204//8 2593//8 2203//8
f 2204//8 2205//8 2593//8
f 2593//8 2205//8 2206//8
f 2207//8 2593//8 2206//8
f 2207//8 2208//8 2593//8
f 2593//8 2208//8 2209//8
f 2210//8 2593//8 2209//8
f 2210//8 2211//8 2593//8
f 2593//8 2211//8 2212//8
f 2213//8 2593//8 2212//8
f 2213//8 2214//8 2593//8
f 2593//8 2214//8 2215//8
f 2216//8 2593//8 2215//8
f 2216//8 2217//8 2593//8
f 2593//8 2217//8 2218//8
f 2219//8 2593//8 2218//8
f 2219//8 2220//8 2593//8
f 2593//8 2220//8 2221//8
f 2222//8 2593//8 2221//8
f 2222//8 2223//8 2593//8
f 2593//8 2223//8 2224//8
f 2225//8 2593//8 2224//8
f 2225//8 2226//8 2593//8
f 2593//8 2226//8 2227//8
f 2228//8 2593//8 2227//8
f 2228//8 2381//8 2593//8
f 2228//8 2229//8 2381//8
f 2381//8 2229//8 2230//8
f 2231//8 2381//8 2230//8
f 2231//8 2232//8 2381//8
f 2381//8 2232//8 2233//8
f 2234//8 2381//8 2233//8
f 2234//8 2235//8 2381//8
f 2381//8 2235//8 2236//8
f 2237//8 2381//8 2236//8
f 2237//8 2238//8 2381//8
f 2381//8 2238//8 2239//8
f 2240//8 2381//8 2239//8
f 2240//8 2241//8 2381//8
f 2381//8 2241//8 2242//8
f 2243//8 2381//8 2242//8
f 2243//8 2244//8 2381//8
f 2381//8 2244//8 2245//8
f 2246//8 2381//8 2245//8
f 2246//8 2247//8 2381//8
f 2381//8 2247//8 2248//8
f 2249//8 2381//8 2248//8
f 2249//8 2250//8 2381//8
f 2381//8 2250//8 2251//8
f 2252//8 2381//8 2251//8
f 2252//8 2253//8 2381//8
f 2381//8 2253//8 2254//8
f 2255//8 2381//8 2254//8
f 2255//8 2256//8 2381//8
f 2381//8 2256//8 2257//8
f 2258//8 2381//8 2257//8
f 2258//8 2259//8 2381//8
f 2381//8 2259//8 2260//8
f 2366//8 2260//8 2261//8
f 2262//8 2366//8 2261//8
f 2262//8 2263//8 2366//8
f 2366//8 2263//8 2264//8
f 2265//8 2366//8 2264//8
f 2265//8 2266//8 2366//8
f 2366//8 2266//8 2267//8
f 2268//8 2366//8 2267//8
f 2268//8 2269//8 2366//8
f 2366//8 2269//8 2270//8
f 2271//8 2366//8 2270//8
f 2271//8 2272//8 2366//8
f 2366//8 2272//8 2273//8
f 2274//8 2366//8 2273//8
f 2274//8 2275//8 2366//8
f 2366//8 2275//8 2276//8
f 2277//8 2366//8 2276//8
f 2277//8 2278//8 2366//8
f 2366//8 2278//8 2279//8
f 2280//8 2366//8 2279//8
f 2280//8 2281//8 2366//8
f 2366//8 2281//8 2282//8
f 2283//8 2366//8 2282//8
f 2283//8 2284//8 2366//8
f 2366//8 2284//8 2285//8
f 2286//8 2366//8 2285//8
f 2286//8 2287//8 2366//8
f 2366//8 2287//8 2288//8
f 2289//8 2366//8 2288//8
f 2289//8 2290//8 2366//8
f 2366//8 2290//8 2291//8
f 2292//8 2366//8 2291//8
f 2292//8 2464//8 2366//8
f 2366//8 2381//8 2260//8
f 1082//339 2706//339 956//339
f 1082//340 2707//340 2706//340
f 1082//340 1081//340 2707//340
f 2707//341 1081//341 2708//341
f 2708//341 1081//341 1080//341
f 2709//342 1080//342 1079//342
f 2710//343 1079//343 1078//343
f 2711//344 1078//344 1077//344
f 2712//345 1077//345 1076//345
f 2713//346 1076//346 1075//346
f 2714//347 1075//347 1074//347
f 2715//348 1074//348 1073//348
f 2716//349 1073//349 1072//349
f 2717//350 1072//350 1071//350
f 2718//351 1071//351 1070//351
f 2719//352 1070//352 1069//352
f 2720//353 1069//353 1068//353
f 2721//485 1068//485 1067//485
f 2722//355 1067//355 1066//355
f 2723//356 1066//356 1065//356
f 2724//357 1065//357 1064//357
f 2725//358 1064//358 1063//358
f 2726//359 1063//359 1062//359
f 2727//360 1062//360 1061//360
f 2728//361 1061//361 1060//361
f 2729//486 1060//486 1059//486
f 2730//363 1059//363 1058//363
f 2731//364 1058//364 1057//364
f 2732//365 1057//365 1056//365
f 2733//366 1056//366 1055//366
f 2734//487 1055//487 1054//487
f 2735//368 1054//368 1053//368
f 2736//369 1053//369 1052//369
f 2737//482 1052//482 1051//482
f 2738//371 1051//371 1050//371
f 2739//372 1050//372 1049//372
f 2740//373 1049//373 1048//373
f 2741//374 1048//374 1047//374
f 2742//375 1047//375 1046//375
f 2743//376 1046//376 1045//376
f 2744//377 1045//377 1044//377
f 2745//378 1044//378 1043//378
f 2746//379 1043//379 1042//379
f 2747//380 1042//380 1041//380
f 2748//381 1041//381 1040//381
f 2749//382 1040//382 1039//382
f 2750//383 1039//383 1038//383
f 2751//488 1038//488 1037//488
f 2752//385 1037//385 1036//385
f 2753//386 1036//386 1035//386
f 2754//387 1035//387 1034//387
f 2755//388 1034//388 1033//388
f 2756//389 1033//389 1032//389
f 2757//390 1032//390 1031//390
f 2758//391 1031//391 1030//391
f 2759//392 1030//392 1029//392
f 2760//393 1029//393 1028//393
f 2761//394 1028//394 1027//394
f 2762//395 1027//395 1026//395
f 2763//396 1026//396 1025//396
f 2764//397 1025//397 1024//397
f 2765//398 1024//398 1023//398
f 2766//399 1023//399 1022//399
f 2767//400 1022//400 1021//400
f 2768//401 1021//401 1020//401
f 2769//402 1020//402 1019//402
f 2770//403 1019//403 1018//403
f 2771//404 1018//404 1017//404
f 2772//405 1017//405 1016//405
f 2773//406 1016//406 1015//406
f 2774//407 1015//407 1014//407
f 2775//408 1014//408 1013//408
f 2776//409 1013//409 1012//409
f 2777//410 1012//410 1011//410
f 2778//411 1011//411 1010//411
f 2779//412 1010//412 1009//412
f 2780//413 1009//413 1008//413
f 2781//414 1008//414 1007//414
f 2782//415 1007//415 1006//415
f 2783//416 1006//416 1005//416
f 2784//417 1005//417 1004//417
f 2785//477 1004//477 1003//477
f 2786//419 1003//419 1002//419
f 2787//420 1002//420 1001//420
f 2788//421 1001//421 1000//421
f 2789//422 1000//422 999//422
f 2790//423 999//423 998//423
f 2791//424 998//424 997//424
f 2792//425 997//425 996//425
f 2793//474 996//474 995//474
f 2794//427 995//427 994//427
f 2795//428 994//428 993//428
f 2796//429 993//429 992//429
f 2797//430 992//430 991//430
f 2798//473 991//473 990//473
f 2799//432 990//432 989//432
f 2800//433 989//433 988//433
f 2801//489 988//489 987//489
f 2802//435 987//435 986//435
f 2803//436 986//436 985//436
f 2804//437 985//437 984//437
f 2805//438 984//438 983//438
f 2806//439 983//439 982//439
f 2807//440 982//440 981//440
f 2808//441 981//441 980//441
f 2809//442 980//442 979//442
f 2810//443 979//443 978//443
f 2811//444 978//444 977//444
f 2812//445 977//445 976//445
f 2813//446 976//446 975//446
f 2814//447 975//447 974//447
f 2815//469 974//469 973//469
f 2816//449 973//449 972//449
f 2817//450 972//450 971//450
f 2818//451 971//451 970//451
f 2819//452 970//452 969//452
f 2820//453 969//453 968//453
f 2821//454 968//454 967//454
f 2822//455 967//455 966//455
f 2823//456 966//456 965//456
f 2824//457 965//457 964//457
f 2825//458 964//458 963//458
f 2826//459 963//459 962//459
f 2827//460 962//460 961//460
f 2828//461 961//461 960//461
f 2829//462 960//462 959//462
f 2830//463 959//463 958//463
f 2831//464 958//464 957//464
f 2832//465 957//465 955//465
f 2833//466 955//466 956//466
f 2706//339 2833//339 956//339
f 2833//466 2832//466 955//466
f 2832//465 2831//465 957//465
f 2831//464 2830//464 958//464
f 2830//463 2829//463 959//463
f 2829//462 2828//462 960//462
f 2828//461 2827//461 961//461
f 2827//460 2826//460 962//460
f 2826//459 2825//459 963//459
f 2825//467 2824//467 964//467
f 2824//457 2823//457 965//457
f 2823//456 2822//456 966//456
f 2822//455 2821//455 967//455
f 2821//454 2820//454 968//454
f 2820//453 2819//453 969//453
f 2819//452 2818//452 970//452
f 2818//451 2817//451 971//451
f 2817//450 2816//450 972//450
f 2816//449 2815//449 973//449
f 2815//469 2814//469 974//469
f 2814//447 2813//447 975//447
f 2813//470 2812//470 976//470
f 2812//445 2811//445 977//445
f 2811//444 2810//444 978//444
f 2810//443 2809//443 979//443
f 2809//442 2808//442 980//442
f 2808//441 2807//441 981//441
f 2807//440 2806//440 982//440
f 2806//439 2805//439 983//439
f 2805//438 2804//438 984//438
f 2804//437 2803//437 985//437
f 2803//436 2802//436 986//436
f 2802//490 2801//490 987//490
f 2801//434 2800//434 988//434
f 2800//433 2799//433 989//433
f 2799//432 2798//432 990//432
f 2798//473 2797//473 991//473
f 2797//430 2796//430 992//430
f 2796//429 2795//429 993//429
f 2795//428 2794//428 994//428
f 2794//427 2793//427 995//427
f 2793//474 2792//474 996//474
f 2792//425 2791//425 997//425
f 2791//424 2790//424 998//424
f 2790//475 2789//475 999//475
f 2789//422 2788//422 1000//422
f 2788//421 2787//421 1001//421
f 2787//420 2786//420 1002//420
f 2786//419 2785//419 1003//419
f 2785//477 2784//477 1004//477
f 2784//417 2783//417 1005//417
f 2783//416 2782//416 1006//416
f 2782//415 2781//415 1007//415
f 2781//414 2780//414 1008//414
f 2780//413 2779//413 1009//413
f 2779//412 2778//412 1010//412
f 2778//478 2777//478 1011//478
f 2777//410 2776//410 1012//410
f 2776//409 2775//409 1013//409
f 2775//408 2774//408 1014//408
f 2774//407 2773//407 1015//407
f 2773//406 2772//406 1016//406
f 2772//405 2771//405 1017//405
f 2771//404 2770//404 1018//404
f 2770//403 2769//403 1019//403
f 2769//402 2768//402 1020//402
f 2768//401 2767//401 1021//401
f 2767//400 2766//400 1022//400
f 2766//399 2765//399 1023//399
f 2765//398 2764//398 1024//398
f 2764//397 2763//397 1025//397
f 2763//396 2762//396 1026//396
f 2762//395 2761//395 1027//395
f 2761//479 2760//479 1028//479
f 2760//393 2759//393 1029//393
f 2759//392 2758//392 1030//392
f 2758//391 2757//391 1031//391
f 2757//390 2756//390 1032//390
f 2756//389 2755//389 1033//389
f 2755//388 2754//388 1034//388
f 2754//491 2753//491 1035//491
f 2753//386 2752//386 1036//386
f 2752//385 2751//385 1037//385
f 2751//384 2750//384 1038//384
f 2750//383 2749//383 1039//383
f 2749//480 2748//480 1040//480
f 2748//381 2747//381 1041//381
f 2747//380 2746//380 1042//380
f 2746//492 2745//492 1043//492
f 2745//378 2744//378 1044//378
f 2744//377 2743//377 1045//377
f 2743//376 2742//376 1046//376
f 2742//375 2741//375 1047//375
f 2741//493 2740//493 1048//493
f 2740//373 2739//373 1049//373
f 2739//372 2738//372 1050//372
f 2738//371 2737//371 1051//371
f 2737//482 2736//482 1052//482
f 2736//369 2735//369 1053//369
f 2735//368 2734//368 1054//368
f 2734//367 2733//367 1055//367
f 2733//366 2732//366 1056//366
f 2732//365 2731//365 1057//365
f 2731//364 2730//364 1058//364
f 2730//363 2729//363 1059//363
f 2729//362 2728//362 1060//362
f 2728//361 2727//361 1061//361
f 2727//360 2726//360 1062//360
f 2726//483 2725//483 1063//483
f 2725//358 2724//358 1064//358
f 2724//494 2723//494 1065//494
f 2723//356 2722//356 1066//356
f 2722//355 2721//355 1067//355
f 2721//354 2720//354 1068//354
f 2720//353 2719//353 1069//353
f 2719//352 2718//352 1070//352
f 2718//351 2717//351 1071//351
f 2717//350 2716//350 1072//350
f 2716//349 2715//349 1073//349
f 2715//348 2714//348 1074//348
f 2714//484 2713//484 1075//484
f 2713//346 2712//346 1076//346
f 2712//345 2711//345 1077//345
f 2711//344 2710//344 1078//344
f 2710//343 2709//343 1079//343
f 2709//342 2708//342 1080//342
f 2656//11 2834//11 2529//11
f 2656//12 2835//12 2834//12
f 2656//12 2655//12 2835//12
f 2835//13 2655//13 2836//13
f 2836//13 2655//13 2654//13
f 2837//14 2654//14 2653//14
f 2838//15 2653//15 2652//15
f 2839//16 2652//16 2651//16
f 2840//17 2651//17 2650//17
f 2841//18 2650//18 2649//18
f 2842//19 2649//19 2648//19
f 2843//20 2648//20 2647//20
f 2844//21 2647//21 2646//21
f 2845//495 2646//495 2645//495
f 2846//23 2645//23 2644//23
f 2847//496 2644//496 2643//496
f 2848//25 2643//25 2642//25
f 2849//26 2642//26 2641//26
f 2850//27 2641//27 2640//27
f 2851//28 2640//28 2639//28
f 2852//29 2639//29 2638//29
f 2853//30 2638//30 2637//30
f 2854//497 2637//497 2636//497
f 2855//32 2636//32 2635//32
f 2856//33 2635//33 2634//33
f 2857//34 2634//34 2633//34
f 2858//35 2633//35 2632//35
f 2859//36 2632//36 2631//36
f 2860//37 2631//37 2630//37
f 2861//38 2630//38 2629//38
f 2862//39 2629//39 2628//39
f 2863//40 2628//40 2627//40
f 2864//498 2627//498 2626//498
f 2865//499 2626//499 2625//499
f 2866//500 2625//500 2624//500
f 2867//501 2624//501 2623//501
f 2868//45 2623//45 2622//45
f 2869//46 2622//46 2621//46
f 2870//47 2621//47 2620//47
f 2871//48 2620//48 2619//48
f 2872//49 2619//49 2618//49
f 2873//50 2618//50 2617//50
f 2874//502 2617//502 2616//502
f 2875//52 2616//52 2615//52
f 2876//53 2615//53 2614//53
f 2877//503 2614//503 2613//503
f 2878//55 2613//55 2612//55
f 2879//56 2612//56 2611//56
f 2880//57 2611//57 2610//57
f 2881//58 2610//58 2609//58
f 2882//59 2609//59 2608//59
f 2883//60 2608//60 2607//60
f 2884//504 2607//504 2606//504
f 2885//62 2606//62 2605//62
f 2886//63 2605//63 2604//63
f 2887//64 2604//64 2603//64
f 2888//65 2603//65 2602//65
f 2889//505 2602//505 2601//505
f 2890//67 2601//67 2600//67
f 2891//68 2600//68 2599//68
f 2892//69 2599//69 2598//69
f 2893//70 2598//70 2597//70
f 2894//71 2597//71 2596//71
f 2895//72 2596//72 2595//72
f 2896//73 2595//73 2594//73
f 2897//74 2594//74 2592//74
f 2898//75 2592//75 2591//75
f 2899//76 2591//76 2590//76
f 2900//77 2590//77 2589//77
f 2901//78 2589//78 2588//78
f 2902//79 2588//79 2587//79
f 2903//80 2587//80 2586//80
f 2904//81 2586//81 2585//81
f 2905//82 2585//82 2584//82
f 2906//83 2584//83 2583//83
f 2907//84 2583//84 2582//84
f 2908//85 2582//85 2581//85
f 2909//506 2581//506 2580//506
f 2910//87 2580//87 2579//87
f 2911//88 2579//88 2578//88
f 2912//89 2578//89 2577//89
f 2913//90 2577//90 2576//90
f 2914//91 2576//91 2575//91
f 2915//92 2575//92 2574//92
f 2916//93 2574//93 2573//93
f 2917//94 2573//94 2572//94
f 2918//507 2572//507 2571//507
f 2919//96 2571//96 2570//96
f 2920//97 2570//97 2569//97
f 2921//98 2569//98 2568//98
f 2922//99 2568//99 2567//99
f 2923//100 2567//100 2566//100
f 2924//101 2566//101 2565//101
f 2925//102 2565//102 2564//102
f 2926//103 2564//103 2563//103
f 2927//104 2563//104 2562//104
f 2928//508 2562//508 2561//508
f 2929//509 2561//509 2560//509
f 2930//510 2560//510 2559//510
f 2931//511 2559//511 2558//511
f 2932//109 2558//109 2557//109
f 2933//110 2557//110 2556//110
f 2934//111 2556//111 2555//111
f 2935//112 2555//112 2554//112
f 2936//113 2554//113 2553//113
f 2937//114 2553//114 2552//114
f 2938//512 2552//512 2551//512
f 2939//116 2551//116 2550//116
f 2940//117 2550//117 2549//117
f 2941//513 2549//513 2548//513
f 2942//119 2548//119 2547//119
f 2943//120 2547//120 2546//120
f 2944//141 2546//141 2545//141
f 2945//122 2545//122 2544//122
f 2946//123 2544//123 2543//123
f 2947//124 2543//124 2542//124
f 2948//514 2542//514 2541//514
f 2949//126 2541//126 2540//126
f 2950//127 2540//127 2539//127
f 2951//128 2539//128 2538//128
f 2952//129 2538//129 2537//129
f 2953//130 2537//130 2536//130
f 2954//131 2536//131 2535//131
f 2955//132 2535//132 2534//132
f 2956//133 2534//133 2533//133
f 2957//134 2533//134 2532//134
f 2958//135 2532//135 2531//135
f 2959//136 2531//136 2530//136
f 2960//137 2530//137 2528//137
f 2961//138 2528//138 2529//138
f 2834//139 2961//139 2529//139
f 2961//140 2960//140 2528//140
f 2960//137 2959//137 2530//137
f 2959//136 2958//136 2531//136
f 2958//135 2957//135 2532//135
f 2957//134 2956//134 2533//134
f 2956//133 2955//133 2534//133
f 2955//132 2954//132 2535//132
f 2954//131 2953//131 2536//131
f 2953//130 2952//130 2537//130
f 2952//129 2951//129 2538//129
f 2951//128 2950//128 2539//128
f 2950//515 2949//515 2540//515
f 2949//126 2948//126 2541//126
f 2948//514 2947//514 2542//514
f 2947//124 2946//124 2543//124
f 2946//123 2945//123 2544//123
f 2945//122 2944//122 2545//122
f 2944//141 2943//141 2546//141
f 2943//120 2942//120 2547//120
f 2942//119 2941//119 2548//119
f 2941//513 2940//513 2549//513
f 2940//117 2939//117 2550//117
f 2939//116 2938//116 2551//116
f 2938//115 2937//115 2552//115
f 2937//114 2936//114 2553//114
f 2936//113 2935//113 2554//113
f 2935//112 2934//112 2555//112
f 2934//111 2933//111 2556//111
f 2933//110 2932//110 2557//110
f 2932//109 2931//109 2558//109
f 2931//511 2930//511 2559//511
f 2930//510 2929//510 2560//510
f 2929//509 2928//509 2561//509
f 2928//508 2927//508 2562//508
f 2927//104 2926//104 2563//104
f 2926//103 2925//103 2564//103
f 2925//102 2924//102 2565//102
f 2924//101 2923//101 2566//101
f 2923//100 2922//100 2567//100
f 2922//99 2921//99 2568//99
f 2921//516 2920//516 2569//516
f 2920//97 2919//97 2570//97
f 2919//96 2918//96 2571//96
f 2918//507 2917//507 2572//507
f 2917//94 2916//94 2573//94
f 2916//93 2915//93 2574//93
f 2915//92 2914//92 2575//92
f 2914//142 2913//142 2576//142
f 2913//90 2912//90 2577//90
f 2912//89 2911//89 2578//89
f 2911//517 2910//517 2579//517
f 2910//87 2909//87 2580//87
f 2909//86 2908//86 2581//86
f 2908//85 2907//85 2582//85
f 2907//84 2906//84 2583//84
f 2906//518 2905//518 2584//518
f 2905//82 2904//82 2585//82
f 2904//81 2903//81 2586//81
f 2903//80 2902//80 2587//80
f 2902//79 2901//79 2588//79
f 2901//143 2900//143 2589//143
f 2900//77 2899//77 2590//77
f 2899//76 2898//76 2591//76
f 2898//75 2897//75 2592//75
f 2897//74 2896//74 2594//74
f 2896//73 2895//73 2595//73
f 2895//72 2894//72 2596//72
f 2894//144 2893//144 2597//144
f 2893//70 2892//70 2598//70
f 2892//69 2891//69 2599//69
f 2891//68 2890//68 2600//68
f 2890//67 2889//67 2601//67
f 2889//66 2888//66 2602//66
f 2888//65 2887//65 2603//65
f 2887//64 2886//64 2604//64
f 2886//519 2885//519 2605//519
f 2885//62 2884//62 2606//62
f 2884//61 2883//61 2607//61
f 2883//60 2882//60 2608//60
f 2882//59 2881//59 2609//59
f 2881//145 2880//145 2610//145
f 2880//57 2879//57 2611//57
f 2879//56 2878//56 2612//56
f 2878//55 2877//55 2613//55
f 2877//503 2876//503 2614//503
f 2876//53 2875//53 2615//53
f 2875//52 2874//52 2616//52
f 2874//51 2873//51 2617//51
f 2873//50 2872//50 2618//50
f 2872//49 2871//49 2619//49
f 2871//48 2870//48 2620//48
f 2870//47 2869//47 2621//47
f 2869//46 2868//46 2622//46
f 2868//45 2867//45 2623//45
f 2867//501 2866//501 2624//501
f 2866//500 2865//500 2625//500
f 2865//499 2864//499 2626//499
f 2864//498 2863//498 2627//498
f 2863//40 2862//40 2628//40
f 2862//39 2861//39 2629//39
f 2861//38 2860//38 2630//38
f 2860//37 2859//37 2631//37
f 2859//36 2858//36 2632//36
f 2858//35 2857//35 2633//35
f 2857//520 2856//520 2634//520
f 2856//33 2855//33 2635//33
f 2855//32 2854//32 2636//32
f 2854//497 2853//497 2637//497
f 2853//30 2852//30 2638//30
f 2852//29 2851//29 2639//29
f 2851//28 2850//28 2640//28
f 2850//27 2849//27 2641//27
f 2849//26 2848//26 2642//26
f 2848//25 2847//25 2643//25
f 2847//496 2846//496 2644//496
f 2846//23 2845//23 2645//23
f 2845//22 2844//22 2646//22
f 2844//21 2843//21 2647//21
f 2843//20 2842//20 2648//20
f 2842//19 2841//19 2649//19
f 2841//18 2840//18 2650//18
f 2840//17 2839//17 2651//17
f 2839//16 2838//16 2652//16
f 2838//15 2837//15 2653//15
f 2837//14 2836//14 2654//14
f 2962//1 2963//1 2964//1
f 2964//1 2963//1 2965//1
f 2966//1 2964//1 2965//1
f 2966//1 2967//1 2964//1
f 2964//1 2967//1 2968//1
f 2969//1 2964//1 2968//1
f 2969//1 2970//1 2964//1
f 2964//1 2970//1 2971//1
f 2972//1 2964//1 2971//1
f 2972//1 2973//1 2964//1
f 2964//1 2973//1 2974//1
f 2975//1 2964//1 2974//1
f 2975//1 2976//1 2964//1
f 2964//1 2976//1 2977//1
f 2978//1 2964//1 2977//1
f 2978//1 2979//1 2964//1
f 2964//1 2979//1 2980//1
f 2981//1 2964//1 2980//1
f 2981//1 2982//1 2964//1
f 2964//1 2982//1 2983//1
f 2983//1 2982//1 2984//1
f 2985//1 2983//1 2984//1
f 2985//1 2986//1 2983//1
f 2983//1 2986//1 2987//1
f 2988//1 2983//1 2987//1
f 2988//1 2989//1 2983//1
f 2983//1 2989//1 2990//1
f 2991//1 2983//1 2990//1
f 2991//1 2992//1 2983//1
f 2983//1 2992//1 2993//1
f 2994//1 2983//1 2993//1
f 2994//1 2995//1 2983//1
f 2983//1 2995//1 2996//1
f 2997//1 2983//1 2996//1
f 2997//1 2998//1 2983//1
f 2997//1 2999//1 2998//1
f 2998//1 2999//1 3000//1
f 3001//1 2998//1 3000//1
f 3001//1 3002//1 2998//1
f 2998//1 3002//1 3003//1
f 3004//1 2998//1 3003//1
f 3004//1 3005//1 2998//1
f 2998//1 3005//1 3006//1
f 3007//1 2998//1 3006//1
f 3007//1 3008//1 2998//1
f 2998//1 3008//1 3009//1
f 3010//1 2998//1 3009//1
f 3010//1 3011//1 2998//1
f 2998//1 3011//1 3012//1
f 3013//1 2998//1 3012//1
f 3013//1 3014//1 2998//1
f 2998//1 3014//1 3015//1
f 3015//3 3016//3 2998//3
f 2998//3 3016//3 3017//3
f 3018//3 2998//3 3017//3
f 3018//3 3019//3 2998//3
f 2998//3 3019//3 3020//3
f 3021//3 2998//3 3020//3
f 3021//3 3022//3 2998//3
f 2998//3 3022//3 3023//3
f 3024//3 2998//3 3023//3
f 3024//3 3025//3 2998//3
f 2998//3 3025//3 3026//3
f 3027//3 2998//3 3026//3
f 3027//3 3028//3 2998//3
f 2998//3 3028//3 3029//3
f 3030//3 2998//3 3029//3
f 3030//3 3031//3 2998//3
f 2998//3 3031//3 3032//3
f 3033//3 3032//3 3034//3
f 3035//3 3033//3 3034//3
f 3035//3 3036//3 3033//3
f 3033//3 3036//3 3037//3
f 3038//3 3033//3 3037//3
f 3038//3 3039//3 3033//3
f 3033//3 3039//3 3040//3
f 3041//3 3033//3 3040//3
f 3041//3 3042//3 3033//3
f 3033//3 3042//3 3043//3
f 3044//3 3033//3 3043//3
f 3044//3 3045//3 3033//3
f 3033//3 3045//3 3046//3
f 3047//3 3033//3 3046//3
f 3047//3 3048//3 3033//3
f 3047//3 3049//3 3048//3
f 3048//3 3049//3 3050//3
f 3051//3 3048//3 3050//3
f 3051//3 3052//3 3048//3
f 3048//3 3052//3 3053//3
f 3054//3 3048//3 3053//3
f 3054//3 3055//3 3048//3
f 3048//3 3055//3 3056//3
f 3057//3 3048//3 3056//3
f 3057//3 3058//3 3048//3
f 3048//3 3058//3 3059//3
f 3060//3 3048//3 3059//3
f 3060//3 3061//3 3048//3
f 3048//3 3061//3 3062//3
f 3063//3 3048//3 3062//3
f 3063//3 3064//3 3048//3
f 3048//3 3064//3 3065//3
f 3066//3 3048//3 3065//3
f 3066//3 3067//3 3048//3
f 3033//3 2998//3 3032//3
f 2834//2 3068//2 2961//2
f 2834//2 2835//2 3068//2
f 3068//2 2835//2 2836//2
f 2837//2 3068//2 2836//2
f 2837//2 2838//2 3068//2
f 3068//2 2838//2 2839//2
f 2840//2 3068//2 2839//2
f 2840//2 2841//2 3068//2
f 3068//2 2841//2 2842//2
f 2843//2 3068//2 2842//2
f 2843//2 2844//2 3068//2
f 3068//2 2844//2 2845//2
f 2846//2 3068//2 2845//2
f 2846//2 2847//2 3068//2
f 3068//2 2847//2 2848//2
f 2849//2 3068//2 2848//2
f 2849//2 2850//2 3068//2
f 3068//2 2850//2 2851//2
f 2852//2 3068//2 2851//2
f 2852//2 2853//2 3068//2
f 3068//2 2853//2 2854//2
f 2855//2 3068//2 2854//2
f 2855//2 2856//2 3068//2
f 3068//2 2856//2 2857//2
f 2858//2 3068//2 2857//2
f 2858//2 2859//2 3068//2
f 3068//2 2859//2 2860//2
f 2861//2 3068//2 2860//2
f 2861//2 2862//2 3068//2
f 3068//2 2862//2 2863//2
f 2864//2 3068//2 2863//2
f 2864//2 2865//2 3068//2
f 3068//2 2865//2 2983//2
f 2983//2 2865//2 2866//2
f 2867//2 2983//2 2866//2
f 2867//2 2868//2 2983//2
f 2983//2 2868//2 2869//2
f 2870//2 2983//2 2869//2
f 2870//2 2871//2 2983//2
f 2983//2 2871//2 2872//2
f 2873//2 2983//2 2872//2
f 2873//2 2874//2 2983//2
f 2983//2 2874//2 2875//2
f 2876//2 2983//2 2875//2
f 2876//2 2877//2 2983//2
f 2983//2 2877//2 2878//2
f 2879//2 2983//2 2878//2
f 2879//2 2880//2 2983//2
f 2983//2 2880//2 2881//2
f 2882//2 2983//2 2881//2
f 2882//2 2883//2 2983//2
f 2983//2 2883//2 2884//2
f 2885//2 2983//2 2884//2
f 2885//2 2886//2 2983//2
f 2983//2 2886//2 2887//2
f 2888//2 2983//2 2887//2
f 2888//2 2889//2 2983//2
f 2983//2 2889//2 2890//2
f 2891//2 2983//2 2890//2
f 2891//2 2892//2 2983//2
f 2983//2 2892//2 2893//2
f 2894//2 2983//2 2893//2
f 2894//2 2895//2 2983//2
f 2983//2 2895//2 2896//2
f 2897//2 2983//2 2896//2
f 2897//2 2964//2 2983//2
f 2897//2 2898//2 2964//2
f 2964//2 2898//2 2899//2
f 2900//2 2964//2 2899//2
f 2900//2 2901//2 2964//2
f 2964//2 2901//2 2902//2
f 2903//2 2964//2 2902//2
f 2903//2 2904//2 2964//2
f 2964//2 2904//2 2905//2
f 2906//2 2964//2 2905//2
f 2906//2 2907//2 2964//2
f 2964//2 2907//2 2908//2
f 2909//2 2964//2 2908//2
f 2909//2 2910//2 2964//2
f 2964//2 2910//2 2911//2
f 2912//2 2964//2 2911//2
f 2912//2 2913//2 2964//2
f 2964//2 2913//2 2914//2
f 2915//2 2964//2 2914//2
f 2915//2 2916//2 2964//2
f 2964//2 2916//2 2917//2
f 2918//2 2964//2 2917//2
f 2918//2 2919//2 2964//2
f 2964//2 2919//2 2920//2
f 2921//2 2964//2 2920//2
f 2921//2 2922//2 2964//2
f 2964//2 2922//2 2923//2
f 2924//2 2964//2 2923//2
f 2924//2 2925//2 2964//2
f 2964//2 2925//2 2926//2
f 2927//2 2964//2 2926//2
f 2927//2 2928//2 2964//2
f 2964//2 2928//2 2929//2
f 3069//2 2929//2 2930//2
f 2931//2 3069//2 2930//2
f 2931//2 2932//2 3069//2
f 3069//2 2932//2 2933//2
f 2934//2 3069//2 2933//2
f 2934//2 2935//2 3069//2
f 3069//2 2935//2 2936//2
f 2937//2 3069//2 2936//2
f 2937//2 2938//2 3069//2
f 3069//2 2938//2 2939//2
f 2940//2 3069//2 2939//2
f 2940//2 2941//2 3069//2
f 3069//2 2941//2 2942//2
f 2943//2 3069//2 2942//2
f 2943//2 2944//2 3069//2
f 3069//2 2944//2 2945//2
f 2946//2 3069//2 2945//2
f 2946//2 2947//2 3069//2
f 3069//2 2947//2 2948//2
f 2949//2 3069//2 2948//2
f 2949//2 2950//2 3069//2
f 3069//2 2950//2 2951//2
f 2952//2 3069//2 2951//2
f 2952//2 2953//2 3069//2
f 3069//2 2953//2 2954//2
f 2955//2 3069//2 2954//2
f 2955//2 2956//2 3069//2
f 3069//2 2956//2 2957//2
f 2958//2 3069//2 2957//2
f 2958//2 2959//2 3069//2
f 3069//2 2959//2 2960//2
f 2961//2 3069//2 2960//2
f 2961//2 3068//2 3069//2
f 3069//2 2964//2 2929//2
f 3070//4 3033//4 3071//4
f 3070//4 3072//4 3033//4
f 3033//4 3072//4 3073//4
f 3074//4 3033//4 3073//4
f 3074//4 3075//4 3033//4
f 3033//4 3075//4 3076//4
f 3077//4 3033//4 3076//4
f 3077//4 3078//4 3033//4
f 3033//4 3078//4 3079//4
f 3080//4 3033//4 3079//4
f 3080//4 3081//4 3033//4
f 3033//4 3081//4 3082//4
f 3083//4 3033//4 3082//4
f 3083//4 3084//4 3033//4
f 3033//4 3084//4 3085//4
f 3086//4 3033//4 3085//4
f 3086//4 3087//4 3033//4
f 3033//4 3087//4 3088//4
f 3089//4 3033//4 3088//4
f 3089//4 3090//4 3033//4
f 3033//4 3090//4 3091//4
f 3092//4 3033//4 3091//4
f 3092//4 3093//4 3033//4
f 3033//4 3093//4 3094//4
f 3095//4 3033//4 3094//4
f 3095//4 3096//4 3033//4
f 3033//4 3096//4 3097//4
f 3098//4 3033//4 3097//4
f 3098//4 3099//4 3033//4
f 3033//4 3099//4 3100//4
f 3101//4 3033//4 3100//4
f 3101//4 3102//4 3033//4
f 3033//4 3102//4 3068//4
f 3068//4 3102//4 3103//4
f 3104//4 3068//4 3103//4
f 3104//4 3105//4 3068//4
f 3068//4 3105//4 3106//4
f 3107//4 3068//4 3106//4
f 3107//4 3108//4 3068//4
f 3068//4 3108//4 3109//4
f 3110//4 3068//4 3109//4
f 3110//4 3111//4 3068//4
f 3068//4 3111//4 3112//4
f 3113//4 3068//4 3112//4
f 3113//4 3114//4 3068//4
f 3068//4 3114//4 3115//4
f 3116//4 3068//4 3115//4
f 3116//4 3117//4 3068//4
f 3068//4 3117//4 3118//4
f 3119//4 3068//4 3118//4
f 3119//4 3120//4 3068//4
f 3068//4 3120//4 3121//4
f 3122//4 3068//4 3121//4
f 3122//4 3123//4 3068//4
f 3068//4 3123//4 3124//4
f 3125//4 3068//4 3124//4
f 3125//4 3126//4 3068//4
f 3068//4 3126//4 3127//4
f 3128//4 3068//4 3127//4
f 3128//4 3129//4 3068//4
f 3068//4 3129//4 3130//4
f 3131//4 3068//4 3130//4
f 3131//4 3132//4 3068//4
f 3068//4 3132//4 3133//4
f 3134//4 3068//4 3133//4
f 3134//4 3069//4 3068//4
f 3134//4 3135//4 3069//4
f 3069//4 3135//4 3136//4
f 3137//4 3069//4 3136//4
f 3137//4 3138//4 3069//4
f 3069//4 3138//4 3139//4
f 3140//4 3069//4 3139//4
f 3140//4 3141//4 3069//4
f 3069//4 3141//4 3142//4
f 3143//4 3069//4 3142//4
f 3143//4 3144//4 3069//4
f 3069//4 3144//4 3145//4
f 3146//4 3069//4 3145//4
f 3146//4 3147//4 3069//4
f 3069//4 3147//4 3148//4
f 3149//4 3069//4 3148//4
f 3149//4 3150//4 3069//4
f 3069//4 3150//4 3151//4
f 3152//4 3069//4 3151//4
f 3152//4 3153//4 3069//4
f 3069//4 3153//4 3154//4
f 3155//4 3069//4 3154//4
f 3155//4 3156//4 3069//4
f 3069//4 3156//4 3157//4
f 3158//4 3069//4 3157//4
f 3158//4 3159//4 3069//4
f 3069//4 3159//4 3160//4
f 3161//4 3069//4 3160//4
f 3161//4 3162//4 3069//4
f 3069//4 3162//4 3163//4
f 3164//4 3069//4 3163//4
f 3164//4 3165//4 3069//4
f 3069//4 3165//4 3166//4
f 3048//4 3166//4 3167//4
f 3168//4 3048//4 3167//4
f 3168//4 3169//4 3048//4
f 3048//4 3169//4 3170//4
f 3171//4 3048//4 3170//4
f 3171//4 3172//4 3048//4
f 3048//4 3172//4 3173//4
f 3174//4 3048//4 3173//4
f 3174//4 3175//4 3048//4
f 3048//4 3175//4 3176//4
f 3177//4 3048//4 3176//4
f 3177//4 3178//4 3048//4
f 3048//4 3178//4 3179//4
f 3180//4 3048//4 3179//4
f 3180//4 3181//4 3048//4
f 3048//4 3181//4 3182//4
f 3183//4 3048//4 3182//4
f 3183//4 3184//4 3048//4
f 3048//4 3184//4 3185//4
f 3186//4 3048//4 3185//4
f 3186//4 3187//4 3048//4
f 3048//4 3187//4 3188//4
f 3189//4 3048//4 3188//4
f 3189//4 3190//4 3048//4
f 3048//4 3190//4 3191//4
f 3192//4 3048//4 3191//4
f 3192//4 3193//4 3048//4
f 3048//4 3193//4 3194//4
f 3195//4 3048//4 3194//4
f 3195//4 3196//4 3048//4
f 3048//4 3196//4 3197//4
f 3071//4 3048//4 3197//4
f 3071//4 3033//4 3048//4
f 3048//4 3069//4 3166//4
f 2706//8 3033//8 2833//8
f 2706//8 2707//8 3033//8
f 3033//8 2707//8 2708//8
f 2709//8 3033//8 2708//8
f 2709//8 2710//8 3033//8
f 3033//8 2710//8 2711//8
f 2712//8 3033//8 2711//8
f 2712//8 2713//8 3033//8
f 3033//8 2713//8 2714//8
f 2715//8 3033//8 2714//8
f 2715//8 2716//8 3033//8
f 3033//8 2716//8 2717//8
f 2718//8 3033//8 2717//8
f 2718//8 2719//8 3033//8
f 3033//8 2719//8 2720//8
f 2721//8 3033//8 2720//8
f 2721//8 2722//8 3033//8
f 3033//8 2722//8 2723//8
f 2724//8 3033//8 2723//8
f 2724//8 2725//8 3033//8
f 3033//8 2725//8 2726//8
f 2727//8 3033//8 2726//8
f 2727//8 2728//8 3033//8
f 3033//8 2728//8 2729//8
f 2730//8 3033//8 2729//8
f 2730//8 2731//8 3033//8
f 3033//8 2731//8 2732//8
f 2733//8 3033//8 2732//8
f 2733//8 2734//8 3033//8
f 3033//8 2734//8 2735//8
f 2736//8 3033//8 2735//8
f 2736//8 2737//8 3033//8
f 3033//8 2737//8 2998//8
f 2998//8 2737//8 2738//8
f 2739//8 2998//8 2738//8
f 2739//8 2740//8 2998//8
f 2998//8 2740//8 2741//8
f 2742//8 2998//8 2741//8
f 2742//8 2743//8 2998//8
f 2998//8 2743//8 2744//8
f 2745//8 2998//8 2744//8
f 2745//8 2746//8 2998//8
f 2998//8 2746//8 2747//8
f 2748//8 2998//8 2747//8
f 2748//8 2749//8 2998//8
f 2998//8 2749//8 2750//8
f 2751//8 2998//8 2750//8
f 2751//8 2752//8 2998//8
f 2998//8 2752//8 2753//8
f 2754//8 2998//8 2753//8
f 2754//8 2755//8 2998//8
f 2998//8 2755//8 2756//8
f 2757//8 2998//8 2756//8
f 2757//8 2758//8 2998//8
f 2998//8 2758//8 2759//8
f 2760//8 2998//8 2759//8
f 2760//8 2761//8 2998//8
f 2998//8 2761//8 2762//8
f 2763//8 2998//8 2762//8
f 2763//8 2764//8 2998//8
f 2998//8 2764//8 2765//8
f 2766//8 2998//8 2765//8
f 2766//8 2767//8 2998//8
f 2998//8 2767//8 2768//8
f 2769//8 2998//8 2768//8
f 2769//8 2983//8 2998//8
f 2769//8 2770//8 2983//8
f 2983//8 2770//8 2771//8
f 2772//8 2983//8 2771//8
f 2772//8 2773//8 2983//8
f 2983//8 2773//8 2774//8
f 2775//8 2983//8 2774//8
f 2775//8 2776//8 2983//8
f 2983//8 2776//8 2777//8
f 2778//8 2983//8 2777//8
f 2778//8 2779//8 2983//8
f 2983//8 2779//8 2780//8
f 2781//8 2983//8 2780//8
f 2781//8 2782//8 2983//8
f 2983//8 2782//8 2783//8
f 2784//8 2983//8 2783//8
f 2784//8 2785//8 2983//8
f 2983//8 2785//8 2786//8
f 2787//8 2983//8 2786//8
f 2787//8 2788//8 2983//8
f 2983//8 2788//8 2789//8
f 2790//8 2983//8 2789//8
f 2790//8 2791//8 2983//8
f 2983//8 2791//8 2792//8
f 2793//8 2983//8 2792//8
f 2793//8 2794//8 2983//8
f 2983//8 2794//8 2795//8
f 2796//8 2983//8 2795//8
f 2796//8 2797//8 2983//8
f 2983//8 2797//8 2798//8
f 2799//8 2983//8 2798//8
f 2799//8 2800//8 2983//8
f 2983//8 2800//8 2801//8
f 3068//8 2801//8 2802//8
f 2803//8 3068//8 2802//8
f 2803//8 2804//8 3068//8
f 3068//8 2804//8 2805//8
f 2806//8 3068//8 2805//8
f 2806//8 2807//8 3068//8
f 3068//8 2807//8 2808//8
f 2809//8 3068//8 2808//8
f 2809//8 2810//8 3068//8
f 3068//8 2810//8 2811//8
f 2812//8 3068//8 2811//8
f 2812//8 2813//8 3068//8
f 3068//8 2813//8 2814//8
f 2815//8 3068//8 2814//8
f 2815//8 2816//8 3068//8
f 3068//8 2816//8 2817//8
f 2818//8 3068//8 2817//8
f 2818//8 2819//8 3068//8
f 3068//8 2819//8 2820//8
f 2821//8 3068//8 2820//8
f 2821//8 2822//8 3068//8
f 3068//8 2822//8 2823//8
f 2824//8 3068//8 2823//8
f 2824//8 2825//8 3068//8
f 3068//8 2825//8 2826//8
f 2827//8 3068//8 2826//8
f 2827//8 2828//8 3068//8
f 3068//8 2828//8 2829//8
f 2830//8 3068//8 2829//8
f 2830//8 2831//8 3068//8
f 3068//8 2831//8 2832//8
f 2833//8 3068//8 2832//8
f 2833//8 3033//8 3068//8
f 3068//8 2983//8 2801//8
f 3067//5 3198//5 3048//5
f 3048//5 3198//5 3199//5
f 3200//5 3048//5 3199//5
f 3200//5 3201//5 3048//5
f 3048//5 3201//5 3202//5
f 3203//5 3048//5 3202//5
f 3203//5 3204//5 3048//5
f 3048//5 3204//5 3205//5
f 3206//5 3048//5 3205//5
f 3206//5 3207//5 3048//5
f 3048//5 3207//5 3208//5
f 3209//5 3048//5 3208//5
f 3209//5 3210//5 3048//5
f 3048//5 3210//5 3211//5
f 3212//5 3048//5 3211//5
f 3212//5 3213//5 3048//5
f 3048//5 3213//5 3214//5
f 3069//5 3214//5 3215//5
f 3216//5 3069//5 3215//5
f 3216//5 3217//5 3069//5
f 3069//5 3217//5 3218//5
f 3219//5 3069//5 3218//5
f 3219//5 3220//5 3069//5
f 3069//5 3220//5 3221//5
f 3222//5 3069//5 3221//5
f 3222//5 3223//5 3069//5
f 3069//5 3223//5 3224//5
f 3225//5 3069//5 3224//5
f 3225//5 3226//5 3069//5
f 3069//5 3226//5 3227//5
f 3228//5 3069//5 3227//5
f 3228//5 3229//5 3069//5
f 3069//5 3229//5 3230//5
f 2964//5 3230//5 3231//5
f 3232//5 2964//5 3231//5
f 3232//5 3233//5 2964//5
f 2964//5 3233//5 3234//5
f 3235//5 2964//5 3234//5
f 3235//5 3236//5 2964//5
f 2964//5 3236//5 3237//5
f 3238//5 2964//5 3237//5
f 3238//5 3239//5 2964//5
f 2964//5 3239//5 3240//5
f 3241//5 2964//5 3240//5
f 3241//5 3242//5 2964//5
f 2964//5 3242//5 3243//5
f 3244//5 2964//5 3243//5
f 3244//5 3245//5 2964//5
f 2964//5 3245//5 3246//5
f 2962//5 2964//5 3246//5
f 2964//5 3069//5 3230//5
f 3069//5 3048//5 3214//5
f 1623//403 3247//403 1497//403
f 1623//404 3248//404 3247//404
f 1623//404 1622//404 3248//404
f 3248//405 1622//405 3249//405
f 3249//405 1622//405 1621//405
f 3250//406 1621//406 1620//406
f 3251//407 1620//407 1619//407
f 3252//408 1619//408 1618//408
f 3253//409 1618//409 1617//409
f 3254//410 1617//410 1616//410
f 3255//411 1616//411 1615//411
f 3256//412 1615//412 1614//412
f 3257//413 1614//413 1613//413
f 3258//414 1613//414 1612//414
f 3259//415 1612//415 1611//415
f 3260//416 1611//416 1610//416
f 3261//417 1610//417 1609//417
f 3262//418 1609//418 1608//418
f 3263//419 1608//419 1607//419
f 3264//420 1607//420 1606//420
f 3265//421 1606//421 1605//421
f 3266//422 1605//422 1604//422
f 3267//423 1604//423 1603//423
f 3268//424 1603//424 1602//424
f 3269//425 1602//425 1601//425
f 3270//426 1601//426 1600//426
f 3271//427 1600//427 1599//427
f 3272//428 1599//428 1598//428
f 3273//429 1598//429 1597//429
f 3274//430 1597//430 1596//430
f 3275//431 1596//431 1595//431
f 3276//432 1595//432 1594//432
f 3277//433 1594//433 1593//433
f 3278//434 1593//434 1592//434
f 3279//435 1592//435 1591//435
f 3280//436 1591//436 1590//436
f 3281//437 1590//437 1589//437
f 3282//438 1589//438 1588//438
f 3283//439 1588//439 1587//439
f 3284//440 1587//440 1586//440
f 3285//441 1586//441 1585//441
f 3286//442 1585//442 1584//442
f 3287//443 1584//443 1583//443
f 3288//444 1583//444 1582//444
f 3289//445 1582//445 1581//445
f 3290//446 1581//446 1580//446
f 3291//447 1580//447 1579//447
f 3292//448 1579//448 1578//448
f 3293//449 1578//449 1577//449
f 3294//450 1577//450 1576//450
f 3295//451 1576//451 1575//451
f 3296//452 1575//452 1574//452
f 3297//453 1574//453 1573//453
f 3298//454 1573//454 1572//454
f 3299//455 1572//455 1571//455
f 3300//456 1571//456 1570//456
f 3301//457 1570//457 1569//457
f 3302//458 1569//458 1568//458
f 3303//459 1568//459 1567//459
f 3304//460 1567//460 1566//460
f 3305//461 1566//461 1565//461
f 3306//462 1565//462 1564//462
f 3307//463 1564//463 1563//463
f 3308//464 1563//464 1562//464
f 3309//465 1562//465 1561//465
f 3310//466 1561//466 1560//466
f 3311//339 1560//339 1559//339
f 3312//340 1559//340 1558//340
f 3313//341 1558//341 1557//341
f 3314//342 1557//342 1556//342
f 3315//343 1556//343 1555//343
f 3316//344 1555//344 1554//344
f 3317//345 1554//345 1553//345
f 3318//346 1553//346 1552//346
f 3319//347 1552//347 1551//347
f 3320//348 1551//348 1550//348
f 3321//349 1550//349 1549//349
f 3322//350 1549//350 1548//350
f 3323//351 1548//351 1547//351
f 3324//352 1547//352 1546//352
f 3325//353 1546//353 1545//353
f 3326//354 1545//354 1544//354
f 3327//355 1544//355 1543//355
f 3328//356 1543//356 1542//356
f 3329//357 1542//357 1541//357
f 3330//358 1541//358 1540//358
f 3331//359 1540//359 1539//359
f 3332//360 1539//360 1538//360
f 3333//361 1538//361 1537//361
f 3334//362 1537//362 1536//362
f 3335//363 1536//363 1535//363
f 3336//364 1535//364 1534//364
f 3337//365 1534//365 1533//365
f 3338//366 1533//366 1532//366
f 3339//367 1532//367 1531//367
f 3340//368 1531//368 1530//368
f 3341//369 1530//369 1529//369
f 3342//370 1529//370 1528//370
f 3343//371 1528//371 1527//371
f 3344//372 1527//372 1526//372
f 3345//373 1526//373 1525//373
f 3346//374 1525//374 1524//374
f 3347//375 1524//375 1523//375
f 3348//376 1523//376 1522//376
f 3349//377 1522//377 1521//377
f 3350//378 1521//378 1520//378
f 3351//379 1520//379 1519//379
f 3352//380 1519//380 1518//380
f 3353//381 1518//381 1517//381
f 3354//382 1517//382 1516//382
f 3355//383 1516//383 1515//383
f 3356//384 1515//384 1514//384
f 3357//385 1514//385 1513//385
f 3358//386 1513//386 1512//386
f 3359//387 1512//387 1511//387
f 3360//388 1511//388 1510//388
f 3361//389 1510//389 1509//389
f 3362//390 1509//390 1508//390
f 3363//391 1508//391 1507//391
f 3364//392 1507//392 1506//392
f 3365//393 1506//393 1505//393
f 3366//394 1505//394 1504//394
f 3367//395 1504//395 1503//395
f 3368//396 1503//396 1502//396
f 3369//397 1502//397 1501//397
f 3370//398 1501//398 1500//398
f 3371//399 1500//399 1499//399
f 3372//400 1499//400 1498//400
f 3373//401 1498//401 1496//401
f 3374//402 1496//402 1497//402
f 3247//403 3374//403 1497//403
f 3374//402 3373//402 1496//402
f 3373//401 3372//401 1498//401
f 3372//400 3371//400 1499//400
f 3371//399 3370//399 1500//399
f 3370//398 3369//398 1501//398
f 3369//397 3368//397 1502//397
f 3368//396 3367//396 1503//396
f 3367//395 3366//395 1504//395
f 3366//479 3365//479 1505//479
f 3365//393 3364//393 1506//393
f 3364//392 3363//392 1507//392
f 3363//391 3362//391 1508//391
f 3362//390 3361//390 1509//390
f 3361//389 3360//389 1510//389
f 3360//388 3359//388 1511//388
f 3359//387 3358//387 1512//387
f 3358//386 3357//386 1513//386
f 3357//385 3356//385 1514//385
f 3356//384 3355//384 1515//384
f 3355//383 3354//383 1516//383
f 3354//480 3353//480 1517//480
f 3353//381 3352//381 1518//381
f 3352//380 3351//380 1519//380
f 3351//379 3350//379 1520//379
f 3350//378 3349//378 1521//378
f 3349//377 3348//377 1522//377
f 3348//376 3347//376 1523//376
f 3347//375 3346//375 1524//375
f 3346//374 3345//374 1525//374
f 3345//373 3344//373 1526//373
f 3344//372 3343//372 1527//372
f 3343//481 3342//481 1528//481
f 3342//482 3341//482 1529//482
f 3341//369 3340//369 1530//369
f 3340//368 3339//368 1531//368
f 3339//367 3338//367 1532//367
f 3338//366 3337//366 1533//366
f 3337//365 3336//365 1534//365
f 3336//364 3335//364 1535//364
f 3335//363 3334//363 1536//363
f 3334//362 3333//362 1537//362
f 3333//361 3332//361 1538//361
f 3332//360 3331//360 1539//360
f 3331//483 3330//483 1540//483
f 3330//358 3329//358 1541//358
f 3329//357 3328//357 1542//357
f 3328//356 3327//356 1543//356
f 3327//355 3326//355 1544//355
f 3326//354 3325//354 1545//354
f 3325//353 3324//353 1546//353
f 3324//352 3323//352 1547//352
f 3323//351 3322//351 1548//351
f 3322//350 3321//350 1549//350
f 3321//349 3320//349 1550//349
f 3320//348 3319//348 1551//348
f 3319//484 3318//484 1552//484
f 3318//346 3317//346 1553//346
f 3317//345 3316//345 1554//345
f 3316//344 3315//344 1555//344
f 3315//343 3314//343 1556//343
f 3314//342 3313//342 1557//342
f 3313//341 3312//341 1558//341
f 3312//340 3311//340 1559//340
f 3311//339 3310//339 1560//339
f 3310//466 3309//466 1561//466
f 3309//465 3308//465 1562//465
f 3308//464 3307//464 1563//464
f 3307//463 3306//463 1564//463
f 3306//462 3305//462 1565//462
f 3305//461 3304//461 1566//461
f 3304//460 3303//460 1567//460
f 3303//459 3302//459 1568//459
f 3302//467 3301//467 1569//467
f 3301//457 3300//457 1570//457
f 3300//456 3299//456 1571//456
f 3299//455 3298//455 1572//455
f 3298//454 3297//454 1573//454
f 3297//453 3296//453 1574//453
f 3296//452 3295//452 1575//452
f 3295//468 3294//468 1576//468
f 3294//450 3293//450 1577//450
f 3293//449 3292//449 1578//449
f 3292//469 3291//469 1579//469
f 3291//447 3290//447 1580//447
f 3290//470 3289//470 1581//470
f 3289//445 3288//445 1582//445
f 3288//444 3287//444 1583//444
f 3287//471 3286//471 1584//471
f 3286//442 3285//442 1585//442
f 3285//441 3284//441 1586//441
f 3284//440 3283//440 1587//440
f 3283//439 3282//439 1588//439
f 3282//472 3281//472 1589//472
f 3281//437 3280//437 1590//437
f 3280//436 3279//436 1591//436
f 3279//435 3278//435 1592//435
f 3278//434 3277//434 1593//434
f 3277//433 3276//433 1594//433
f 3276//432 3275//432 1595//432
f 3275//473 3274//473 1596//473
f 3274//430 3273//430 1597//430
f 3273//429 3272//429 1598//429
f 3272//428 3271//428 1599//428
f 3271//427 3270//427 1600//427
f 3270//474 3269//474 1601//474
f 3269//425 3268//425 1602//425
f 3268//424 3267//424 1603//424
f 3267//475 3266//475 1604//475
f 3266//422 3265//422 1605//422
f 3265//476 3264//476 1606//476
f 3264//420 3263//420 1607//420
f 3263//419 3262//419 1608//419
f 3262//477 3261//477 1609//477
f 3261//417 3260//417 1610//417
f 3260//416 3259//416 1611//416
f 3259//415 3258//415 1612//415
f 3258//414 3257//414 1613//414
f 3257//413 3256//413 1614//413
f 3256//412 3255//412 1615//412
f 3255//478 3254//478 1616//478
f 3254//410 3253//410 1617//410
f 3253//409 3252//409 1618//409
f 3252//408 3251//408 1619//408
f 3251//407 3250//407 1620//407
f 3250//406 3249//406 1621//406
f 2527//147 3375//147 2400//147
f 2527//148 3376//148 3375//148
f 2527//148 2526//148 3376//148
f 3376//149 2526//149 3377//149
f 3377//149 2526//149 2525//149
f 3378//150 2525//150 2524//150
f 3379//151 2524//151 2523//151
f 3380//152 2523//152 2522//152
f 3381//153 2522//153 2521//153
f 3382//154 2521//154 2520//154
f 3383//155 2520//155 2519//155
f 3384//329 2519//329 2518//329
f 3385//157 2518//157 2517//157
f 3386//158 2517//158 2516//158
f 3387//159 2516//159 2515//159
f 3388//521 2515//521 2514//521
f 3389//161 2514//161 2513//161
f 3390//327 2513//327 2512//327
f 3391//163 2512//163 2511//163
f 3392//164 2511//164 2510//164
f 3393//522 2510//522 2509//522
f 3394//166 2509//166 2508//166
f 3395//167 2508//167 2507//167
f 3396//523 2507//523 2506//523
f 3397//169 2506//169 2505//169
f 3398//324 2505//324 2504//324
f 3399//323 2504//323 2503//323
f 3400//172 2503//172 2502//172
f 3401//321 2502//321 2501//321
f 3402//174 2501//174 2500//174
f 3403//175 2500//175 2499//175
f 3404//176 2499//176 2498//176
f 3405//177 2498//177 2497//177
f 3406//178 2497//178 2496//178
f 3407//179 2496//179 2495//179
f 3408//316 2495//316 2494//316
f 3409//315 2494//315 2493//315
f 3410//182 2493//182 2492//182
f 3411//313 2492//313 2491//313
f 3412//184 2491//184 2490//184
f 3413//311 2490//311 2489//311
f 3414//186 2489//186 2488//186
f 3415//309 2488//309 2487//309
f 3416//188 2487//188 2486//188
f 3417//524 2486//524 2485//524
f 3418//190 2485//190 2484//190
f 3419//191 2484//191 2483//191
f 3420//192 2483//192 2482//192
f 3421//193 2482//193 2481//193
f 3422//194 2481//194 2480//194
f 3423//306 2480//306 2479//306
f 3424//196 2479//196 2478//196
f 3425//525 2478//525 2477//525
f 3426//305 2477//305 2476//305
f 3427//199 2476//199 2475//199
f 3428//200 2475//200 2474//200
f 3429//201 2474//201 2473//201
f 3430//202 2473//202 2472//202
f 3431//203 2472//203 2471//203
f 3432//204 2471//204 2470//204
f 3433//205 2470//205 2469//205
f 3434//206 2469//206 2468//206
f 3435//207 2468//207 2467//207
f 3436//208 2467//208 2466//208
f 3437//209 2466//209 2465//209
f 3438//210 2465//210 2463//210
f 3439//211 2463//211 2462//211
f 3440//212 2462//212 2461//212
f 3441//213 2461//213 2460//213
f 3442//214 2460//214 2459//214
f 3443//215 2459//215 2458//215
f 3444//216 2458//216 2457//216
f 3445//217 2457//217 2456//217
f 3446//218 2456//218 2455//218
f 3447//219 2455//219 2454//219
f 3448//301 2454//301 2453//301
f 3449//221 2453//221 2452//221
f 3450//222 2452//222 2451//222
f 3451//223 2451//223 2450//223
f 3452//526 2450//526 2449//526
f 3453//225 2449//225 2448//225
f 3454//226 2448//226 2447//226
f 3455//227 2447//227 2446//227
f 3456//228 2446//228 2445//228
f 3457//527 2445//527 2444//527
f 3458//230 2444//230 2443//230
f 3459//231 2443//231 2442//231
f 3460//528 2442//528 2441//528
f 3461//233 2441//233 2440//233
f 3462//234 2440//234 2439//234
f 3463//295 2439//295 2438//295
f 3464//236 2438//236 2437//236
f 3465//293 2437//293 2436//293
f 3466//238 2436//238 2435//238
f 3467//291 2435//291 2434//291
f 3468//240 2434//240 2433//240
f 3469//241 2433//241 2432//241
f 3470//529 2432//529 2431//529
f 3471//243 2431//243 2430//243
f 3472//288 2430//288 2429//288
f 3473//287 2429//287 2428//287
f 3474//246 2428//246 2427//246
f 3475//285 2427//285 2426//285
f 3476//248 2426//248 2425//248
f 3477//283 2425//283 2424//283
f 3478//250 2424//250 2423//250
f 3479//281 2423//281 2422//281
f 3480//252 2422//252 2421//252
f 3481//530 2421//530 2420//530
f 3482//254 2420//254 2419//254
f 3483//255 2419//255 2418//255
f 3484//531 2418//531 2417//531
f 3485//257 2417//257 2416//257
f 3486//258 2416//258 2415//258
f 3487//278 2415//278 2414//278
f 3488//260 2414//260 2413//260
f 3489//532 2413//532 2412//532
f 3490//277 2412//277 2411//277
f 3491//263 2411//263 2410//263
f 3492//264 2410//264 2409//264
f 3493//265 2409//265 2408//265
f 3494//266 2408//266 2407//266
f 3495//267 2407//267 2406//267
f 3496//268 2406//268 2405//268
f 3497//269 2405//269 2404//269
f 3498//270 2404//270 2403//270
f 3499//271 2403//271 2402//271
f 3500//272 2402//272 2401//272
f 3501//273 2401//273 2399//273
f 3502//274 2399//274 2400//274
f 3375//147 3502//147 2400//147
f 3502//274 3501//274 2399//274
f 3501//273 3500//273 2401//273
f 3500//272 3499//272 2402//272
f 3499//271 3498//271 2403//271
f 3498//270 3497//270 2404//270
f 3497//269 3496//269 2405//269
f 3496//268 3495//268 2406//268
f 3495//267 3494//267 2407//267
f 3494//275 3493//275 2408//275
f 3493//265 3492//265 2409//265
f 3492//264 3491//264 2410//264
f 3491//263 3490//263 2411//263
f 3490//277 3489//277 2412//277
f 3489//532 3488//532 2413//532
f 3488//260 3487//260 2414//260
f 3487//278 3486//278 2415//278
f 3486//258 3485//258 2416//258
f 3485//257 3484//257 2417//257
f 3484//531 3483//531 2418//531
f 3483//255 3482//255 2419//255
f 3482//279 3481//279 2420//279
f 3481//530 3480//530 2421//530
f 3480//252 3479//252 2422//252
f 3479//281 3478//281 2423//281
f 3478//250 3477//250 2424//250
f 3477//283 3476//283 2425//283
f 3476//248 3475//248 2426//248
f 3475//285 3474//285 2427//285
f 3474//246 3473//246 2428//246
f 3473//287 3472//287 2429//287
f 3472//288 3471//288 2430//288
f 3471//533 3470//533 2431//533
f 3470//242 3469//242 2432//242
f 3469//241 3468//241 2433//241
f 3468//240 3467//240 2434//240
f 3467//291 3466//291 2435//291
f 3466//238 3465//238 2436//238
f 3465//293 3464//293 2437//293
f 3464//236 3463//236 2438//236
f 3463//295 3462//295 2439//295
f 3462//234 3461//234 2440//234
f 3461//233 3460//233 2441//233
f 3460//528 3459//528 2442//528
f 3459//298 3458//298 2443//298
f 3458//230 3457//230 2444//230
f 3457//527 3456//527 2445//527
f 3456//228 3455//228 2446//228
f 3455//227 3454//227 2447//227
f 3454//226 3453//226 2448//226
f 3453//225 3452//225 2449//225
f 3452//526 3451//526 2450//526
f 3451//223 3450//223 2451//223
f 3450//222 3449//222 2452//222
f 3449//221 3448//221 2453//221
f 3448//301 3447//301 2454//301
f 3447//302 3446//302 2455//302
f 3446//218 3445//218 2456//218
f 3445//217 3444//217 2457//217
f 3444//216 3443//216 2458//216
f 3443//215 3442//215 2459//215
f 3442//214 3441//214 2460//214
f 3441//213 3440//213 2461//213
f 3440//212 3439//212 2462//212
f 3439//211 3438//211 2463//211
f 3438//210 3437//210 2465//210
f 3437//209 3436//209 2466//209
f 3436//208 3435//208 2467//208
f 3435//207 3434//207 2468//207
f 3434//206 3433//206 2469//206
f 3433//205 3432//205 2470//205
f 3432//204 3431//204 2471//204
f 3431//203 3430//203 2472//203
f 3430//303 3429//303 2473//303
f 3429//201 3428//201 2474//201
f 3428//200 3427//200 2475//200
f 3427//199 3426//199 2476//199
f 3426//305 3425//305 2477//305
f 3425//525 3424//525 2478//525
f 3424//196 3423//196 2479//196
f 3423//195 3422//195 2480//195
f 3422//194 3421//194 2481//194
f 3421//193 3420//193 2482//193
f 3420//534 3419//534 2483//534
f 3419//191 3418//191 2484//191
f 3418//307 3417//307 2485//307
f 3417//524 3416//524 2486//524
f 3416//188 3415//188 2487//188
f 3415//187 3414//187 2488//187
f 3414//186 3413//186 2489//186
f 3413//311 3412//311 2490//311
f 3412//184 3411//184 2491//184
f 3411//313 3410//313 2492//313
f 3410//314 3409//314 2493//314
f 3409//315 3408//315 2494//315
f 3408//316 3407//316 2495//316
f 3407//179 3406//179 2496//179
f 3406//178 3405//178 2497//178
f 3405//177 3404//177 2498//177
f 3404//176 3403//176 2499//176
f 3403//319 3402//319 2500//319
f 3402//174 3401//174 2501//174
f 3401//321 3400//321 2502//321
f 3400//172 3399//172 2503//172
f 3399//323 3398//323 2504//323
f 3398//170 3397//170 2505//170
f 3397//169 3396//169 2506//169
f 3396//523 3395//523 2507//523
f 3395//326 3394//326 2508//326
f 3394//166 3393//166 2509//166
f 3393//165 3392//165 2510//165
f 3392//164 3391//164 2511//164
f 3391//163 3390//163 2512//163
f 3390//162 3389//162 2513//162
f 3389//161 3388//161 2514//161
f 3388//521 3387//521 2515//521
f 3387//159 3386//159 2516//159
f 3386//158 3385//158 2517//158
f 3385//157 3384//157 2518//157
f 3384//329 3383//329 2519//329
f 3383//330 3382//330 2520//330
f 3382//154 3381//154 2521//154
f 3381//153 3380//153 2522//153
f 3380//152 3379//152 2523//152
f 3379//151 3378//151 2524//151
f 3378//150 3377//150 2525//150
f 3503//4 3504//4 3505//4
f 3505//4 3504//4 3506//4
f 3507//4 3505//4 3506//4
f 3507//4 3508//4 3505//4
f 3505//4 3508//4 3509//4
f 3510//4 3505//4 3509//4
f 3510//4 3511//4 3505//4
f 3505//4 3511//4 3512//4
f 3513//4 3505//4 3512//4
f 3513//4 3514//4 3505//4
f 3505//4 3514//4 3515//4
f 3516//4 3505//4 3515//4
f 3516//4 3517//4 3505//4
f 3505//4 3517//4 3518//4
f 3519//4 3505//4 3518//4
f 3519//4 3520//4 3505//4
f 3505//4 3520//4 3521//4
f 3522//4 3505//4 3521//4
f 3522//4 3523//4 3505//4
f 3505//4 3523//4 3524//4
f 3524//4 3523//4 3525//4
f 3526//4 3524//4 3525//4
f 3526//4 3527//4 3524//4
f 3524//4 3527//4 3528//4
f 3529//4 3524//4 3528//4
f 3529//4 3530//4 3524//4
f 3524//4 3530//4 3531//4
f 3532//4 3524//4 3531//4
f 3532//4 3533//4 3524//4
f 3524//4 3533//4 3534//4
f 3535//4 3524//4 3534//4
f 3535//4 3536//4 3524//4
f 3524//4 3536//4 3537//4
f 3538//4 3524//4 3537//4
f 3538//4 3539//4 3524//4
f 3538//4 3540//4 3539//4
f 3539//4 3540//4 3541//4
f 3542//4 3539//4 3541//4
f 3542//4 3543//4 3539//4
f 3539//4 3543//4 3544//4
f 3545//4 3539//4 3544//4
f 3545//4 3546//4 3539//4
f 3539//4 3546//4 3547//4
f 3548//4 3539//4 3547//4
f 3548//4 3549//4 3539//4
f 3539//4 3549//4 3550//4
f 3551//4 3539//4 3550//4
f 3551//4 3552//4 3539//4
f 3539//4 3552//4 3553//4
f 3554//4 3539//4 3553//4
f 3554//4 3555//4 3539//4
f 3539//4 3555//4 3556//4
f 3556//2 3557//2 3539//2
f 3539//2 3557//2 3558//2
f 3559//2 3539//2 3558//2
f 3559//2 3560//2 3539//2
f 3539//2 3560//2 3561//2
f 3562//2 3539//2 3561//2
f 3562//2 3563//2 3539//2
f 3539//2 3563//2 3564//2
f 3565//2 3539//2 3564//2
f 3565//2 3566//2 3539//2
f 3539//2 3566//2 3567//2
f 3568//2 3539//2 3567//2
f 3568//2 3569//2 3539//2
f 3539//2 3569//2 3570//2
f 3571//2 3539//2 3570//2
f 3571//2 3572//2 3539//2
f 3539//2 3572//2 3573//2
f 3574//2 3573//2 3575//2
f 3576//2 3574//2 3575//2
f 3576//2 3577//2 3574//2
f 3574//2 3577//2 3578//2
f 3579//2 3574//2 3578//2
f 3579//2 3580//2 3574//2
f 3574//2 3580//2 3581//2
f 3582//2 3574//2 3581//2
f 3582//2 3583//2 3574//2
f 3574//2 3583//2 3584//2
f 3585//2 3574//2 3584//2
f 3585//2 3586//2 3574//2
f 3574//2 3586//2 3587//2
f 3588//2 3574//2 3587//2
f 3588//2 3589//2 3574//2
f 3588//2 3590//2 3589//2
f 3589//2 3590//2 3591//2
f 3592//2 3589//2 3591//2
f 3592//2 3593//2 3589//2
f 3589//2 3593//2 3594//2
f 3595//2 3589//2 3594//2
f 3595//2 3596//2 3589//2
f 3589//2 3596//2 3597//2
f 3598//2 3589//2 3597//2
f 3598//2 3599//2 3589//2
f 3589//2 3599//2 3600//2
f 3601//2 3589//2 3600//2
f 3601//2 3602//2 3589//2
f 3589//2 3602//2 3603//2
f 3604//2 3589//2 3603//2
f 3604//2 3605//2 3589//2
f 3589//2 3605//2 3606//2
f 3607//2 3589//2 3606//2
f 3607//2 3608//2 3589//2
f 3574//2 3539//2 3573//2
f 3609//3 3610//3 3611//3
f 3609//3 3612//3 3610//3
f 3610//3 3612//3 3613//3
f 3614//3 3610//3 3613//3
f 3614//3 3615//3 3610//3
f 3610//3 3615//3 3616//3
f 3617//3 3610//3 3616//3
f 3617//3 3618//3 3610//3
f 3610//3 3618//3 3619//3
f 3620//3 3610//3 3619//3
f 3620//3 3621//3 3610//3
f 3610//3 3621//3 3622//3
f 3623//3 3610//3 3622//3
f 3623//3 3624//3 3610//3
f 3610//3 3624//3 3625//3
f 3626//3 3610//3 3625//3
f 3626//3 3627//3 3610//3
f 3610//3 3627//3 3628//3
f 3629//3 3610//3 3628//3
f 3629//3 3630//3 3610//3
f 3610//3 3630//3 3631//3
f 3632//3 3610//3 3631//3
f 3632//3 3633//3 3610//3
f 3610//3 3633//3 3634//3
f 3635//3 3610//3 3634//3
f 3635//3 3636//3 3610//3
f 3610//3 3636//3 3637//3
f 3638//3 3610//3 3637//3
f 3638//3 3639//3 3610//3
f 3610//3 3639//3 3640//3
f 3641//3 3610//3 3640//3
f 3641//3 3642//3 3610//3
f 3610//3 3642//3 3524//3
f 3524//3 3642//3 3643//3
f 3644//3 3524//3 3643//3
f 3644//3 3645//3 3524//3
f 3524//3 3645//3 3646//3
f 3647//3 3524//3 3646//3
f 3647//3 3648//3 3524//3
f 3524//3 3648//3 3649//3
f 3650//3 3524//3 3649//3
f 3650//3 3651//3 3524//3
f 3524//3 3651//3 3652//3
f 3653//3 3524//3 3652//3
f 3653//3 3654//3 3524//3
f 3524//3 3654//3 3655//3
f 3656//3 3524//3 3655//3
f 3656//3 3657//3 3524//3
f 3524//3 3657//3 3658//3
f 3659//3 3524//3 3658//3
f 3659//3 3660//3 3524//3
f 3524//3 3660//3 3661//3
f 3662//3 3524//3 3661//3
f 3662//3 3663//3 3524//3
f 3524//3 3663//3 3664//3
f 3665//3 3524//3 3664//3
f 3665//3 3666//3 3524//3
f 3524//3 3666//3 3667//3
f 3668//3 3524//3 3667//3
f 3668//3 3669//3 3524//3
f 3524//3 3669//3 3670//3
f 3671//3 3524//3 3670//3
f 3671//3 3672//3 3524//3
f 3524//3 3672//3 3673//3
f 3674//3 3524//3 3673//3
f 3674//3 3505//3 3524//3
f 3674//3 3675//3 3505//3
f 3505//3 3675//3 3676//3
f 3677//3 3505//3 3676//3
f 3677//3 3678//3 3505//3
f 3505//3 3678//3 3679//3
f 3680//3 3505//3 3679//3
f 3680//3 3681//3 3505//3
f 3505//3 3681//3 3682//3
f 3683//3 3505//3 3682//3
f 3683//3 3684//3 3505//3
f 3505//3 3684//3 3685//3
f 3686//3 3505//3 3685//3
f 3686//3 3687//3 3505//3
f 3505//3 3687//3 3688//3
f 3689//3 3505//3 3688//3
f 3689//3 3690//3 3505//3
f 3505//3 3690//3 3691//3
f 3692//3 3505//3 3691//3
f 3692//3 3693//3 3505//3
f 3505//3 3693//3 3694//3
f 3695//3 3505//3 3694//3
f 3695//3 3696//3 3505//3
f 3505//3 3696//3 3697//3
f 3698//3 3505//3 3697//3
f 3698//3 3699//3 3505//3
f 3505//3 3699//3 3700//3
f 3701//3 3505//3 3700//3
f 3701//3 3702//3 3505//3
f 3505//3 3702//3 3703//3
f 3704//3 3505//3 3703//3
f 3704//3 3705//3 3505//3
f 3505//3 3705//3 3706//3
f 3707//3 3706//3 3708//3
f 3709//3 3707//3 3708//3
f 3709//3 3710//3 3707//3
f 3707//3 3710//3 3711//3
f 3712//3 3707//3 3711//3
f 3712//3 3713//3 3707//3
f 3707//3 3713//3 3714//3
f 3715//3 3707//3 3714//3
f 3715//3 3716//3 3707//3
f 3707//3 3716//3 3717//3
f 3718//3 3707//3 3717//3
f 3718//3 3719//3 3707//3
f 3707//3 3719//3 3720//3
f 3721//3 3707//3 3720//3
f 3721//3 3722//3 3707//3
f 3707//3 3722//3 3723//3
f 3724//3 3707//3 3723//3
f 3724//3 3725//3 3707//3
f 3707//3 3725//3 3726//3
f 3727//3 3707//3 3726//3
f 3727//3 3728//3 3707//3
f 3707//3 3728//3 3729//3
f 3730//3 3707//3 3729//3
f 3730//3 3731//3 3707//3
f 3707//3 3731//3 3732//3
f 3733//3 3707//3 3732//3
f 3733//3 3734//3 3707//3
f 3707//3 3734//3 3735//3
f 3736//3 3707//3 3735//3
f 3736//3 3737//3 3707//3
f 3707//3 3737//3 3738//3
f 3611//3 3707//3 3738//3
f 3611//3 3610//3 3707//3
f 3707//3 3505//3 3706//3
f 3375//1 3574//1 3502//1
f 3375//1 3376//1 3574//1
f 3574//1 3376//1 3377//1
f 3378//1 3574//1 3377//1
f 3378//1 3379//1 3574//1
f 3574//1 3379//1 3380//1
f 3381//1 3574//1 3380//1
f 3381//1 3382//1 3574//1
f 3574//1 3382//1 3383//1
f 3384//1 3574//1 3383//1
f 3384//1 3385//1 3574//1
f 3574//1 3385//1 3386//1
f 3387//1 3574//1 3386//1
f 3387//1 3388//1 3574//1
f 3574//1 3388//1 3389//1
f 3390//1 3574//1 3389//1
f 3390//1 3391//1 3574//1
f 3574//1 3391//1 3392//1
f 3393//1 3574//1 3392//1
f 3393//1 3394//1 3574//1
f 3574//1 3394//1 3395//1
f 3396//1 3574//1 3395//1
f 3396//1 3397//1 3574//1
f 3574//1 3397//1 3398//1
f 3399//1 3574//1 3398//1
f 3399//1 3400//1 3574//1
f 3574//1 3400//1 3401//1
f 3402//1 3574//1 3401//1
f 3402//1 3403//1 3574//1
f 3574//1 3403//1 3404//1
f 3405//1 3574//1 3404//1
f 3405//1 3406//1 3574//1
f 3574//1 3406//1 3610//1
f 3610//1 3406//1 3407//1
f 3408//1 3610//1 3407//1
f 3408//1 3409//1 3610//1
f 3610//1 3409//1 3410//1
f 3411//1 3610//1 3410//1
f 3411//1 3412//1 3610//1
f 3610//1 3412//1 3413//1
f 3414//1 3610//1 3413//1
f 3414//1 3415//1 3610//1
f 3610//1 3415//1 3416//1
f 3417//1 3610//1 3416//1
f 3417//1 3418//1 3610//1
f 3610//1 3418//1 3419//1
f 3420//1 3610//1 3419//1
f 3420//1 3421//1 3610//1
f 3610//1 3421//1 3422//1
f 3423//1 3610//1 3422//1
f 3423//1 3424//1 3610//1
f 3610//1 3424//1 3425//1
f 3426//1 3610//1 3425//1
f 3426//1 3427//1 3610//1
f 3610//1 3427//1 3428//1
f 3429//1 3610//1 3428//1
f 3429//1 3430//1 3610//1
f 3610//1 3430//1 3431//1
f 3432//1 3610//1 3431//1
f 3432//1 3433//1 3610//1
f 3610//1 3433//1 3434//1
f 3435//1 3610//1 3434//1
f 3435//1 3436//1 3610//1
f 3610//1 3436//1 3437//1
f 3438//1 3610//1 3437//1
f 3438//1 3707//1 3610//1
f 3438//1 3439//1 3707//1
f 3707//1 3439//1 3440//1
f 3441//1 3707//1 3440//1
f 3441//1 3442//1 3707//1
f 3707//1 3442//1 3443//1
f 3444//1 3707//1 3443//1
f 3444//1 3445//1 3707//1
f 3707//1 3445//1 3446//1
f 3447//1 3707//1 3446//1
f 3447//1 3448//1 3707//1
f 3707//1 3448//1 3449//1
f 3450//1 3707//1 3449//1
f 3450//1 3451//1 3707//1
f 3707//1 3451//1 3452//1
f 3453//1 3707//1 3452//1
f 3453//1 3454//1 3707//1
f 3707//1 3454//1 3455//1
f 3456//1 3707//1 3455//1
f 3456//1 3457//1 3707//1
f 3707//1 3457//1 3458//1
f 3459//1 3707//1 3458//1
f 3459//1 3460//1 3707//1
f 3707//1 3460//1 3461//1
f 3462//1 3707//1 3461//1
f 3462//1 3463//1 3707//1
f 3707//1 3463//1 3464//1
f 3465//1 3707//1 3464//1
f 3465//1 3466//1 3707//1
f 3707//1 3466//1 3467//1
f 3468//1 3707//1 3467//1
f 3468//1 3469//1 3707//1
f 3707//1 3469//1 3470//1
f 3589//1 3470//1 3471//1
f 3472//1 3589//1 3471//1
f 3472//1 3473//1 3589//1
f 3589//1 3473//1 3474//1
f 3475//1 3589//1 3474//1
f 3475//1 3476//1 3589//1
f 3589//1 3476//1 3477//1
f 3478//1 3589//1 3477//1
f 3478//1 3479//1 3589//1
f 3589//1 3479//1 3480//1
f 3481//1 3589//1 3480//1
f 3481//1 3482//1 3589//1
f 3589//1 3482//1 3483//1
f 3484//1 3589//1 3483//1
f 3484//1 3485//1 3589//1
f 3589//1 3485//1 3486//1
f 3487//1 3589//1 3486//1
f 3487//1 3488//1 3589//1
f 3589//1 3488//1 3489//1
f 3490//1 3589//1 3489//1
f 3490//1 3491//1 3589//1
f 3589//1 3491//1 3492//1
f 3493//1 3589//1 3492//1
f 3493//1 3494//1 3589//1
f 3589//1 3494//1 3495//1
f 3496//1 3589//1 3495//1
f 3496//1 3497//1 3589//1
f 3589//1 3497//1 3498//1
f 3499//1 3589//1 3498//1
f 3499//1 3500//1 3589//1
f 3589//1 3500//1 3501//1
f 3502//1 3589//1 3501//1
f 3502//1 3574//1 3589//1
f 3589//1 3707//1 3470//1
f 3247//8 3574//8 3374//8
f 3247//8 3248//8 3574//8
f 3574//8 3248//8 3249//8
f 3250//8 3574//8 3249//8
f 3250//8 3251//8 3574//8
f 3574//8 3251//8 3252//8
f 3253//8 3574//8 3252//8
f 3253//8 3254//8 3574//8
f 3574//8 3254//8 3255//8
f 3256//8 3574//8 3255//8
f 3256//8 3257//8 3574//8
f 3574//8 3257//8 3258//8
f 3259//8 3574//8 3258//8
f 3259//8 3260//8 3574//8
f 3574//8 3260//8 3261//8
f 3262//8 3574//8 3261//8
f 3262//8 3263//8 3574//8
f 3574//8 3263//8 3264//8
f 3265//8 3574//8 3264//8
f 3265//8 3266//8 3574//8
f 3574//8 3266//8 3267//8
f 3268//8 3574//8 3267//8
f 3268//8 3269//8 3574//8
f 3574//8 3269//8 3270//8
f 3271//8 3574//8 3270//8
f 3271//8 3272//8 3574//8
f 3574//8 3272//8 3273//8
f 3274//8 3574//8 3273//8
f 3274//8 3275//8 3574//8
f 3574//8 3275//8 3276//8
f 3277//8 3574//8 3276//8
f 3277//8 3278//8 3574//8
f 3574//8 3278//8 3539//8
f 3539//8 3278//8 3279//8
f 3280//8 3539//8 3279//8
f 3280//8 3281//8 3539//8
f 3539//8 3281//8 3282//8
f 3283//8 3539//8 3282//8
f 3283//8 3284//8 3539//8
f 3539//8 3284//8 3285//8
f 3286//8 3539//8 3285//8
f 3286//8 3287//8 3539//8
f 3539//8 3287//8 3288//8
f 3289//8 3539//8 3288//8
f 3289//8 3290//8 3539//8
f 3539//8 3290//8 3291//8
f 3292//8 3539//8 3291//8
f 3292//8 3293//8 3539//8
f 3539//8 3293//8 3294//8
f 3295//8 3539//8 3294//8
f 3295//8 3296//8 3539//8
f 3539//8 3296//8 3297//8
f 3298//8 3539//8 3297//8
f 3298//8 3299//8 3539//8
f 3539//8 3299//8 3300//8
f 3301//8 3539//8 3300//8
f 3301//8 3302//8 3539//8
f 3539//8 3302//8 3303//8
f 3304//8 3539//8 3303//8
f 3304//8 3305//8 3539//8
f 3539//8 3305//8 3306//8
f 3307//8 3539//8 3306//8
f 3307//8 3308//8 3539//8
f 3539//8 3308//8 3309//8
f 3310//8 3539//8 3309//8
f 3310//8 3524//8 3539//8
f 3310//8 3311//8 3524//8
f 3524//8 3311//8 3312//8
f 3313//8 3524//8 3312//8
f 3313//8 3314//8 3524//8
f 3524//8 3314//8 3315//8
f 3316//8 3524//8 3315//8
f 3316//8 3317//8 3524//8
f 3524//8 3317//8 3318//8
f 3319//8 3524//8 3318//8
f 3319//8 3320//8 3524//8
f 3524//8 3320//8 3321//8
f 3322//8 3524//8 3321//8
f 3322//8 3323//8 3524//8
f 3524//8 3323//8 3324//8
f 3325//8 3524//8 3324//8
f 3325//8 3326//8 3524//8
f 3524//8 3326//8 3327//8
f 3328//8 3524//8 3327//8
f 3328//8 3329//8 3524//8
f 3524//8 3329//8 3330//8
f 3331//8 3524//8 3330//8
f 3331//8 3332//8 3524//8
f 3524//8 3332//8 3333//8
f 3334//8 3524//8 3333//8
f 3334//8 3335//8 3524//8
f 3524//8 3335//8 3336//8
f 3337//8 3524//8 3336//8
f 3337//8 3338//8 3524//8
f 3524//8 3338//8 3339//8
f 3340//8 3524//8 3339//8
f 3340//8 3341//8 3524//8
f 3524//8 3341//8 3342//8
f 3610//8 3342//8 3343//8
f 3344//8 3610//8 3343//8
f 3344//8 3345//8 3610//8
f 3610//8 3345//8 3346//8
f 3347//8 3610//8 3346//8
f 3347//8 3348//8 3610//8
f 3610//8 3348//8 3349//8
f 3350//8 3610//8 3349//8
f 3350//8 3351//8 3610//8
f 3610//8 3351//8 3352//8
f 3353//8 3610//8 3352//8
f 3353//8 3354//8 3610//8
f 3610//8 3354//8 3355//8
f 3356//8 3610//8 3355//8
f 3356//8 3357//8 3610//8
f 3610//8 3357//8 3358//8
f 3359//8 3610//8 3358//8
f 3359//8 3360//8 3610//8
f 3610//8 3360//8 3361//8
f 3362//8 3610//8 3361//8
f 3362//8 3363//8 3610//8
f 3610//8 3363//8 3364//8
f 3365//8 3610//8 3364//8
f 3365//8 3366//8 3610//8
f 3610//8 3366//8 3367//8
f 3368//8 3610//8 3367//8
f 3368//8 3369//8 3610//8
f 3610//8 3369//8 3370//8
f 3371//8 3610//8 3370//8
f 3371//8 3372//8 3610//8
f 3610//8 3372//8 3373//8
f 3374//8 3610//8 3373//8
f 3374//8 3574//8 3610//8
f 3610//8 3524//8 3342//8
f 3608//5 3739//5 3589//5
f 3589//5 3739//5 3740//5
f 3741//5 3589//5 3740//5
f 3741//5 3742//5 3589//5
f 3589//5 3742//5 3743//5
f 3744//5 3589//5 3743//5
f 3744//5 3745//5 3589//5
f 3589//5 3745//5 3746//5
f 3747//5 3589//5 3746//5
f 3747//5 3748//5 3589//5
f 3589//5 3748//5 3749//5
f 3750//5 3589//5 3749//5
f 3750//5 3751//5 3589//5
f 3589//5 3751//5 3752//5
f 3753//5 3589//5 3752//5
f 3753//5 3754//5 3589//5
f 3589//5 3754//5 3755//5
f 3756//5 3589//5 3755//5
f 3756//5 3707//5 3589//5
f 3756//5 3757//5 3707//5
f 3707//5 3757//5 3758//5
f 3759//5 3707//5 3758//5
f 3759//5 3760//5 3707//5
f 3707//5 3760//5 3761//5
f 3762//5 3707//5 3761//5
f 3762//5 3763//5 3707//5
f 3707//5 3763//5 3764//5
f 3765//5 3707//5 3764//5
f 3765//5 3766//5 3707//5
f 3707//5 3766//5 3767//5
f 3768//5 3707//5 3767//5
f 3768//5 3769//5 3707//5
f 3707//5 3769//5 3770//5
f 3505//5 3770//5 3771//5
f 3772//5 3505//5 3771//5
f 3772//5 3773//5 3505//5
f 3505//5 3773//5 3774//5
f 3775//5 3505//5 3774//5
f 3775//5 3776//5 3505//5
f 3505//5 3776//5 3777//5
f 3778//5 3505//5 3777//5
f 3778//5 3779//5 3505//5
f 3505//5 3779//5 3780//5
f 3781//5 3505//5 3780//5
f 3781//5 3782//5 3505//5
f 3505//5 3782//5 3783//5
f 3784//5 3505//5 3783//5
f 3784//5 3785//5 3505//5
f 3505//5 3785//5 3786//5
f 3787//5 3505//5 3786//5
f 3787//5 3503//5 3505//5
f 3505//5 3707//5 3770//5
f 2115//403 3788//403 1989//403
f 2115//404 3789//404 3788//404
f 2115//404 2114//404 3789//404
f 3789//405 2114//405 3790//405
f 3790//405 2114//405 2113//405
f 3791//406 2113//406 2112//406
f 3792//407 2112//407 2111//407
f 3793//408 2111//408 2110//408
f 3794//409 2110//409 2109//409
f 3795//410 2109//410 2108//410
f 3796//411 2108//411 2107//411
f 3797//412 2107//412 2106//412
f 3798//413 2106//413 2105//413
f 3799//414 2105//414 2104//414
f 3800//415 2104//415 2103//415
f 3801//416 2103//416 2102//416
f 3802//417 2102//417 2101//417
f 3803//477 2101//477 2100//477
f 3804//419 2100//419 2099//419
f 3805//420 2099//420 2098//420
f 3806//421 2098//421 2097//421
f 3807//422 2097//422 2096//422
f 3808//423 2096//423 2095//423
f 3809//424 2095//424 2094//424
f 3810//425 2094//425 2093//425
f 3811//474 2093//474 2092//474
f 3812//427 2092//427 2091//427
f 3813//428 2091//428 2090//428
f 3814//429 2090//429 2089//429
f 3815//430 2089//430 2088//430
f 3816//473 2088//473 2087//473
f 3817//432 2087//432 2086//432
f 3818//433 2086//433 2085//433
f 3819//489 2085//489 2084//489
f 3820//435 2084//435 2083//435
f 3821//436 2083//436 2082//436
f 3822//437 2082//437 2081//437
f 3823//438 2081//438 2080//438
f 3824//439 2080//439 2079//439
f 3825//440 2079//440 2078//440
f 3826//441 2078//441 2077//441
f 3827//442 2077//442 2076//442
f 3828//443 2076//443 2075//443
f 3829//444 2075//444 2074//444
f 3830//445 2074//445 2073//445
f 3831//446 2073//446 2072//446
f 3832//447 2072//447 2071//447
f 3833//469 2071//469 2070//469
f 3834//449 2070//449 2069//449
f 3835//450 2069//450 2068//450
f 3836//451 2068//451 2067//451
f 3837//452 2067//452 2066//452
f 3838//453 2066//453 2065//453
f 3839//454 2065//454 2064//454
f 3840//455 2064//455 2063//455
f 3841//456 2063//456 2062//456
f 3842//457 2062//457 2061//457
f 3843//458 2061//458 2060//458
f 3844//459 2060//459 2059//459
f 3845//460 2059//460 2058//460
f 3846//461 2058//461 2057//461
f 3847//462 2057//462 2056//462
f 3848//463 2056//463 2055//463
f 3849//464 2055//464 2054//464
f 3850//465 2054//465 2053//465
f 3851//466 2053//466 2052//466
f 3852//339 2052//339 2051//339
f 3853//340 2051//340 2050//340
f 3854//341 2050//341 2049//341
f 3855//342 2049//342 2048//342
f 3856//343 2048//343 2047//343
f 3857//344 2047//344 2046//344
f 3858//345 2046//345 2045//345
f 3859//346 2045//346 2044//346
f 3860//347 2044//347 2043//347
f 3861//348 2043//348 2042//348
f 3862//349 2042//349 2041//349
f 3863//350 2041//350 2040//350
f 3864//351 2040//351 2039//351
f 3865//352 2039//352 2038//352
f 3866//353 2038//353 2037//353
f 3867//485 2037//485 2036//485
f 3868//355 2036//355 2035//355
f 3869//356 2035//356 2034//356
f 3870//357 2034//357 2033//357
f 3871//358 2033//358 2032//358
f 3872//359 2032//359 2031//359
f 3873//360 2031//360 2030//360
f 3874//361 2030//361 2029//361
f 3875//486 2029//486 2028//486
f 3876//363 2028//363 2027//363
f 3877//364 2027//364 2026//364
f 3878//365 2026//365 2025//365
f 3879//366 2025//366 2024//366
f 3880//487 2024//487 2023//487
f 3881//368 2023//368 2022//368
f 3882//369 2022//369 2021//369
f 3883//482 2021//482 2020//482
f 3884//371 2020//371 2019//371
f 3885//372 2019//372 2018//372
f 3886//373 2018//373 2017//373
f 3887//374 2017//374 2016//374
f 3888//375 2016//375 2015//375
f 3889//376 2015//376 2014//376
f 3890//377 2014//377 2013//377
f 3891//378 2013//378 2012//378
f 3892//379 2012//379 2011//379
f 3893//380 2011//380 2010//380
f 3894//381 2010//381 2009//381
f 3895//382 2009//382 2008//382
f 3896//383 2008//383 2007//383
f 3897//488 2007//488 2006//488
f 3898//385 2006//385 2005//385
f 3899//386 2005//386 2004//386
f 3900//387 2004//387 2003//387
f 3901//388 2003//388 2002//388
f 3902//389 2002//389 2001//389
f 3903//390 2001//390 2000//390
f 3904//391 2000//391 1999//391
f 3905//392 1999//392 1998//392
f 3906//393 1998//393 1997//393
f 3907//394 1997//394 1996//394
f 3908//395 1996//395 1995//395
f 3909//396 1995//396 1994//396
f 3910//397 1994//397 1993//397
f 3911//398 1993//398 1992//398
f 3912//399 1992//399 1991//399
f 3913//400 1991//400 1990//400
f 3914//401 1990//401 1988//401
f 3915//402 1988//402 1989//402
f 3788//403 3915//403 1989//403
f 3915//402 3914//402 1988//402
f 3914//401 3913//401 1990//401
f 3913//400 3912//400 1991//400
f 3912//399 3911//399 1992//399
f 3911//398 3910//398 1993//398
f 3910//397 3909//397 1994//397
f 3909//396 3908//396 1995//396
f 3908//395 3907//395 1996//395
f 3907//479 3906//479 1997//479
f 3906//393 3905//393 1998//393
f 3905//392 3904//392 1999//392
f 3904//391 3903//391 2000//391
f 3903//390 3902//390 2001//390
f 3902//389 3901//389 2002//389
f 3901//388 3900//388 2003//388
f 3900//491 3899//491 2004//491
f 3899//386 3898//386 2005//386
f 3898//385 3897//385 2006//385
f 3897//384 3896//384 2007//384
f 3896//383 3895//383 2008//383
f 3895//480 3894//480 2009//480
f 3894//381 3893//381 2010//381
f 3893//380 3892//380 2011//380
f 3892//492 3891//492 2012//492
f 3891//378 3890//378 2013//378
f 3890//377 3889//377 2014//377
f 3889//376 3888//376 2015//376
f 3888//375 3887//375 2016//375
f 3887//493 3886//493 2017//493
f 3886//373 3885//373 2018//373
f 3885//372 3884//372 2019//372
f 3884//371 3883//371 2020//371
f 3883//482 3882//482 2021//482
f 3882//369 3881//369 2022//369
f 3881//368 3880//368 2023//368
f 3880//367 3879//367 2024//367
f 3879//366 3878//366 2025//366
f 3878//365 3877//365 2026//365
f 3877//364 3876//364 2027//364
f 3876//363 3875//363 2028//363
f 3875//362 3874//362 2029//362
f 3874//361 3873//361 2030//361
f 3873//360 3872//360 2031//360
f 3872//483 3871//483 2032//483
f 3871//358 3870//358 2033//358
f 3870//494 3869//494 2034//494
f 3869//356 3868//356 2035//356
f 3868//355 3867//355 2036//355
f 3867//354 3866//354 2037//354
f 3866//353 3865//353 2038//353
f 3865//352 3864//352 2039//352
f 3864//351 3863//351 2040//351
f 3863//350 3862//350 2041//350
f 3862//349 3861//349 2042//349
f 3861//348 3860//348 2043//348
f 3860//484 3859//484 2044//484
f 3859//346 3858//346 2045//346
f 3858//345 3857//345 2046//345
f 3857//344 3856//344 2047//344
f 3856//343 3855//343 2048//343
f 3855//342 3854//342 2049//342
f 3854//341 3853//341 2050//341
f 3853//340 3852//340 2051//340
f 3852//339 3851//339 2052//339
f 3851//466 3850//466 2053//466
f 3850//465 3849//465 2054//465
f 3849//464 3848//464 2055//464
f 3848//463 3847//463 2056//463
f 3847//462 3846//462 2057//462
f 3846//461 3845//461 2058//461
f 3845//460 3844//460 2059//460
f 3844//459 3843//459 2060//459
f 3843//467 3842//467 2061//467
f 3842//457 3841//457 2062//457
f 3841//456 3840//456 2063//456
f 3840//455 3839//455 2064//455
f 3839//454 3838//454 2065//454
f 3838//453 3837//453 2066//453
f 3837//452 3836//452 2067//452
f 3836//451 3835//451 2068//451
f 3835//450 3834//450 2069//450
f 3834//449 3833//449 2070//449
f 3833//469 3832//469 2071//469
f 3832//447 3831//447 2072//447
f 3831//470 3830//470 2073//470
f 3830//445 3829//445 2074//445
f 3829//444 3828//444 2075//444
f 3828//443 3827//443 2076//443
f 3827//442 3826//442 2077//442
f 3826//441 3825//441 2078//441
f 3825//440 3824//440 2079//440
f 3824//439 3823//439 2080//439
f 3823//438 3822//438 2081//438
f 3822//437 3821//437 2082//437
f 3821//436 3820//436 2083//436
f 3820//490 3819//490 2084//490
f 3819//434 3818//434 2085//434
f 3818//433 3817//433 2086//433
f 3817//432 3816//432 2087//432
f 3816//473 3815//473 2088//473
f 3815//430 3814//430 2089//430
f 3814//429 3813//429 2090//429
f 3813//428 3812//428 2091//428
f 3812//427 3811//427 2092//427
f 3811//474 3810//474 2093//474
f 3810//425 3809//425 2094//425
f 3809//424 3808//424 2095//424
f 3808//475 3807//475 2096//475
f 3807//422 3806//422 2097//422
f 3806//421 3805//421 2098//421
f 3805//420 3804//420 2099//420
f 3804//419 3803//419 2100//419
f 3803//477 3802//477 2101//477
f 3802//417 3801//417 2102//417
f 3801//416 3800//416 2103//416
f 3800//415 3799//415 2104//415
f 3799//414 3798//414 2105//414
f 3798//413 3797//413 2106//413
f 3797//412 3796//412 2107//412
f 3796//478 3795//478 2108//478
f 3795//410 3794//410 2109//410
f 3794//409 3793//409 2110//409
f 3793//408 3792//408 2111//408
f 3792//407 3791//407 2112//407
f 3791//406 3790//406 2113//406
f 3197//211 3916//211 3071//211
f 3197//212 3917//212 3916//212
f 3197//212 3196//212 3917//212
f 3917//213 3196//213 3918//213
f 3918//213 3196//213 3195//213
f 3919//214 3195//214 3194//214
f 3920//215 3194//215 3193//215
f 3921//216 3193//216 3192//216
f 3922//217 3192//217 3191//217
f 3923//218 3191//218 3190//218
f 3924//219 3190//219 3189//219
f 3925//301 3189//301 3188//301
f 3926//221 3188//221 3187//221
f 3927//222 3187//222 3186//222
f 3928//223 3186//223 3185//223
f 3929//526 3185//526 3184//526
f 3930//225 3184//225 3183//225
f 3931//226 3183//226 3182//226
f 3932//227 3182//227 3181//227
f 3933//228 3181//228 3180//228
f 3934//527 3180//527 3179//527
f 3935//230 3179//230 3178//230
f 3936//231 3178//231 3177//231
f 3937//528 3177//528 3176//528
f 3938//233 3176//233 3175//233
f 3939//234 3175//234 3174//234
f 3940//295 3174//295 3173//295
f 3941//236 3173//236 3172//236
f 3942//293 3172//293 3171//293
f 3943//238 3171//238 3170//238
f 3944//291 3170//291 3169//291
f 3945//240 3169//240 3168//240
f 3946//241 3168//241 3167//241
f 3947//529 3167//529 3166//529
f 3948//243 3166//243 3165//243
f 3949//288 3165//288 3164//288
f 3950//287 3164//287 3163//287
f 3951//246 3163//246 3162//246
f 3952//285 3162//285 3161//285
f 3953//248 3161//248 3160//248
f 3954//283 3160//283 3159//283
f 3955//250 3159//250 3158//250
f 3956//281 3158//281 3157//281
f 3957//252 3157//252 3156//252
f 3958//530 3156//530 3155//530
f 3959//254 3155//254 3154//254
f 3960//255 3154//255 3153//255
f 3961//531 3153//531 3152//531
f 3962//257 3152//257 3151//257
f 3963//258 3151//258 3150//258
f 3964//278 3150//278 3149//278
f 3965//260 3149//260 3148//260
f 3966//532 3148//532 3147//532
f 3967//277 3147//277 3146//277
f 3968//263 3146//263 3145//263
f 3969//264 3145//264 3144//264
f 3970//265 3144//265 3143//265
f 3971//266 3143//266 3142//266
f 3972//267 3142//267 3141//267
f 3973//268 3141//268 3140//268
f 3974//269 3140//269 3139//269
f 3975//270 3139//270 3138//270
f 3976//271 3138//271 3137//271
f 3977//272 3137//272 3136//272
f 3978//273 3136//273 3135//273
f 3979//274 3135//274 3134//274
f 3980//147 3134//147 3133//147
f 3981//148 3133//148 3132//148
f 3982//149 3132//149 3131//149
f 3983//150 3131//150 3130//150
f 3984//151 3130//151 3129//151
f 3985//152 3129//152 3128//152
f 3986//153 3128//153 3127//153
f 3987//154 3127//154 3126//154
f 3988//155 3126//155 3125//155
f 3989//329 3125//329 3124//329
f 3990//157 3124//157 3123//157
f 3991//158 3123//158 3122//158
f 3992//159 3122//159 3121//159
f 3993//521 3121//521 3120//521
f 3994//161 3120//161 3119//161
f 3995//327 3119//327 3118//327
f 3996//163 3118//163 3117//163
f 3997//164 3117//164 3116//164
f 3998//522 3116//522 3115//522
f 3999//166 3115//166 3114//166
f 4000//167 3114//167 3113//167
f 4001//523 3113//523 3112//523
f 4002//169 3112//169 3111//169
f 4003//324 3111//324 3110//324
f 4004//323 3110//323 3109//323
f 4005//172 3109//172 3108//172
f 4006//321 3108//321 3107//321
f 4007//174 3107//174 3106//174
f 4008//175 3106//175 3105//175
f 4009//176 3105//176 3104//176
f 4010//177 3104//177 3103//177
f 4011//178 3103//178 3102//178
f 4012//179 3102//179 3101//179
f 4013//316 3101//316 3100//316
f 4014//315 3100//315 3099//315
f 4015//182 3099//182 3098//182
f 4016//313 3098//313 3097//313
f 4017//184 3097//184 3096//184
f 4018//311 3096//311 3095//311
f 4019//186 3095//186 3094//186
f 4020//309 3094//309 3093//309
f 4021//188 3093//188 3092//188
f 4022//524 3092//524 3091//524
f 4023//190 3091//190 3090//190
f 4024//191 3090//191 3089//191
f 4025//192 3089//192 3088//192
f 4026//193 3088//193 3087//193
f 4027//194 3087//194 3086//194
f 4028//306 3086//306 3085//306
f 4029//196 3085//196 3084//196
f 4030//525 3084//525 3083//525
f 4031//305 3083//305 3082//305
f 4032//199 3082//199 3081//199
f 4033//200 3081//200 3080//200
f 4034//201 3080//201 3079//201
f 4035//202 3079//202 3078//202
f 4036//203 3078//203 3077//203
f 4037//204 3077//204 3076//204
f 4038//205 3076//205 3075//205
f 4039//206 3075//206 3074//206
f 4040//207 3074//207 3073//207
f 4041//208 3073//208 3072//208
f 4042//209 3072//209 3070//209
f 4043//210 3070//210 3071//210
f 3916//211 4043//211 3071//211
f 4043//210 4042//210 3070//210
f 4042//209 4041//209 3072//209
f 4041//208 4040//208 3073//208
f 4040//207 4039//207 3074//207
f 4039//206 4038//206 3075//206
f 4038//205 4037//205 3076//205
f 4037//204 4036//204 3077//204
f 4036//203 4035//203 3078//203
f 4035//303 4034//303 3079//303
f 4034//201 4033//201 3080//201
f 4033//200 4032//200 3081//200
f 4032//199 4031//199 3082//199
f 4031//305 4030//305 3083//305
f 4030//525 4029//525 3084//525
f 4029//196 4028//196 3085//196
f 4028//195 4027//195 3086//195
f 4027//194 4026//194 3087//194
f 4026//193 4025//193 3088//193
f 4025//534 4024//534 3089//534
f 4024//191 4023//191 3090//191
f 4023//307 4022//307 3091//307
f 4022//524 4021//524 3092//524
f 4021//188 4020//188 3093//188
f 4020//187 4019//187 3094//187
f 4019//186 4018//186 3095//186
f 4018//311 4017//311 3096//311
f 4017//184 4016//184 3097//184
f 4016//313 4015//313 3098//313
f 4015//314 4014//314 3099//314
f 4014//315 4013//315 3100//315
f 4013//316 4012//316 3101//316
f 4012//179 4011//179 3102//179
f 4011//178 4010//178 3103//178
f 4010//177 4009//177 3104//177
f 4009//176 4008//176 3105//176
f 4008//319 4007//319 3106//319
f 4007//174 4006//174 3107//174
f 4006//321 4005//321 3108//321
f 4005//172 4004//172 3109//172
f 4004//323 4003//323 3110//323
f 4003//170 4002//170 3111//170
f 4002//169 4001//169 3112//169
f 4001//523 4000//523 3113//523
f 4000//326 3999//326 3114//326
f 3999//166 3998//166 3115//166
f 3998//165 3997//165 3116//165
f 3997//164 3996//164 3117//164
f 3996//163 3995//163 3118//163
f 3995//162 3994//162 3119//162
f 3994//161 3993//161 3120//161
f 3993//521 3992//521 3121//521
f 3992//159 3991//159 3122//159
f 3991//158 3990//158 3123//158
f 3990//157 3989//157 3124//157
f 3989//329 3988//329 3125//329
f 3988//330 3987//330 3126//330
f 3987//154 3986//154 3127//154
f 3986//153 3985//153 3128//153
f 3985//152 3984//152 3129//152
f 3984//151 3983//151 3130//151
f 3983//150 3982//150 3131//150
f 3982//149 3981//149 3132//149
f 3981//148 3980//148 3133//148
f 3980//147 3979//147 3134//147
f 3979//274 3978//274 3135//274
f 3978//273 3977//273 3136//273
f 3977//272 3976//272 3137//272
f 3976//271 3975//271 3138//271
f 3975//270 3974//270 3139//270
f 3974//269 3973//269 3140//269
f 3973//268 3972//268 3141//268
f 3972//267 3971//267 3142//267
f 3971//275 3970//275 3143//275
f 3970//265 3969//265 3144//265
f 3969//264 3968//264 3145//264
f 3968//263 3967//263 3146//263
f 3967//277 3966//277 3147//277
f 3966//532 3965//532 3148//532
f 3965//260 3964//260 3149//260
f 3964//278 3963//278 3150//278
f 3963//258 3962//258 3151//258
f 3962//257 3961//257 3152//257
f 3961//531 3960//531 3153//531
f 3960//255 3959//255 3154//255
f 3959//279 3958//279 3155//279
f 3958//530 3957//530 3156//530
f 3957//252 3956//252 3157//252
f 3956//281 3955//281 3158//281
f 3955//250 3954//250 3159//250
f 3954//283 3953//283 3160//283
f 3953//248 3952//248 3161//248
f 3952//285 3951//285 3162//285
f 3951//246 3950//246 3163//246
f 3950//287 3949//287 3164//287
f 3949//288 3948//288 3165//288
f 3948//533 3947//533 3166//533
f 3947//242 3946//242 3167//242
f 3946//241 3945//241 3168//241
f 3945//240 3944//240 3169//240
f 3944//291 3943//291 3170//291
f 3943//238 3942//238 3171//238
f 3942//293 3941//293 3172//293
f 3941//236 3940//236 3173//236
f 3940//295 3939//295 3174//295
f 3939//234 3938//234 3175//234
f 3938//233 3937//233 3176//233
f 3937//528 3936//528 3177//528
f 3936//298 3935//298 3178//298
f 3935//230 3934//230 3179//230
f 3934//527 3933//527 3180//527
f 3933//228 3932//228 3181//228
f 3932//227 3931//227 3182//227
f 3931//226 3930//226 3183//226
f 3930//225 3929//225 3184//225
f 3929//526 3928//526 3185//526
f 3928//223 3927//223 3186//223
f 3927//222 3926//222 3187//222
f 3926//221 3925//221 3188//221
f 3925//301 3924//301 3189//301
f 3924//302 3923//302 3190//302
f 3923//218 3922//218 3191//218
f 3922//217 3921//217 3192//217
f 3921//216 3920//216 3193//216
f 3920//215 3919//215 3194//215
f 3919//214 3918//214 3195//214
f 3738//75 4044//75 3611//75
f 3738//76 4045//76 4044//76
f 3738//76 3737//76 4045//76
f 4045//77 3737//77 4046//77
f 4046//77 3737//77 3736//77
f 4047//78 3736//78 3735//78
f 4048//79 3735//79 3734//79
f 4049//80 3734//80 3733//80
f 4050//81 3733//81 3732//81
f 4051//82 3732//82 3731//82
f 4052//83 3731//83 3730//83
f 4053//84 3730//84 3729//84
f 4054//85 3729//85 3728//85
f 4055//506 3728//506 3727//506
f 4056//87 3727//87 3726//87
f 4057//517 3726//517 3725//517
f 4058//89 3725//89 3724//89
f 4059//90 3724//90 3723//90
f 4060//91 3723//91 3722//91
f 4061//92 3722//92 3721//92
f 4062//93 3721//93 3720//93
f 4063//94 3720//94 3719//94
f 4064//507 3719//507 3718//507
f 4065//96 3718//96 3717//96
f 4066//97 3717//97 3716//97
f 4067//98 3716//98 3715//98
f 4068//99 3715//99 3714//99
f 4069//100 3714//100 3713//100
f 4070//101 3713//101 3712//101
f 4071//102 3712//102 3711//102
f 4072//103 3711//103 3710//103
f 4073//104 3710//104 3709//104
f 4074//508 3709//508 3708//508
f 4075//509 3708//509 3706//509
f 4076//510 3706//510 3705//510
f 4077//511 3705//511 3704//511
f 4078//109 3704//109 3703//109
f 4079//110 3703//110 3702//110
f 4080//111 3702//111 3701//111
f 4081//112 3701//112 3700//112
f 4082//113 3700//113 3699//113
f 4083//114 3699//114 3698//114
f 4084//512 3698//512 3697//512
f 4085//116 3697//116 3696//116
f 4086//117 3696//117 3695//117
f 4087//513 3695//513 3694//513
f 4088//119 3694//119 3693//119
f 4089//120 3693//120 3692//120
f 4090//141 3692//141 3691//141
f 4091//331 3691//331 3690//331
f 4092//123 3690//123 3689//123
f 4093//124 3689//124 3688//124
f 4094//514 3688//514 3687//514
f 4095//126 3687//126 3686//126
f 4096//127 3686//127 3685//127
f 4097//128 3685//128 3684//128
f 4098//129 3684//129 3683//129
f 4099//535 3683//535 3682//535
f 4100//131 3682//131 3681//131
f 4101//132 3681//132 3680//132
f 4102//133 3680//133 3679//133
f 4103//134 3679//134 3678//134
f 4104//332 3678//332 3677//332
f 4105//136 3677//136 3676//136
f 4106//137 3676//137 3675//137
f 4107//140 3675//140 3674//140
f 4108//11 3674//11 3673//11
f 4109//12 3673//12 3672//12
f 4110//13 3672//13 3671//13
f 4111//14 3671//14 3670//14
f 4112//15 3670//15 3669//15
f 4113//16 3669//16 3668//16
f 4114//17 3668//17 3667//17
f 4115//18 3667//18 3666//18
f 4116//19 3666//19 3665//19
f 4117//20 3665//20 3664//20
f 4118//21 3664//21 3663//21
f 4119//495 3663//495 3662//495
f 4120//23 3662//23 3661//23
f 4121//24 3661//24 3660//24
f 4122//25 3660//25 3659//25
f 4123//26 3659//26 3658//26
f 4124//27 3658//27 3657//27
f 4125//28 3657//28 3656//28
f 4126//29 3656//29 3655//29
f 4127//30 3655//30 3654//30
f 4128//497 3654//497 3653//497
f 4129//32 3653//32 3652//32
f 4130//33 3652//33 3651//33
f 4131//34 3651//34 3650//34
f 4132//35 3650//35 3649//35
f 4133//36 3649//36 3648//36
f 4134//37 3648//37 3647//37
f 4135//38 3647//38 3646//38
f 4136//39 3646//39 3645//39
f 4137//40 3645//40 3644//40
f 4138//498 3644//498 3643//498
f 4139//499 3643//499 3642//499
f 4140//500 3642//500 3641//500
f 4141//501 3641//501 3640//501
f 4142//45 3640//45 3639//45
f 4143//46 3639//46 3638//46
f 4144//47 3638//47 3637//47
f 4145//48 3637//48 3636//48
f 4146//49 3636//49 3635//49
f 4147//50 3635//50 3634//50
f 4148//502 3634//502 3633//502
f 4149//52 3633//52 3632//52
f 4150//53 3632//53 3631//53
f 4151//503 3631//503 3630//503
f 4152//55 3630//55 3629//55
f 4153//56 3629//56 3628//56
f 4154//57 3628//57 3627//57
f 4155//145 3627//145 3626//145
f 4156//59 3626//59 3625//59
f 4157//60 3625//60 3624//60
f 4158//504 3624//504 3623//504
f 4159//62 3623//62 3622//62
f 4160//63 3622//63 3621//63
f 4161//64 3621//64 3620//64
f 4162//65 3620//65 3619//65
f 4163//66 3619//66 3618//66
f 4164//67 3618//67 3617//67
f 4165//68 3617//68 3616//68
f 4166//69 3616//69 3615//69
f 4167//70 3615//70 3614//70
f 4168//144 3614//144 3613//144
f 4169//72 3613//72 3612//72
f 4170//73 3612//73 3609//73
f 4171//334 3609//334 3611//334
f 4044//335 4171//335 3611//335
f 4171//74 4170//74 3609//74
f 4170//73 4169//73 3612//73
f 4169//72 4168//72 3613//72
f 4168//144 4167//144 3614//144
f 4167//70 4166//70 3615//70
f 4166//69 4165//69 3616//69
f 4165//68 4164//68 3617//68
f 4164//67 4163//67 3618//67
f 4163//66 4162//66 3619//66
f 4162//65 4161//65 3620//65
f 4161//64 4160//64 3621//64
f 4160//519 4159//519 3622//519
f 4159//62 4158//62 3623//62
f 4158//504 4157//504 3624//504
f 4157//60 4156//60 3625//60
f 4156//59 4155//59 3626//59
f 4155//145 4154//145 3627//145
f 4154//57 4153//57 3628//57
f 4153//56 4152//56 3629//56
f 4152//55 4151//55 3630//55
f 4151//503 4150//503 3631//503
f 4150//53 4149//53 3632//53
f 4149//52 4148//52 3633//52
f 4148//51 4147//51 3634//51
f 4147//50 4146//50 3635//50
f 4146//49 4145//49 3636//49
f 4145//48 4144//48 3637//48
f 4144//47 4143//47 3638//47
f 4143//46 4142//46 3639//46
f 4142//45 4141//45 3640//45
f 4141//501 4140//501 3641//501
f 4140//500 4139//500 3642//500
f 4139//499 4138//499 3643//499
f 4138//498 4137//498 3644//498
f 4137//40 4136//40 3645//40
f 4136//39 4135//39 3646//39
f 4135//38 4134//38 3647//38
f 4134//37 4133//37 3648//37
f 4133//36 4132//36 3649//36
f 4132//35 4131//35 3650//35
f 4131//520 4130//520 3651//520
f 4130//33 4129//33 3652//33
f 4129//32 4128//32 3653//32
f 4128//497 4127//497 3654//497
f 4127//30 4126//30 3655//30
f 4126//29 4125//29 3656//29
f 4125//28 4124//28 3657//28
f 4124//336 4123//336 3658//336
f 4123//26 4122//26 3659//26
f 4122//25 4121//25 3660//25
f 4121//496 4120//496 3661//496
f 4120//23 4119//23 3662//23
f 4119//22 4118//22 3663//22
f 4118//21 4117//21 3664//21
f 4117//20 4116//20 3665//20
f 4116//536 4115//536 3666//536
f 4115//18 4114//18 3667//18
f 4114//17 4113//17 3668//17
f 4113//16 4112//16 3669//16
f 4112//15 4111//15 3670//15
f 4111//337 4110//337 3671//337
f 4110//13 4109//13 3672//13
f 4109//12 4108//12 3673//12
f 4108//11 4107//11 3674//11
f 4107//140 4106//140 3675//140
f 4106//137 4105//137 3676//137
f 4105//136 4104//136 3677//136
f 4104//135 4103//135 3678//135
f 4103//134 4102//134 3679//134
f 4102//133 4101//133 3680//133
f 4101//132 4100//132 3681//132
f 4100//131 4099//131 3682//131
f 4099//130 4098//130 3683//130
f 4098//129 4097//129 3684//129
f 4097//128 4096//128 3685//128
f 4096//515 4095//515 3686//515
f 4095//126 4094//126 3687//126
f 4094//125 4093//125 3688//125
f 4093//124 4092//124 3689//124
f 4092//123 4091//123 3690//123
f 4091//122 4090//122 3691//122
f 4090//141 4089//141 3692//141
f 4089//120 4088//120 3693//120
f 4088//119 4087//119 3694//119
f 4087//513 4086//513 3695//513
f 4086//117 4085//117 3696//117
f 4085//116 4084//116 3697//116
f 4084//115 4083//115 3698//115
f 4083//114 4082//114 3699//114
f 4082//113 4081//113 3700//113
f 4081//112 4080//112 3701//112
f 4080//111 4079//111 3702//111
f 4079//110 4078//110 3703//110
f 4078//109 4077//109 3704//109
f 4077//511 4076//511 3705//511
f 4076//510 4075//510 3706//510
f 4075//509 4074//509 3708//509
f 4074//508 4073//508 3709//508
f 4073//104 4072//104 3710//104
f 4072//103 4071//103 3711//103
f 4071//102 4070//102 3712//102
f 4070//101 4069//101 3713//101
f 4069//100 4068//100 3714//100
f 4068//99 4067//99 3715//99
f 4067//516 4066//516 3716//516
f 4066//97 4065//97 3717//97
f 4065//96 4064//96 3718//96
f 4064//507 4063//507 3719//507
f 4063//94 4062//94 3720//94
f 4062//93 4061//93 3721//93
f 4061//92 4060//92 3722//92
f 4060//91 4059//91 3723//91
f 4059//90 4058//90 3724//90
f 4058//89 4057//89 3725//89
f 4057//517 4056//517 3726//517
f 4056//87 4055//87 3727//87
f 4055//86 4054//86 3728//86
f 4054//85 4053//85 3729//85
f 4053//84 4052//84 3730//84
f 4052//83 4051//83 3731//83
f 4051//82 4050//82 3732//82
f 4050//81 4049//81 3733//81
f 4049//80 4048//80 3734//80
f 4048//79 4047//79 3735//79
f 4047//78 4046//78 3736//78
f 4172//5 4173//5 4174//5
f 4174//5 4173//5 4175//5
f 4176//5 4174//5 4175//5
f 4176//5 4177//5 4174//5
f 4174//5 4177//5 4178//5
f 4179//5 4174//5 4178//5
f 4179//5 4180//5 4174//5
f 4174//5 4180//5 4181//5
f 4182//5 4174//5 4181//5
f 4182//5 4183//5 4174//5
f 4174//5 4183//5 4184//5
f 4185//5 4174//5 4184//5
f 4185//5 4186//5 4174//5
f 4174//5 4186//5 4187//5
f 4188//5 4174//5 4187//5
f 4188//5 4189//5 4174//5
f 4174//5 4189//5 4190//5
f 4191//5 4174//5 4190//5
f 4191//5 4192//5 4174//5
f 4191//5 4193//5 4192//5
f 4192//5 4193//5 4194//5
f 4195//5 4192//5 4194//5
f 4195//5 4196//5 4192//5
f 4192//5 4196//5 4197//5
f 4198//5 4192//5 4197//5
f 4198//5 4199//5 4192//5
f 4192//5 4199//5 4200//5
f 4201//5 4192//5 4200//5
f 4201//5 4202//5 4192//5
f 4192//5 4202//5 4203//5
f 4204//5 4192//5 4203//5
f 4204//5 4205//5 4192//5
f 4192//5 4205//5 4206//5
f 4207//5 4192//5 4206//5
f 4207//5 4208//5 4192//5
f 4207//5 4209//5 4208//5
f 4208//5 4209//5 4210//5
f 4211//5 4208//5 4210//5
f 4211//5 4212//5 4208//5
f 4208//5 4212//5 4213//5
f 4214//5 4208//5 4213//5
f 4214//5 4215//5 4208//5
f 4208//5 4215//5 4216//5
f 4217//5 4208//5 4216//5
f 4217//5 4218//5 4208//5
f 4208//5 4218//5 4219//5
f 4220//5 4208//5 4219//5
f 4220//5 4221//5 4208//5
f 4208//5 4221//5 4222//5
f 4223//5 4208//5 4222//5
f 4223//5 4224//5 4208//5
f 4208//5 4224//5 4225//5
f 4225//3 4226//3 4208//3
f 4208//3 4226//3 4227//3
f 4228//3 4208//3 4227//3
f 4228//3 4229//3 4208//3
f 4208//3 4229//3 4230//3
f 4231//3 4208//3 4230//3
f 4231//3 4232//3 4208//3
f 4208//3 4232//3 4233//3
f 4234//3 4208//3 4233//3
f 4234//3 4235//3 4208//3
f 4208//3 4235//3 4236//3
f 4237//3 4208//3 4236//3
f 4237//3 4238//3 4208//3
f 4208//3 4238//3 4239//3
f 4240//3 4208//3 4239//3
f 4240//3 4241//3 4208//3
f 4208//3 4241//3 4242//3
f 4243//3 4208//3 4242//3
f 4243//3 4244//3 4208//3
f 4208//3 4244//3 4245//3
f 4245//3 4244//3 4246//3
f 4247//3 4245//3 4246//3
f 4247//3 4248//3 4245//3
f 4245//3 4248//3 4249//3
f 4250//3 4245//3 4249//3
f 4250//3 4251//3 4245//3
f 4245//3 4251//3 4252//3
f 4253//3 4245//3 4252//3
f 4253//3 4254//3 4245//3
f 4245//3 4254//3 4255//3
f 4256//3 4245//3 4255//3
f 4256//3 4257//3 4245//3
f 4245//3 4257//3 4258//3
f 4259//3 4245//3 4258//3
f 4259//3 4260//3 4245//3
f 4259//3 4261//3 4260//3
f 4260//3 4261//3 4262//3
f 4263//3 4260//3 4262//3
f 4263//3 4264//3 4260//3
f 4260//3 4264//3 4265//3
f 4266//3 4260//3 4265//3
f 4266//3 4267//3 4260//3
f 4260//3 4267//3 4268//3
f 4269//3 4260//3 4268//3
f 4269//3 4270//3 4260//3
f 4260//3 4270//3 4271//3
f 4272//3 4260//3 4271//3
f 4272//3 4273//3 4260//3
f 4260//3 4273//3 4274//3
f 4275//3 4260//3 4274//3
f 4275//3 4276//3 4260//3
f 4260//3 4276//3 4277//3
f 3916//1 4208//1 4043//1
f 3916//1 3917//1 4208//1
f 4208//1 3917//1 3918//1
f 3919//1 4208//1 3918//1
f 3919//1 3920//1 4208//1
f 4208//1 3920//1 3921//1
f 3922//1 4208//1 3921//1
f 3922//1 3923//1 4208//1
f 4208//1 3923//1 3924//1
f 3925//1 4208//1 3924//1
f 3925//1 3926//1 4208//1
f 4208//1 3926//1 3927//1
f 3928//1 4208//1 3927//1
f 3928//1 3929//1 4208//1
f 4208//1 3929//1 3930//1
f 3931//1 4208//1 3930//1
f 3931//1 3932//1 4208//1
f 4208//1 3932//1 3933//1
f 3934//1 4208//1 3933//1
f 3934//1 3935//1 4208//1
f 4208//1 3935//1 3936//1
f 3937//1 4208//1 3936//1
f 3937//1 3938//1 4208//1
f 4208//1 3938//1 3939//1
f 3940//1 4208//1 3939//1
f 3940//1 3941//1 4208//1
f 4208//1 3941//1 3942//1
f 3943//1 4208//1 3942//1
f 3943//1 3944//1 4208//1
f 4208//1 3944//1 3945//1
f 3946//1 4208//1 3945//1
f 3946//1 3947//1 4208//1
f 4208//1 3947//1 4192//1
f 4192//1 3947//1 3948//1
f 3949//1 4192//1 3948//1
f 3949//1 3950//1 4192//1
f 4192//1 3950//1 3951//1
f 3952//1 4192//1 3951//1
f 3952//1 3953//1 4192//1
f 4192//1 3953//1 3954//1
f 3955//1 4192//1 3954//1
f 3955//1 3956//1 4192//1
f 4192//1 3956//1 3957//1
f 3958//1 4192//1 3957//1
f 3958//1 3959//1 4192//1
f 4192//1 3959//1 3960//1
f 3961//1 4192//1 3960//1
f 3961//1 3962//1 4192//1
f 4192//1 3962//1 3963//1
f 3964//1 4192//1 3963//1
f 3964//1 3965//1 4192//1
f 4192//1 3965//1 3966//1
f 3967//1 4192//1 3966//1
f 3967//1 3968//1 4192//1
f 4192//1 3968//1 3969//1
f 3970//1 4192//1 3969//1
f 3970//1 3971//1 4192//1
f 4192//1 3971//1 3972//1
f 3973//1 4192//1 3972//1
f 3973//1 3974//1 4192//1
f 4192//1 3974//1 3975//1
f 3976//1 4192//1 3975//1
f 3976//1 3977//1 4192//1
f 4192//1 3977//1 3978//1
f 3979//1 4192//1 3978//1
f 3979//1 4278//1 4192//1
f 3979//1 3980//1 4278//1
f 4278//1 3980//1 3981//1
f 3982//1 4278//1 3981//1
f 3982//1 3983//1 4278//1
f 4278//1 3983//1 3984//1
f 3985//1 4278//1 3984//1
f 3985//1 3986//1 4278//1
f 4278//1 3986//1 3987//1
f 3988//1 4278//1 3987//1
f 3988//1 3989//1 4278//1
f 4278//1 3989//1 3990//1
f 3991//1 4278//1 3990//1
f 3991//1 3992//1 4278//1
f 4278//1 3992//1 3993//1
f 3994//1 4278//1 3993//1
f 3994//1 3995//1 4278//1
f 4278//1 3995//1 3996//1
f 3997//1 4278//1 3996//1
f 3997//1 3998//1 4278//1
f 4278//1 3998//1 3999//1
f 4000//1 4278//1 3999//1
f 4000//1 4001//1 4278//1
f 4278//1 4001//1 4002//1
f 4003//1 4278//1 4002//1
f 4003//1 4004//1 4278//1
f 4278//1 4004//1 4005//1
f 4006//1 4278//1 4005//1
f 4006//1 4007//1 4278//1
f 4278//1 4007//1 4008//1
f 4009//1 4278//1 4008//1
f 4009//1 4010//1 4278//1
f 4278//1 4010//1 4011//1
f 4245//1 4011//1 4012//1
f 4013//1 4245//1 4012//1
f 4013//1 4014//1 4245//1
f 4245//1 4014//1 4015//1
f 4016//1 4245//1 4015//1
f 4016//1 4017//1 4245//1
f 4245//1 4017//1 4018//1
f 4019//1 4245//1 4018//1
f 4019//1 4020//1 4245//1
f 4245//1 4020//1 4021//1
f 4022//1 4245//1 4021//1
f 4022//1 4023//1 4245//1
f 4245//1 4023//1 4024//1
f 4025//1 4245//1 4024//1
f 4025//1 4026//1 4245//1
f 4245//1 4026//1 4027//1
f 4028//1 4245//1 4027//1
f 4028//1 4029//1 4245//1
f 4245//1 4029//1 4030//1
f 4031//1 4245//1 4030//1
f 4031//1 4032//1 4245//1
f 4245//1 4032//1 4033//1
f 4034//1 4245//1 4033//1
f 4034//1 4035//1 4245//1
f 4245//1 4035//1 4036//1
f 4037//1 4245//1 4036//1
f 4037//1 4038//1 4245//1
f 4245//1 4038//1 4039//1
f 4040//1 4245//1 4039//1
f 4040//1 4041//1 4245//1
f 4245//1 4041//1 4042//1
f 4043//1 4245//1 4042//1
f 4043//1 4208//1 4245//1
f 4245//1 4278//1 4011//1
f 4044//2 4192//2 4171//2
f 4044//2 4045//2 4192//2
f 4192//2 4045//2 4046//2
f 4047//2 4192//2 4046//2
f 4047//2 4048//2 4192//2
f 4192//2 4048//2 4049//2
f 4050//2 4192//2 4049//2
f 4050//2 4051//2 4192//2
f 4192//2 4051//2 4052//2
f 4053//2 4192//2 4052//2
f 4053//2 4054//2 4192//2
f 4192//2 4054//2 4055//2
f 4056//2 4192//2 4055//2
f 4056//2 4057//2 4192//2
f 4192//2 4057//2 4058//2
f 4059//2 4192//2 4058//2
f 4059//2 4060//2 4192//2
f 4192//2 4060//2 4061//2
f 4062//2 4192//2 4061//2
f 4062//2 4063//2 4192//2
f 4192//2 4063//2 4064//2
f 4065//2 4192//2 4064//2
f 4065//2 4066//2 4192//2
f 4192//2 4066//2 4067//2
f 4068//2 4192//2 4067//2
f 4068//2 4069//2 4192//2
f 4192//2 4069//2 4070//2
f 4071//2 4192//2 4070//2
f 4071//2 4072//2 4192//2
f 4192//2 4072//2 4073//2
f 4074//2 4192//2 4073//2
f 4074//2 4075//2 4192//2
f 4192//2 4075//2 4174//2
f 4174//2 4075//2 4076//2
f 4077//2 4174//2 4076//2
f 4077//2 4078//2 4174//2
f 4174//2 4078//2 4079//2
f 4080//2 4174//2 4079//2
f 4080//2 4081//2 4174//2
f 4174//2 4081//2 4082//2
f 4083//2 4174//2 4082//2
f 4083//2 4084//2 4174//2
f 4174//2 4084//2 4085//2
f 4086//2 4174//2 4085//2
f 4086//2 4087//2 4174//2
f 4174//2 4087//2 4088//2
f 4089//2 4174//2 4088//2
f 4089//2 4090//2 4174//2
f 4174//2 4090//2 4091//2
f 4092//2 4174//2 4091//2
f 4092//2 4093//2 4174//2
f 4174//2 4093//2 4094//2
f 4095//2 4174//2 4094//2
f 4095//2 4096//2 4174//2
f 4174//2 4096//2 4097//2
f 4098//2 4174//2 4097//2
f 4098//2 4099//2 4174//2
f 4174//2 4099//2 4100//2
f 4101//2 4174//2 4100//2
f 4101//2 4102//2 4174//2
f 4174//2 4102//2 4103//2
f 4104//2 4174//2 4103//2
f 4104//2 4105//2 4174//2
f 4174//2 4105//2 4106//2
f 4107//2 4174//2 4106//2
f 4107//2 4279//2 4174//2
f 4107//2 4108//2 4279//2
f 4279//2 4108//2 4109//2
f 4110//2 4279//2 4109//2
f 4110//2 4111//2 4279//2
f 4279//2 4111//2 4112//2
f 4113//2 4279//2 4112//2
f 4113//2 4114//2 4279//2
f 4279//2 4114//2 4115//2
f 4116//2 4279//2 4115//2
f 4116//2 4117//2 4279//2
f 4279//2 4117//2 4118//2
f 4119//2 4279//2 4118//2
f 4119//2 4120//2 4279//2
f 4279//2 4120//2 4121//2
f 4122//2 4279//2 4121//2
f 4122//2 4123//2 4279//2
f 4279//2 4123//2 4124//2
f 4125//2 4279//2 4124//2
f 4125//2 4126//2 4279//2
f 4279//2 4126//2 4127//2
f 4128//2 4279//2 4127//2
f 4128//2 4129//2 4279//2
f 4279//2 4129//2 4130//2
f 4131//2 4279//2 4130//2
f 4131//2 4132//2 4279//2
f 4279//2 4132//2 4133//2
f 4134//2 4279//2 4133//2
f 4134//2 4135//2 4279//2
f 4279//2 4135//2 4136//2
f 4137//2 4279//2 4136//2
f 4137//2 4138//2 4279//2
f 4279//2 4138//2 4139//2
f 4278//2 4139//2 4140//2
f 4141//2 4278//2 4140//2
f 4141//2 4142//2 4278//2
f 4278//2 4142//2 4143//2
f 4144//2 4278//2 4143//2
f 4144//2 4145//2 4278//2
f 4278//2 4145//2 4146//2
f 4147//2 4278//2 4146//2
f 4147//2 4148//2 4278//2
f 4278//2 4148//2 4149//2
f 4150//2 4278//2 4149//2
f 4150//2 4151//2 4278//2
f 4278//2 4151//2 4152//2
f 4153//2 4278//2 4152//2
f 4153//2 4154//2 4278//2
f 4278//2 4154//2 4155//2
f 4156//2 4278//2 4155//2
f 4156//2 4157//2 4278//2
f 4278//2 4157//2 4158//2
f 4159//2 4278//2 4158//2
f 4159//2 4160//2 4278//2
f 4278//2 4160//2 4161//2
f 4162//2 4278//2 4161//2
f 4162//2 4163//2 4278//2
f 4278//2 4163//2 4164//2
f 4165//2 4278//2 4164//2
f 4165//2 4166//2 4278//2
f 4278//2 4166//2 4167//2
f 4168//2 4278//2 4167//2
f 4168//2 4169//2 4278//2
f 4278//2 4169//2 4170//2
f 4171//2 4278//2 4170//2
f 4171//2 4192//2 4278//2
f 4278//2 4279//2 4139//2
f 4277//4 4280//4 4260//4
f 4260//4 4280//4 4281//4
f 4282//4 4260//4 4281//4
f 4282//4 4283//4 4260//4
f 4260//4 4283//4 4284//4
f 4285//4 4260//4 4284//4
f 4285//4 4286//4 4260//4
f 4260//4 4286//4 4287//4
f 4288//4 4260//4 4287//4
f 4288//4 4289//4 4260//4
f 4260//4 4289//4 4290//4
f 4291//4 4260//4 4290//4
f 4291//4 4292//4 4260//4
f 4260//4 4292//4 4293//4
f 4294//4 4260//4 4293//4
f 4294//4 4295//4 4260//4
f 4260//4 4295//4 4296//4
f 4279//4 4296//4 4297//4
f 4298//4 4279//4 4297//4
f 4298//4 4299//4 4279//4
f 4279//4 4299//4 4300//4
f 4301//4 4279//4 4300//4
f 4301//4 4302//4 4279//4
f 4279//4 4302//4 4303//4
f 4304//4 4279//4 4303//4
f 4304//4 4305//4 4279//4
f 4279//4 4305//4 4306//4
f 4307//4 4279//4 4306//4
f 4307//4 4308//4 4279//4
f 4279//4 4308//4 4309//4
f 4310//4 4279//4 4309//4
f 4310//4 4174//4 4279//4
f 4310//4 4311//4 4174//4
f 4174//4 4311//4 4312//4
f 4313//4 4174//4 4312//4
f 4313//4 4314//4 4174//4
f 4174//4 4314//4 4315//4
f 4316//4 4174//4 4315//4
f 4316//4 4317//4 4174//4
f 4174//4 4317//4 4318//4
f 4319//4 4174//4 4318//4
f 4319//4 4320//4 4174//4
f 4174//4 4320//4 4321//4
f 4322//4 4174//4 4321//4
f 4322//4 4323//4 4174//4
f 4174//4 4323//4 4324//4
f 4325//4 4174//4 4324//4
f 4325//4 4326//4 4174//4
f 4174//4 4326//4 4327//4
f 4328//4 4174//4 4327//4
f 4328//4 4172//4 4174//4
f 4279//4 4260//4 4296//4
f 3788//8 4278//8 3915//8
f 3788//8 3789//8 4278//8
f 4278//8 3789//8 3790//8
f 3791//8 4278//8 3790//8
f 3791//8 3792//8 4278//8
f 4278//8 3792//8 3793//8
f 3794//8 4278//8 3793//8
f 3794//8 3795//8 4278//8
f 4278//8 3795//8 3796//8
f 3797//8 4278//8 3796//8
f 3797//8 3798//8 4278//8
f 4278//8 3798//8 3799//8
f 3800//8 4278//8 3799//8
f 3800//8 3801//8 4278//8
f 4278//8 3801//8 3802//8
f 3803//8 4278//8 3802//8
f 3803//8 3804//8 4278//8
f 4278//8 3804//8 3805//8
f 3806//8 4278//8 3805//8
f 3806//8 3807//8 4278//8
f 4278//8 3807//8 3808//8
f 3809//8 4278//8 3808//8
f 3809//8 3810//8 4278//8
f 4278//8 3810//8 3811//8
f 3812//8 4278//8 3811//8
f 3812//8 3813//8 4278//8
f 4278//8 3813//8 3814//8
f 3815//8 4278//8 3814//8
f 3815//8 3816//8 4278//8
f 4278//8 3816//8 3817//8
f 3818//8 4278//8 3817//8
f 3818//8 3819//8 4278//8
f 4278//8 3819//8 4279//8
f 4279//8 3819//8 3820//8
f 3821//8 4279//8 3820//8
f 3821//8 3822//8 4279//8
f 4279//8 3822//8 3823//8
f 3824//8 4279//8 3823//8
f 3824//8 3825//8 4279//8
f 4279//8 3825//8 3826//8
f 3827//8 4279//8 3826//8
f 3827//8 3828//8 4279//8
f 4279//8 3828//8 3829//8
f 3830//8 4279//8 3829//8
f 3830//8 3831//8 4279//8
f 4279//8 3831//8 3832//8
f 3833//8 4279//8 3832//8
f 3833//8 3834//8 4279//8
f 4279//8 3834//8 3835//8
f 3836//8 4279//8 3835//8
f 3836//8 3837//8 4279//8
f 4279//8 3837//8 3838//8
f 3839//8 4279//8 3838//8
f 3839//8 3840//8 4279//8
f 4279//8 3840//8 3841//8
f 3842//8 4279//8 3841//8
f 3842//8 3843//8 4279//8
f 4279//8 3843//8 3844//8
f 3845//8 4279//8 3844//8
f 3845//8 3846//8 4279//8
f 4279//8 3846//8 3847//8
f 3848//8 4279//8 3847//8
f 3848//8 3849//8 4279//8
f 4279//8 3849//8 3850//8
f 3851//8 4279//8 3850//8
f 3851//8 4260//8 4279//8
f 3851//8 3852//8 4260//8
f 4260//8 3852//8 3853//8
f 3854//8 4260//8 3853//8
f 3854//8 3855//8 4260//8
f 4260//8 3855//8 3856//8
f 3857//8 4260//8 3856//8
f 3857//8 3858//8 4260//8
f 4260//8 3858//8 3859//8
f 3860//8 4260//8 3859//8
f 3860//8 3861//8 4260//8
f 4260//8 3861//8 3862//8
f 3863//8 4260//8 3862//8
f 3863//8 3864//8 4260//8
f 4260//8 3864//8 3865//8
f 3866//8 4260//8 3865//8
f 3866//8 3867//8 4260//8
f 4260//8 3867//8 3868//8
f 3869//8 4260//8 3868//8
f 3869//8 3870//8 4260//8
f 4260//8 3870//8 3871//8
f 3872//8 4260//8 3871//8
f 3872//8 3873//8 4260//8
f 4260//8 3873//8 3874//8
f 3875//8 4260//8 3874//8
f 3875//8 3876//8 4260//8
f 4260//8 3876//8 3877//8
f 3878//8 4260//8 3877//8
f 3878//8 3879//8 4260//8
f 4260//8 3879//8 3880//8
f 3881//8 4260//8 3880//8
f 3881//8 3882//8 4260//8
f 4260//8 3882//8 3883//8
f 4245//8 3883//8 3884//8
f 3885//8 4245//8 3884//8
f 3885//8 3886//8 4245//8
f 4245//8 3886//8 3887//8
f 3888//8 4245//8 3887//8
f 3888//8 3889//8 4245//8
f 4245//8 3889//8 3890//8
f 3891//8 4245//8 3890//8
f 3891//8 3892//8 4245//8
f 4245//8 3892//8 3893//8
f 3894//8 4245//8 3893//8
f 3894//8 3895//8 4245//8
f 4245//8 3895//8 3896//8
f 3897//8 4245//8 3896//8
f 3897//8 3898//8 4245//8
f 4245//8 3898//8 3899//8
f 3900//8 4245//8 3899//8
f 3900//8 3901//8 4245//8
f 4245//8 3901//8 3902//8
f 3903//8 4245//8 3902//8
f 3903//8 3904//8 4245//8
f 4245//8 3904//8 3905//8
f 3906//8 4245//8 3905//8
f 3906//8 3907//8 4245//8
f 4245//8 3907//8 3908//8
f 3909//8 4245//8 3908//8
f 3909//8 3910//8 4245//8
f 4245//8 3910//8 3911//8
f 3912//8 4245//8 3911//8
f 3912//8 3913//8 4245//8
f 4245//8 3913//8 3914//8
f 3915//8 4245//8 3914//8
f 3915//8 4278//8 4245//8
f 4245//8 4260//8 3883//8
f 4329//537 4330//537 105//537
f 104//538 4329//538 105//538
f 104//539 4331//539 4329//539
f 104//540 4332//540 4331//540
f 104//541 103//541 4332//541
f 4332//542 103//542 4333//542
f 4333//543 103//543 4334//543
f 4334//544 103//544 102//544
f 4335//545 102//545 4336//545
f 4335//546 4334//546 102//546
f 102//547 101//547 4336//547
f 4336//548 101//548 4337//548
f 4337//549 101//549 4338//549
f 4338//550 101//550 100//550
f 4339//551 100//551 99//551
f 4340//552 99//552 98//552
f 4341//553 98//553 97//553
f 4342//554 97//554 96//554
f 4343//555 96//555 95//555
f 4344//556 95//556 94//556
f 4345//557 94//557 93//557
f 4346//558 93//558 92//558
f 4347//559 92//559 91//559
f 4348//560 91//560 90//560
f 4349//561 90//561 89//561
f 88//562 4349//562 89//562
f 88//563 4350//563 4349//563
f 88//564 86//564 4350//564
f 4350//565 86//565 85//565
f 4351//566 85//566 84//566
f 83//567 4351//567 84//567
f 83//568 4352//568 4351//568
f 83//569 82//569 4352//569
f 4352//570 82//570 81//570
f 4353//571 81//571 80//571
f 79//572 4353//572 80//572
f 79//573 4354//573 4353//573
f 79//574 78//574 4354//574
f 4354//575 78//575 77//575
f 4355//576 77//576 76//576
f 75//577 4355//577 76//577
f 75//578 4356//578 4355//578
f 75//579 74//579 4356//579
f 4356//580 74//580 73//580
f 4357//581 73//581 71//581
f 70//582 4357//582 71//582
f 70//583 4358//583 4357//583
f 70//584 69//584 4358//584
f 4358//585 69//585 68//585
f 4359//586 68//586 67//586
f 66//587 4359//587 67//587
f 66//588 4360//588 4359//588
f 66//589 65//589 4360//589
f 4360//590 65//590 64//590
f 4361//591 64//591 63//591
f 4362//592 63//592 62//592
f 4363//593 62//593 61//593
f 4364//594 61//594 4365//594
f 4364//595 4363//595 61//595
f 61//596 60//596 4365//596
f 4365//597 60//597 4366//597
f 4366//598 60//598 4367//598
f 4367//599 60//599 4368//599
f 4368//600 60//600 59//600
f 4369//601 59//601 4370//601
f 4369//602 4368//602 59//602
f 59//603 58//603 4370//603
f 4370//604 58//604 4371//604
f 4371//605 58//605 4372//605
f 4372//606 58//606 57//606
f 4373//607 57//607 4374//607
f 4373//608 4372//608 57//608
f 57//609 56//609 4374//609
f 4374//610 56//610 4375//610
f 4375//611 56//611 4376//611
f 4376//612 56//612 55//612
f 4377//613 55//613 4378//613
f 4377//614 4376//614 55//614
f 55//615 54//615 4378//615
f 4378//616 54//616 4379//616
f 4379//617 54//617 4380//617
f 4380//618 54//618 53//618
f 4381//619 53//619 4382//619
f 4381//620 4380//620 53//620
f 53//621 52//621 4382//621
f 4382//622 52//622 4383//622
f 4383//623 52//623 4384//623
f 4384//624 52//624 51//624
f 4385//625 51//625 4386//625
f 4385//626 4384//626 51//626
f 51//627 50//627 4386//627
f 4386//628 50//628 4387//628
f 4387//629 50//629 4388//629
f 4388//630 50//630 49//630
f 4389//631 49//631 4390//631
f 4389//632 4388//632 49//632
f 49//633 48//633 4390//633
f 4390//634 48//634 4391//634
f 4391//635 48//635 4392//635
f 4392//636 48//636 47//636
f 4393//637 47//637 4394//637
f 4393//638 4392//638 47//638
f 4394//639 47//639 4395//639
f 4395//640 47//640 46//640
f 4396//641 46//641 45//641
f 4397//642 45//642 44//642
f 4398//643 44//643 43//643
f 42//644 4398//644 43//644
f 42//645 4399//645 4398//645
f 42//646 41//646 4399//646
f 4399//647 41//647 40//647
f 4400//648 40//648 39//648
f 38//649 4400//649 39//649
f 38//650 4401//650 4400//650
f 38//651 36//651 4401//651
f 4401//652 36//652 35//652
f 4402//653 35//653 34//653
f 33//654 4402//654 34//654
f 33//655 4403//655 4402//655
f 33//656 32//656 4403//656
f 4403//657 32//657 31//657
f 4404//658 31//658 30//658
f 29//659 4404//659 30//659
f 29//660 4405//660 4404//660
f 29//661 28//661 4405//661
f 4405//662 28//662 27//662
f 4406//663 27//663 26//663
f 25//664 4406//664 26//664
f 25//665 4407//665 4406//665
f 25//666 24//666 4407//666
f 4407//667 24//667 23//667
f 4408//668 23//668 21//668
f 20//669 4408//669 21//669
f 20//670 4409//670 4408//670
f 20//671 19//671 4409//671
f 4409//672 19//672 18//672
f 4410//673 18//673 17//673
f 4411//674 17//674 16//674
f 4412//675 16//675 15//675
f 4413//676 15//676 14//676
f 4414//677 14//677 13//677
f 4415//678 13//678 12//678
f 4416//679 12//679 11//679
f 4417//680 11//680 10//680
f 4418//681 10//681 9//681
f 4419//682 9//682 8//682
f 4420//683 8//683 7//683
f 4421//684 7//684 4422//684
f 4421//685 4420//685 7//685
f 7//686 6//686 4422//686
f 4422//687 6//687 4423//687
f 4423//688 6//688 4424//688
f 4424//689 6//689 5//689
f 4425//690 5//690 4426//690
f 4425//691 4424//691 5//691
f 5//692 4//692 4426//692
f 4426//693 4//693 4427//693
f 4427//694 4//694 4428//694
f 4428//695 4//695 2//695
f 4429//696 2//696 4430//696
f 4429//697 4428//697 2//697
f 2//698 1//698 4430//698
f 4430//699 1//699 4431//699
f 4431//700 1//700 4432//700
f 4432//701 1//701 541//701
f 4433//702 541//702 4434//702
f 4433//703 4432//703 541//703
f 541//704 540//704 4434//704
f 4434//705 540//705 4435//705
f 4435//706 540//706 4436//706
f 4436//707 540//707 539//707
f 4437//708 539//708 4438//708
f 4437//709 4436//709 539//709
f 539//710 538//710 4438//710
f 4438//711 538//711 4439//711
f 4439//712 538//712 4440//712
f 4440//713 538//713 537//713
f 4441//714 537//714 4442//714
f 4441//715 4440//715 537//715
f 537//716 536//716 4442//716
f 4442//717 536//717 4443//717
f 4443//718 536//718 4444//718
f 4444//719 536//719 535//719
f 4445//720 535//720 534//720
f 4446//721 534//721 533//721
f 4447//722 533//722 532//722
f 531//723 4447//723 532//723
f 531//724 530//724 4447//724
f 4447//725 530//725 4448//725
f 4448//726 530//726 529//726
f 528//727 4448//727 529//727
f 528//728 4449//728 4448//728
f 528//729 527//729 4449//729
f 4449//730 527//730 526//730
f 4450//731 526//731 525//731
f 524//732 4450//732 525//732
f 524//733 4451//733 4450//733
f 524//734 523//734 4451//734
f 4451//735 523//735 522//735
f 4452//736 522//736 521//736
f 520//737 4452//737 521//737
f 520//738 4453//738 4452//738
f 520//739 519//739 4453//739
f 4453//740 519//740 518//740
f 4454//741 518//741 517//741
f 516//742 4454//742 517//742
f 516//743 4455//743 4454//743
f 516//744 515//744 4455//744
f 4455//745 515//745 514//745
f 4456//746 514//746 513//746
f 512//747 4456//747 513//747
f 512//748 4457//748 4456//748
f 512//749 511//749 4457//749
f 4457//750 511//750 510//750
f 4458//751 510//751 509//751
f 508//752 4458//752 509//752
f 508//753 4459//753 4458//753
f 508//754 507//754 4459//754
f 4459//755 507//755 506//755
f 4460//756 506//756 505//756
f 504//757 4460//757 505//757
f 504//758 503//758 4460//758
f 4460//759 503//759 4461//759
f 4461//760 503//760 502//760
f 501//761 4461//761 502//761
f 501//762 4462//762 4461//762
f 501//763 500//763 4462//763
f 4462//764 500//764 4463//764
f 4463//765 500//765 499//765
f 4464//766 499//766 498//766
f 4465//767 498//767 4466//767
f 4465//768 4464//768 498//768
f 498//769 497//769 4466//769
f 4466//770 497//770 4467//770
f 4467//771 497//771 4468//771
f 4468//772 497//772 496//772
f 4469//773 496//773 4470//773
f 4469//774 4468//774 496//774
f 496//775 495//775 4470//775
f 4470//776 495//776 4471//776
f 4471//777 495//777 4472//777
f 4472//778 495//778 494//778
f 4473//779 494//779 4474//779
f 4473//780 4472//780 494//780
f 494//781 493//781 4474//781
f 4474//782 493//782 4475//782
f 4475//783 493//783 4476//783
f 4476//784 493//784 106//784
f 4477//785 106//785 4478//785
f 4477//786 4476//786 106//786
f 4454//787 4453//787 518//787
f 4452//788 4451//788 522//788
f 4450//789 4449//789 526//789
f 4447//790 4446//790 533//790
f 4446//791 4445//791 534//791
f 4445//792 4444//792 535//792
f 4420//793 4419//793 8//793
f 4419//794 4418//794 9//794
f 4418//795 4417//795 10//795
f 4417//796 4416//796 11//796
f 4416//797 4415//797 12//797
f 4415//798 4414//798 13//798
f 4414//799 4413//799 14//799
f 4413//800 4412//800 15//800
f 4412//801 4411//801 16//801
f 4411//802 4410//802 17//802
f 4410//803 4409//803 18//803
f 4408//804 4407//804 23//804
f 4406//805 4405//805 27//805
f 4404//806 4403//806 31//806
f 4402//807 4401//807 35//807
f 4400//808 4399//808 40//808
f 4398//809 4397//809 44//809
f 4397//810 4396//810 45//810
f 4396//811 4395//811 46//811
f 4363//812 4362//812 62//812
f 4362//813 4361//813 63//813
f 4361//814 4360//814 64//814
f 4359//815 4358//815 68//815
f 4357//816 4356//816 73//816
f 4355//817 4354//817 77//817
f 4353//818 4352//818 81//818
f 4351//819 4350//819 85//819
f 4349//820 4348//820 90//820
f 4348//821 4347//821 91//821
f 4347//822 4346//822 92//822
f 4346//823 4345//823 93//823
f 4345//824 4344//824 94//824
f 4344//825 4343//825 95//825
f 4343//826 4342//826 96//826
f 4342//827 4341//827 97//827
f 4341//828 4340//828 98//828
f 4340//829 4339//829 99//829
f 4339//830 4338//830 100//830
f 4330//831 4478//831 105//831
f 105//832 4478//832 106//832
f 4464//833 4463//833 499//833
f 4460//834 4459//834 506//834
f 4458//835 4457//835 510//835
f 4456//836 4455//836 514//836
f 4479//5 4354//5 4480//5
f 4481//5 4479//5 4480//5
f 4481//5 4482//5 4479//5
f 4479//5 4482//5 4483//5
f 4484//5 4479//5 4483//5
f 4484//5 4485//5 4479//5
f 4479//5 4485//5 4486//5
f 4487//5 4479//5 4486//5
f 4487//5 4488//5 4479//5
f 4479//5 4488//5 4489//5
f 4490//5 4479//5 4489//5
f 4490//5 4491//5 4479//5
f 4479//5 4491//5 4492//5
f 4493//5 4479//5 4492//5
f 4493//6 4494//6 4479//6
f 4479//5 4494//5 4495//5
f 4496//7 4479//7 4495//7
f 4496//5 4497//5 4479//5
f 4479//5 4497//5 4498//5
f 4499//5 4479//5 4498//5
f 4499//5 4500//5 4479//5
f 4479//5 4500//5 4501//5
f 4502//5 4479//5 4501//5
f 4502//5 4503//5 4479//5
f 4479//5 4503//5 4504//5
f 4505//5 4479//5 4504//5
f 4505//7 4506//7 4479//7
f 4479//5 4506//5 4507//5
f 4508//5 4479//5 4507//5
f 4508//5 4509//5 4479//5
f 4479//5 4509//5 4510//5
f 4511//5 4510//5 4512//5
f 4513//5 4511//5 4512//5
f 4513//5 4514//5 4511//5
f 4511//5 4514//5 4515//5
f 4516//7 4511//7 4515//7
f 4516//5 4517//5 4511//5
f 4511//5 4517//5 4518//5
f 4519//5 4511//5 4518//5
f 4519//5 4520//5 4511//5
f 4511//5 4520//5 4521//5
f 4522//5 4511//5 4521//5
f 4522//5 4523//5 4511//5
f 4511//5 4523//5 4524//5
f 4525//5 4511//5 4524//5
f 4525//7 4526//7 4511//7
f 4511//5 4526//5 4527//5
f 4528//6 4511//6 4527//6
f 4528//5 4529//5 4511//5
f 4511//5 4529//5 4530//5
f 4531//5 4511//5 4530//5
f 4531//5 4532//5 4511//5
f 4511//5 4532//5 4533//5
f 4534//5 4511//5 4533//5
f 4534//5 4535//5 4511//5
f 4511//5 4535//5 4536//5
f 4537//5 4511//5 4536//5
f 4537//5 4538//5 4511//5
f 4511//5 4538//5 4539//5
f 4540//5 4511//5 4539//5
f 4540//5 4541//5 4511//5
f 4511//5 4541//5 4542//5
f 4543//5 4511//5 4542//5
f 4543//5 4544//5 4511//5
f 4543//5 4545//5 4544//5
f 4544//5 4545//5 4546//5
f 4547//5 4544//5 4546//5
f 4547//5 4548//5 4544//5
f 4544//5 4548//5 4549//5
f 4550//5 4544//5 4549//5
f 4550//5 4551//5 4544//5
f 4544//5 4551//5 4552//5
f 4553//5 4544//5 4552//5
f 4553//5 4554//5 4544//5
f 4544//5 4554//5 4555//5
f 4556//5 4544//5 4555//5
f 4556//5 4557//5 4544//5
f 4544//5 4557//5 4558//5
f 4559//5 4544//5 4558//5
f 4559//7 4560//7 4544//7
f 4544//5 4560//5 4561//5
f 4562//6 4544//6 4561//6
f 4562//5 4563//5 4544//5
f 4544//5 4563//5 4564//5
f 4565//5 4544//5 4564//5
f 4565//5 4566//5 4544//5
f 4544//5 4566//5 4567//5
f 4568//5 4544//5 4567//5
f 4568//5 4569//5 4544//5
f 4544//5 4569//5 4570//5
f 4571//5 4544//5 4570//5
f 4571//6 4572//6 4544//6
f 4544//5 4572//5 4573//5
f 4574//5 4544//5 4573//5
f 4574//5 4404//5 4544//5
f 4574//7 4575//7 4404//7
f 4404//6 4575//6 4576//6
f 4577//5 4404//5 4576//5
f 4577//5 4578//5 4404//5
f 4404//5 4578//5 4579//5
f 4580//5 4404//5 4579//5
f 4580//5 4581//5 4404//5
f 4404//5 4581//5 4403//5
f 4403//5 4581//5 4582//5
f 4402//5 4582//5 4583//5
f 4401//5 4583//5 4400//5
f 4401//6 4402//6 4583//6
f 4354//5 4355//5 4480//5
f 4480//5 4355//5 4356//5
f 4357//5 4480//5 4356//5
f 4357//5 4358//5 4480//5
f 4480//5 4358//5 4584//5
f 4584//5 4358//5 4359//5
f 4360//5 4584//5 4359//5
f 4360//5 4361//5 4584//5
f 4584//5 4361//5 4362//5
f 4363//5 4584//5 4362//5
f 4363//5 4585//5 4584//5
f 4363//5 4364//5 4585//5
f 4585//5 4364//5 4365//5
f 4586//5 4365//5 4366//5
f 4367//5 4586//5 4366//5
f 4367//5 4587//5 4586//5
f 4367//6 4368//6 4587//6
f 4587//5 4368//5 4588//5
f 4588//5 4368//5 4589//5
f 4589//5 4368//5 4590//5
f 4590//5 4368//5 4369//5
f 4591//5 4369//5 4370//5
f 4371//7 4591//7 4370//7
f 4371//5 4372//5 4591//5
f 4591//5 4372//5 4373//5
f 4374//5 4591//5 4373//5
f 4374//5 4375//5 4591//5
f 4591//5 4375//5 4376//5
f 4377//5 4591//5 4376//5
f 4377//5 4592//5 4591//5
f 4377//5 4378//5 4592//5
f 4592//5 4378//5 4379//5
f 4380//5 4592//5 4379//5
f 4380//5 4381//5 4592//5
f 4592//5 4381//5 4382//5
f 4383//5 4592//5 4382//5
f 4383//5 4384//5 4592//5
f 4592//5 4384//5 4593//5
f 4593//5 4384//5 4594//5
f 4594//5 4384//5 4595//5
f 4595//5 4384//5 4596//5
f 4596//5 4384//5 4597//5
f 4597//5 4384//5 4598//5
f 4598//5 4384//5 4599//5
f 4599//5 4384//5 4600//5
f 4600//5 4384//5 4601//5
f 4601//7 4384//7 4385//7
f 4602//6 4385//6 4386//6
f 4387//7 4602//7 4386//7
f 4387//5 4603//5 4602//5
f 4387//5 4388//5 4603//5
f 4603//6 4388//6 4389//6
f 4604//5 4389//5 4390//5
f 4391//5 4604//5 4390//5
f 4391//5 4392//5 4604//5
f 4604//5 4392//5 4605//5
f 4605//5 4392//5 4393//5
f 4394//7 4605//7 4393//7
f 4394//5 4606//5 4605//5
f 4394//5 4395//5 4606//5
f 4606//5 4395//5 4396//5
f 4607//5 4396//5 4397//5
f 4398//5 4607//5 4397//5
f 4398//5 4608//5 4607//5
f 4398//5 4399//5 4608//5
f 4608//5 4399//5 4609//5
f 4609//5 4399//5 4400//5
f 4583//5 4609//5 4400//5
f 4402//7 4403//7 4582//7
f 4511//5 4479//5 4510//5
f 4607//5 4606//5 4396//5
f 4604//5 4603//5 4389//5
f 4602//5 4601//5 4385//5
f 4591//5 4590//5 4369//5
f 4586//5 4585//5 4365//5
f 4544//3 4404//3 4610//3
f 4611//3 4544//3 4610//3
f 4611//3 4612//3 4544//3
f 4544//3 4612//3 4613//3
f 4614//3 4544//3 4613//3
f 4614//3 4615//3 4544//3
f 4544//3 4615//3 4616//3
f 4617//3 4544//3 4616//3
f 4617//3 4618//3 4544//3
f 4544//3 4618//3 4619//3
f 4620//3 4544//3 4619//3
f 4620//3 4621//3 4544//3
f 4544//3 4621//3 4622//3
f 4623//3 4544//3 4622//3
f 4623//3 4624//3 4544//3
f 4544//3 4624//3 4625//3
f 4626//3 4544//3 4625//3
f 4626//3 4627//3 4544//3
f 4544//3 4627//3 4628//3
f 4629//3 4544//3 4628//3
f 4629//3 4630//3 4544//3
f 4544//3 4630//3 4631//3
f 4632//3 4544//3 4631//3
f 4632//3 4633//3 4544//3
f 4544//3 4633//3 4634//3
f 4635//3 4544//3 4634//3
f 4635//3 4636//3 4544//3
f 4544//3 4636//3 4637//3
f 4638//3 4637//3 4639//3
f 4640//3 4638//3 4639//3
f 4640//3 4641//3 4638//3
f 4638//3 4641//3 4642//3
f 4643//3 4638//3 4642//3
f 4643//3 4644//3 4638//3
f 4638//3 4644//3 4645//3
f 4646//3 4638//3 4645//3
f 4646//3 4647//3 4638//3
f 4638//3 4647//3 4648//3
f 4649//3 4638//3 4648//3
f 4649//3 4650//3 4638//3
f 4638//3 4650//3 4651//3
f 4652//3 4638//3 4651//3
f 4652//3 4653//3 4638//3
f 4638//3 4653//3 4654//3
f 4655//3 4638//3 4654//3
f 4655//3 4656//3 4638//3
f 4638//3 4656//3 4657//3
f 4658//3 4638//3 4657//3
f 4658//3 4659//3 4638//3
f 4638//3 4659//3 4660//3
f 4661//3 4638//3 4660//3
f 4661//3 4662//3 4638//3
f 4638//3 4662//3 4663//3
f 4664//3 4638//3 4663//3
f 4664//3 4665//3 4638//3
f 4638//3 4665//3 4666//3
f 4667//3 4638//3 4666//3
f 4667//3 4668//3 4638//3
f 4638//3 4668//3 4669//3
f 4670//3 4638//3 4669//3
f 4670//3 4671//3 4638//3
f 4670//3 4672//3 4671//3
f 4671//3 4672//3 4673//3
f 4674//3 4671//3 4673//3
f 4674//3 4675//3 4671//3
f 4671//3 4675//3 4676//3
f 4677//3 4671//3 4676//3
f 4677//3 4678//3 4671//3
f 4671//3 4678//3 4679//3
f 4680//3 4671//3 4679//3
f 4680//3 4681//3 4671//3
f 4671//3 4681//3 4682//3
f 4683//3 4671//3 4682//3
f 4683//3 4684//3 4671//3
f 4671//3 4684//3 4685//3
f 4686//3 4671//3 4685//3
f 4686//3 4687//3 4671//3
f 4671//3 4687//3 4688//3
f 4689//3 4671//3 4688//3
f 4689//3 4690//3 4671//3
f 4671//3 4690//3 4691//3
f 4692//3 4671//3 4691//3
f 4692//3 4693//3 4671//3
f 4671//3 4693//3 4694//3
f 4695//3 4671//3 4694//3
f 4695//3 4696//3 4671//3
f 4671//3 4696//3 4697//3
f 4698//3 4671//3 4697//3
f 4698//3 4699//3 4671//3
f 4671//3 4699//3 4700//3
f 4701//3 4671//3 4700//3
f 4701//3 4454//3 4671//3
f 4701//3 4702//3 4454//3
f 4454//3 4702//3 4703//3
f 4704//3 4454//3 4703//3
f 4704//3 4705//3 4454//3
f 4454//3 4705//3 4706//3
f 4707//3 4454//3 4706//3
f 4707//3 4708//3 4454//3
f 4454//3 4708//3 4453//3
f 4453//3 4708//3 4709//3
f 4452//3 4709//3 4710//3
f 4451//3 4710//3 4450//3
f 4451//3 4452//3 4710//3
f 4408//3 4711//3 4407//3
f 4408//3 4409//3 4711//3
f 4711//3 4409//3 4410//3
f 4411//3 4711//3 4410//3
f 4411//3 4712//3 4711//3
f 4411//3 4412//3 4712//3
f 4712//3 4412//3 4413//3
f 4713//3 4413//3 4414//3
f 4415//3 4713//3 4414//3
f 4415//3 4416//3 4713//3
f 4713//3 4416//3 4714//3
f 4714//3 4416//3 4417//3
f 4418//3 4714//3 4417//3
f 4418//3 4715//3 4714//3
f 4418//3 4419//3 4715//3
f 4715//3 4419//3 4716//3
f 4716//3 4419//3 4717//3
f 4717//3 4419//3 4718//3
f 4718//3 4419//3 4420//3
f 4719//3 4420//3 4421//3
f 4720//3 4421//3 4721//3
f 4720//3 4719//3 4421//3
f 4407//3 4722//3 4406//3
f 4407//3 4711//3 4722//3
f 4421//3 4422//3 4721//3
f 4721//3 4422//3 4423//3
f 4723//3 4423//3 4424//3
f 4724//3 4424//3 4425//3
f 4725//3 4425//3 4426//3
f 4427//3 4725//3 4426//3
f 4427//3 4428//3 4725//3
f 4725//3 4428//3 4429//3
f 4430//3 4725//3 4429//3
f 4430//3 4431//3 4725//3
f 4725//3 4431//3 4432//3
f 4433//3 4725//3 4432//3
f 4433//3 4434//3 4725//3
f 4725//3 4434//3 4726//3
f 4726//3 4434//3 4435//3
f 4436//3 4726//3 4435//3
f 4436//3 4727//3 4726//3
f 4436//3 4728//3 4727//3
f 4436//3 4729//3 4728//3
f 4436//3 4730//3 4729//3
f 4436//3 4731//3 4730//3
f 4436//3 4437//3 4731//3
f 4731//3 4437//3 4438//3
f 4732//3 4438//3 4439//3
f 4440//3 4732//3 4439//3
f 4440//3 4733//3 4732//3
f 4440//3 4441//3 4733//3
f 4733//3 4441//3 4442//3
f 4734//3 4442//3 4443//3
f 4444//3 4734//3 4443//3
f 4444//3 4445//3 4734//3
f 4734//3 4445//3 4735//3
f 4735//3 4445//3 4736//3
f 4736//3 4445//3 4737//3
f 4737//3 4445//3 4738//3
f 4738//3 4445//3 4710//3
f 4710//3 4445//3 4446//3
f 4447//3 4710//3 4446//3
f 4447//3 4448//3 4710//3
f 4710//3 4448//3 4449//3
f 4450//3 4710//3 4449//3
f 4452//3 4453//3 4709//3
f 4638//3 4544//3 4637//3
f 4734//3 4733//3 4442//3
f 4732//3 4731//3 4438//3
f 4725//3 4724//3 4425//3
f 4724//3 4723//3 4424//3
f 4723//3 4721//3 4423//3
f 4719//3 4718//3 4420//3
f 4713//3 4712//3 4413//3
f 4722//3 4739//3 4406//3
f 4406//3 4739//3 4405//3
f 4405//3 4739//3 4610//3
f 4404//3 4405//3 4610//3
f 4457//4 4740//4 4456//4
f 4457//4 4458//4 4740//4
f 4740//4 4458//4 4459//4
f 4460//4 4740//4 4459//4
f 4460//4 4461//4 4740//4
f 4740//4 4461//4 4462//4
f 4463//4 4740//4 4462//4
f 4463//4 4741//4 4740//4
f 4463//4 4742//4 4741//4
f 4463//4 4743//4 4742//4
f 4463//4 4744//4 4743//4
f 4463//4 4745//4 4744//4
f 4463//4 4464//4 4745//4
f 4745//4 4464//4 4465//4
f 4466//4 4745//4 4465//4
f 4466//4 4746//4 4745//4
f 4466//4 4467//4 4746//4
f 4746//4 4467//4 4468//4
f 4747//4 4468//4 4469//4
f 4470//4 4747//4 4469//4
f 4470//4 4748//4 4747//4
f 4470//4 4471//4 4748//4
f 4748//4 4471//4 4749//4
f 4749//4 4471//4 4750//4
f 4750//4 4471//4 4751//4
f 4751//4 4471//4 4752//4
f 4752//4 4471//4 4753//4
f 4753//4 4471//4 4472//4
f 4473//4 4753//4 4472//4
f 4473//4 4474//4 4753//4
f 4753//4 4474//4 4475//4
f 4476//4 4753//4 4475//4
f 4476//4 4477//4 4753//4
f 4753//4 4477//4 4478//4
f 4330//4 4753//4 4478//4
f 4330//4 4329//4 4753//4
f 4753//4 4329//4 4331//4
f 4754//4 4331//4 4332//4
f 4333//4 4754//4 4332//4
f 4333//4 4755//4 4754//4
f 4333//4 4334//4 4755//4
f 4755//4 4334//4 4756//4
f 4756//4 4334//4 4335//4
f 4757//4 4335//4 4336//4
f 4337//4 4757//4 4336//4
f 4337//4 4758//4 4757//4
f 4337//4 4759//4 4758//4
f 4337//4 4338//4 4759//4
f 4759//4 4338//4 4760//4
f 4760//4 4338//4 4339//4
f 4761//4 4339//4 4762//4
f 4761//4 4760//4 4339//4
f 4456//4 4763//4 4455//4
f 4456//4 4740//4 4763//4
f 4762//4 4339//4 4764//4
f 4764//4 4339//4 4340//4
f 4765//4 4340//4 4341//4
f 4342//4 4765//4 4341//4
f 4342//4 4766//4 4765//4
f 4342//4 4343//4 4766//4
f 4766//4 4343//4 4344//4
f 4345//4 4766//4 4344//4
f 4345//4 4767//4 4766//4
f 4345//4 4346//4 4767//4
f 4767//4 4346//4 4347//4
f 4768//4 4347//4 4348//4
f 4349//4 4768//4 4348//4
f 4349//4 4350//4 4768//4
f 4768//4 4350//4 4351//4
f 4769//4 4351//4 4352//4
f 4770//4 4352//4 4353//4
f 4771//4 4353//4 4354//4
f 4479//4 4771//4 4354//4
f 4479//4 4772//4 4771//4
f 4479//4 4773//4 4772//4
f 4479//4 4774//4 4773//4
f 4479//4 4775//4 4774//4
f 4479//4 4776//4 4775//4
f 4479//4 4777//4 4776//4
f 4479//4 4778//4 4777//4
f 4479//4 4779//4 4778//4
f 4479//4 4780//4 4779//4
f 4479//4 4781//4 4780//4
f 4479//4 4782//4 4781//4
f 4479//4 4783//4 4782//4
f 4479//4 4784//4 4783//4
f 4479//4 4785//4 4784//4
f 4479//4 4786//4 4785//4
f 4479//4 4787//4 4786//4
f 4479//4 4788//4 4787//4
f 4479//4 4789//4 4788//4
f 4479//4 4790//4 4789//4
f 4479//4 4791//4 4790//4
f 4479//4 4792//4 4791//4
f 4479//4 4793//4 4792//4
f 4479//4 4794//4 4793//4
f 4479//4 4795//4 4794//4
f 4479//4 4796//4 4795//4
f 4479//4 4797//4 4796//4
f 4479//4 4798//4 4797//4
f 4479//4 4799//4 4798//4
f 4798//4 4799//4 4800//4
f 4800//4 4799//4 4801//4
f 4801//4 4799//4 4802//4
f 4802//4 4799//4 4803//4
f 4803//4 4799//4 4804//4
f 4804//4 4799//4 4805//4
f 4805//4 4799//4 4806//4
f 4806//4 4799//4 4807//4
f 4807//4 4799//4 4808//4
f 4808//4 4799//4 4809//4
f 4809//4 4799//4 4810//4
f 4810//4 4799//4 4811//4
f 4811//4 4799//4 4812//4
f 4812//4 4799//4 4813//4
f 4813//4 4799//4 4814//4
f 4814//4 4799//4 4815//4
f 4815//4 4799//4 4816//4
f 4816//4 4799//4 4817//4
f 4817//4 4799//4 4818//4
f 4818//4 4799//4 4819//4
f 4819//4 4799//4 4820//4
f 4820//4 4799//4 4821//4
f 4821//4 4799//4 4822//4
f 4822//4 4799//4 4823//4
f 4823//4 4799//4 4824//4
f 4824//4 4799//4 4825//4
f 4825//4 4799//4 4826//4
f 4826//4 4799//4 4827//4
f 4827//4 4799//4 4828//4
f 4828//4 4799//4 4829//4
f 4829//4 4799//4 4830//4
f 4830//4 4799//4 4831//4
f 4831//4 4799//4 4671//4
f 4832//4 4671//4 4833//4
f 4832//4 4831//4 4671//4
f 4834//4 4835//4 4454//4
f 4836//4 4454//4 4837//4
f 4836//4 4834//4 4454//4
f 4771//4 4770//4 4353//4
f 4770//4 4769//4 4352//4
f 4769//4 4768//4 4351//4
f 4768//4 4767//4 4347//4
f 4765//4 4764//4 4340//4
f 4757//4 4756//4 4335//4
f 4754//4 4753//4 4331//4
f 4747//4 4746//4 4468//4
f 4763//4 4838//4 4455//4
f 4455//4 4838//4 4454//4
f 4454//4 4838//4 4839//4
f 4840//4 4454//4 4839//4
f 4840//4 4837//4 4454//4
f 4835//4 4841//4 4454//4
f 4454//4 4841//4 4671//4
f 4671//4 4841//4 4842//4
f 4843//4 4671//4 4842//4
f 4843//4 4844//4 4671//4
f 4671//4 4844//4 4845//4
f 4846//4 4671//4 4845//4
f 4846//4 4847//4 4671//4
f 4671//4 4847//4 4848//4
f 4849//4 4671//4 4848//4
f 4849//4 4850//4 4671//4
f 4671//4 4850//4 4851//4
f 4852//4 4671//4 4851//4
f 4852//4 4853//4 4671//4
f 4671//4 4853//4 4854//4
f 4855//4 4671//4 4854//4
f 4855//4 4856//4 4671//4
f 4671//4 4856//4 4857//4
f 4858//4 4671//4 4857//4
f 4858//4 4859//4 4671//4
f 4671//4 4859//4 4860//4
f 4861//4 4671//4 4860//4
f 4861//4 4862//4 4671//4
f 4671//4 4862//4 4863//4
f 4864//4 4671//4 4863//4
f 4864//4 4865//4 4671//4
f 4671//4 4865//4 4866//4
f 4867//4 4671//4 4866//4
f 4867//4 4868//4 4671//4
f 4671//4 4868//4 4833//4
f 4479//2 4511//2 4799//2
f 4799//2 4511//2 4869//2
f 4511//1 4544//1 4869//1
f 4869//1 4544//1 4638//1
f 4869//8 4638//8 4799//8
f 4799//8 4638//8 4671//8
f 4870//837 4871//837 774//837
f 773//838 4870//838 774//838
f 773//839 4872//839 4870//839
f 773//840 4873//840 4872//840
f 773//841 772//841 4873//841
f 4873//842 772//842 4874//842
f 4874//843 772//843 4875//843
f 4875//844 772//844 771//844
f 4876//845 771//845 4877//845
f 4876//846 4875//846 771//846
f 771//847 770//847 4877//847
f 4877//848 770//848 4878//848
f 4878//849 770//849 4879//849
f 4879//850 770//850 769//850
f 4880//851 769//851 4881//851
f 4880//852 4879//852 769//852
f 769//853 768//853 4881//853
f 4881//854 768//854 4882//854
f 4882//855 768//855 4883//855
f 4883//856 768//856 4884//856
f 4884//857 768//857 767//857
f 4885//858 767//858 766//858
f 4886//859 766//859 765//859
f 4887//860 765//860 764//860
f 763//861 4887//861 764//861
f 763//862 4888//862 4887//862
f 763//863 762//863 4888//863
f 4888//864 762//864 761//864
f 4889//865 761//865 760//865
f 759//866 4889//866 760//866
f 759//867 4890//867 4889//867
f 759//868 757//868 4890//868
f 4890//869 757//869 756//869
f 4891//870 756//870 755//870
f 754//871 4891//871 755//871
f 754//872 4892//872 4891//872
f 754//873 753//873 4892//873
f 4892//874 753//874 752//874
f 4893//875 752//875 751//875
f 750//876 4893//876 751//876
f 750//877 4894//877 4893//877
f 750//878 749//878 4894//878
f 4894//879 749//879 748//879
f 4895//880 748//880 747//880
f 746//881 4895//881 747//881
f 746//882 4896//882 4895//882
f 746//883 745//883 4896//883
f 4896//884 745//884 744//884
f 4897//885 744//885 742//885
f 741//886 4897//886 742//886
f 741//887 4898//887 4897//887
f 741//888 740//888 4898//888
f 4898//889 740//889 739//889
f 4899//890 739//890 738//890
f 4900//891 738//891 737//891
f 4901//892 737//892 736//892
f 4902//893 736//893 735//893
f 4903//894 735//894 734//894
f 4904//895 734//895 733//895
f 4905//896 733//896 732//896
f 4906//897 732//897 731//897
f 4907//898 731//898 730//898
f 4908//899 730//899 729//899
f 4909//900 729//900 728//900
f 4910//901 728//901 4911//901
f 4910//902 4909//902 728//902
f 728//903 727//903 4911//903
f 4911//904 727//904 4912//904
f 4912//905 727//905 4913//905
f 4913//906 727//906 726//906
f 4914//907 726//907 4915//907
f 4914//908 4913//908 726//908
f 726//909 725//909 4915//909
f 4915//910 725//910 4916//910
f 4916//911 725//911 4917//911
f 4917//912 725//912 724//912
f 4918//913 724//913 4919//913
f 4918//914 4917//914 724//914
f 724//915 723//915 4919//915
f 4919//916 723//916 4920//916
f 4920//917 723//917 4921//917
f 4921//918 723//918 722//918
f 4922//919 722//919 4923//919
f 4922//920 4921//920 722//920
f 722//921 721//921 4923//921
f 4923//922 721//922 4924//922
f 4924//923 721//923 4925//923
f 4925//924 721//924 720//924
f 4926//925 720//925 4927//925
f 4926//926 4925//926 720//926
f 720//927 719//927 4927//927
f 4927//928 719//928 4928//928
f 4928//929 719//929 4929//929
f 4929//930 719//930 718//930
f 4930//931 718//931 4931//931
f 4930//932 4929//932 718//932
f 718//933 717//933 4931//933
f 4931//934 717//934 4932//934
f 4932//935 717//935 4933//935
f 4933//936 717//936 716//936
f 4934//937 716//937 715//937
f 4935//938 715//938 714//938
f 4936//939 714//939 713//939
f 712//940 4936//940 713//940
f 712//941 711//941 4936//941
f 4936//942 711//942 4937//942
f 4937//943 711//943 710//943
f 709//944 4937//944 710//944
f 709//945 4938//945 4937//945
f 709//946 708//946 4938//946
f 4938//947 708//947 707//947
f 4939//948 707//948 705//948
f 704//949 4939//949 705//949
f 704//950 4940//950 4939//950
f 704//951 703//951 4940//951
f 4940//952 703//952 702//952
f 4941//953 702//953 701//953
f 700//954 4941//954 701//954
f 700//955 4942//955 4941//955
f 700//956 699//956 4942//956
f 4942//957 699//957 698//957
f 4943//958 698//958 697//958
f 696//959 4943//959 697//959
f 696//960 4944//960 4943//960
f 696//961 695//961 4944//961
f 4944//962 695//962 694//962
f 4945//963 694//963 693//963
f 692//964 4945//964 693//964
f 692//965 4946//965 4945//965
f 692//966 691//966 4946//966
f 4946//967 691//967 690//967
f 4947//968 690//968 688//968
f 687//969 4947//969 688//969
f 687//970 4948//970 4947//970
f 687//971 686//971 4948//971
f 4948//972 686//972 685//972
f 4949//973 685//973 684//973
f 683//974 4949//974 684//974
f 683//975 682//975 4949//975
f 4949//976 682//976 4950//976
f 4950//977 682//977 681//977
f 680//978 4950//978 681//978
f 680//979 4951//979 4950//979
f 680//980 679//980 4951//980
f 4951//981 679//981 4952//981
f 4952//982 679//982 678//982
f 4953//983 678//983 677//983
f 4954//984 677//984 4955//984
f 4954//985 4953//985 677//985
f 677//986 676//986 4955//986
f 4955//987 676//987 4956//987
f 4956//988 676//988 4957//988
f 4957//989 676//989 675//989
f 4958//990 675//990 4959//990
f 4958//991 4957//991 675//991
f 675//992 674//992 4959//992
f 4959//993 674//993 4960//993
f 4960//994 674//994 4961//994
f 4961//995 674//995 673//995
f 4962//996 673//996 4963//996
f 4962//997 4961//997 673//997
f 673//998 671//998 4963//998
f 4963//999 671//999 4964//999
f 4964//1000 671//1000 4965//1000
f 4965//1001 671//1001 670//1001
f 4966//1002 670//1002 4967//1002
f 4966//1003 4965//1003 670//1003
f 670//1004 954//1004 4967//1004
f 4967//1005 954//1005 4968//1005
f 4968//1006 954//1006 4969//1006
f 4969//1007 954//1007 953//1007
f 4970//1008 953//1008 4971//1008
f 4970//1009 4969//1009 953//1009
f 953//1010 952//1010 4971//1010
f 4971//1011 952//1011 4972//1011
f 4972//1012 952//1012 4973//1012
f 4973//1013 952//1013 951//1013
f 4974//1014 951//1014 4975//1014
f 4974//1015 4973//1015 951//1015
f 951//1016 950//1016 4975//1016
f 4975//1017 950//1017 4976//1017
f 4976//1018 950//1018 4977//1018
f 4977//1019 950//1019 949//1019
f 4978//1020 949//1020 948//1020
f 4979//1021 948//1021 947//1021
f 4980//1022 947//1022 946//1022
f 4981//1023 946//1023 945//1023
f 4982//1024 945//1024 944//1024
f 4983//1025 944//1025 943//1025
f 4984//1026 943//1026 942//1026
f 4985//1027 942//1027 941//1027
f 4986//1028 941//1028 940//1028
f 4987//1029 940//1029 939//1029
f 4988//1030 939//1030 938//1030
f 937//1031 4988//1031 938//1031
f 937//1032 4989//1032 4988//1032
f 937//1033 936//1033 4989//1033
f 4989//1034 936//1034 935//1034
f 4990//1035 935//1035 934//1035
f 933//1036 4990//1036 934//1036
f 933//1037 4991//1037 4990//1037
f 933//1038 932//1038 4991//1038
f 4991//1039 932//1039 931//1039
f 4992//1040 931//1040 930//1040
f 929//1041 4992//1041 930//1041
f 929//1042 4993//1042 4992//1042
f 929//1043 928//1043 4993//1043
f 4993//1044 928//1044 927//1044
f 4994//1045 927//1045 926//1045
f 925//1046 4994//1046 926//1046
f 925//1047 4995//1047 4994//1047
f 925//1048 924//1048 4995//1048
f 4995//1049 924//1049 923//1049
f 4996//1050 923//1050 922//1050
f 921//1051 4996//1051 922//1051
f 921//1052 4997//1052 4996//1052
f 921//1053 920//1053 4997//1053
f 4997//1054 920//1054 919//1054
f 4998//1055 919//1055 918//1055
f 917//1056 4998//1056 918//1056
f 917//1057 4999//1057 4998//1057
f 917//1058 916//1058 4999//1058
f 4999//1059 916//1059 915//1059
f 5000//1060 915//1060 914//1060
f 5001//1061 914//1061 913//1061
f 5002//1062 913//1062 912//1062
f 5003//1063 912//1063 5004//1063
f 5003//1064 5002//1064 912//1064
f 912//1065 911//1065 5004//1065
f 5004//1066 911//1066 5005//1066
f 5005//1067 911//1067 5006//1067
f 5006//1068 911//1068 5007//1068
f 5007//1069 911//1069 910//1069
f 5008//1070 910//1070 5009//1070
f 5008//1071 5007//1071 910//1071
f 910//1072 909//1072 5009//1072
f 5009//1073 909//1073 5010//1073
f 5010//1074 909//1074 5011//1074
f 5011//1075 909//1075 908//1075
f 5012//1076 908//1076 5013//1076
f 5012//1077 5011//1077 908//1077
f 908//1078 907//1078 5013//1078
f 5013//1079 907//1079 5014//1079
f 5014//1080 907//1080 5015//1080
f 5015//1081 907//1081 906//1081
f 5016//1082 906//1082 5017//1082
f 5016//1083 5015//1083 906//1083
f 906//1084 775//1084 5017//1084
f 5017//1085 775//1085 5018//1085
f 5018//1086 775//1086 5019//1086
f 5019//1087 775//1087 774//1087
f 4871//1088 5019//1088 774//1088
f 4943//1089 4942//1089 698//1089
f 4941//1090 4940//1090 702//1090
f 4939//1091 4938//1091 707//1091
f 4936//1092 4935//1092 714//1092
f 4935//1093 4934//1093 715//1093
f 4934//1094 4933//1094 716//1094
f 4909//1095 4908//1095 729//1095
f 4908//1096 4907//1096 730//1096
f 4907//1097 4906//1097 731//1097
f 4906//1098 4905//1098 732//1098
f 4905//1099 4904//1099 733//1099
f 4904//1100 4903//1100 734//1100
f 4903//1101 4902//1101 735//1101
f 4902//1102 4901//1102 736//1102
f 4901//1103 4900//1103 737//1103
f 4900//1104 4899//1104 738//1104
f 4899//1105 4898//1105 739//1105
f 4897//1106 4896//1106 744//1106
f 4895//1107 4894//1107 748//1107
f 4893//1108 4892//1108 752//1108
f 4891//1109 4890//1109 756//1109
f 4889//1110 4888//1110 761//1110
f 4887//1111 4886//1111 765//1111
f 4886//1112 4885//1112 766//1112
f 4885//1113 4884//1113 767//1113
f 5002//1114 5001//1114 913//1114
f 5001//1115 5000//1115 914//1115
f 5000//1116 4999//1116 915//1116
f 4998//1117 4997//1117 919//1117
f 4996//1118 4995//1118 923//1118
f 4994//1119 4993//1119 927//1119
f 4992//1120 4991//1120 931//1120
f 4990//1121 4989//1121 935//1121
f 4988//1122 4987//1122 939//1122
f 4987//1123 4986//1123 940//1123
f 4986//1124 4985//1124 941//1124
f 4985//1125 4984//1125 942//1125
f 4984//1126 4983//1126 943//1126
f 4983//1127 4982//1127 944//1127
f 4982//1128 4981//1128 945//1128
f 4981//1129 4980//1129 946//1129
f 4980//1130 4979//1130 947//1130
f 4979//1131 4978//1131 948//1131
f 4978//1132 4977//1132 949//1132
f 4953//1133 4952//1133 678//1133
f 4949//1134 4948//1134 685//1134
f 4947//1135 4946//1135 690//1135
f 4945//1136 4944//1136 694//1136
f 4996//7 5020//7 4995//7
f 4996//5 4997//5 5020//5
f 5020//5 4997//5 5021//5
f 5021//5 4997//5 4998//5
f 5022//5 4998//5 4999//5
f 5023//5 4999//5 5000//5
f 5001//5 5023//5 5000//5
f 5001//5 5024//5 5023//5
f 5001//5 5002//5 5024//5
f 5024//5 5002//5 5003//5
f 5025//6 5003//6 5004//6
f 5005//5 5025//5 5004//5
f 5005//5 5026//5 5025//5
f 5005//5 5006//5 5026//5
f 5026//5 5006//5 5007//5
f 5008//5 5026//5 5007//5
f 5008//5 5027//5 5026//5
f 5008//5 5009//5 5027//5
f 5027//5 5009//5 5010//5
f 5028//6 5010//6 5011//6
f 5012//7 5028//7 5011//7
f 5012//5 5029//5 5028//5
f 5012//6 5013//6 5029//6
f 5029//5 5013//5 5030//5
f 5030//5 5013//5 5031//5
f 5031//5 5013//5 5032//5
f 5032//6 5013//6 5014//6
f 5033//5 5014//5 5034//5
f 5033//5 5032//5 5014//5
f 4995//6 5035//6 4994//6
f 4995//5 5020//5 5035//5
f 5015//5 5036//5 5014//5
f 5015//5 5016//5 5036//5
f 5036//5 5016//5 5017//5
f 5018//5 5036//5 5017//5
f 5018//5 5019//5 5036//5
f 5036//5 5019//5 4871//5
f 4870//5 5036//5 4871//5
f 4870//5 4872//5 5036//5
f 5036//5 4872//5 4873//5
f 4874//5 5036//5 4873//5
f 4874//5 4875//5 5036//5
f 5036//5 4875//5 4876//5
f 4877//6 5036//6 4876//6
f 4877//5 4878//5 5036//5
f 5036//5 4878//5 5037//5
f 5037//5 4878//5 4879//5
f 5038//5 4879//5 5039//5
f 5038//5 5037//5 4879//5
f 5039//5 4879//5 5040//5
f 5040//7 4879//7 4880//7
f 5041//5 4880//5 4881//5
f 4882//5 5041//5 4881//5
f 4882//5 5042//5 5041//5
f 4882//5 4883//5 5042//5
f 5042//5 4883//5 4884//5
f 5043//5 4884//5 4885//5
f 4886//5 5043//5 4885//5
f 4886//5 4887//5 5043//5
f 5043//5 4887//5 4888//5
f 4889//5 5043//5 4888//5
f 4889//5 5044//5 5043//5
f 4889//5 4890//5 5044//5
f 5044//5 4890//5 4891//5
f 4892//5 5044//5 4891//5
f 4892//5 4893//5 5044//5
f 5044//5 4893//5 5045//5
f 5046//5 5045//5 5047//5
f 5046//5 5044//5 5045//5
f 5048//5 5049//5 5050//5
f 5051//5 5050//5 5052//5
f 5051//5 5048//5 5050//5
f 5053//5 5054//5 5055//5
f 5056//5 5055//5 5057//5
f 5056//5 5053//5 5055//5
f 5058//7 5059//7 4993//7
f 5060//5 4993//5 5061//5
f 5060//5 5058//5 4993//5
f 5041//5 5040//5 4880//5
f 5036//5 5062//5 5014//5
f 5014//5 5062//5 5063//5
f 5064//5 5014//5 5063//5
f 5064//5 5065//5 5014//5
f 5014//5 5065//5 5034//5
f 5028//5 5027//5 5010//5
f 5025//5 5024//5 5003//5
f 5023//5 5022//5 4999//5
f 5022//5 5021//5 4998//5
f 5035//5 5066//5 4994//5
f 4994//5 5066//5 4993//5
f 4993//5 5066//5 5067//5
f 5068//5 4993//5 5067//5
f 5068//5 5061//5 4993//5
f 5059//6 5069//6 4993//6
f 4993//5 5069//5 5055//5
f 5055//5 5069//5 5070//5
f 5071//5 5055//5 5070//5
f 5071//5 5072//5 5055//5
f 5055//5 5072//5 5073//5
f 5074//5 5055//5 5073//5
f 5074//5 5075//5 5055//5
f 5055//5 5075//5 5076//5
f 5077//5 5055//5 5076//5
f 5077//5 5078//5 5055//5
f 5055//5 5078//5 5079//5
f 5080//7 5055//7 5079//7
f 5080//5 5081//5 5055//5
f 5055//5 5081//5 5082//5
f 5083//5 5055//5 5082//5
f 5083//5 5084//5 5055//5
f 5055//5 5084//5 5085//5
f 5086//5 5055//5 5085//5
f 5086//5 5087//5 5055//5
f 5055//5 5087//5 5088//5
f 5089//5 5055//5 5088//5
f 5089//5 5090//5 5055//5
f 5055//5 5090//5 5091//5
f 5092//5 5055//5 5091//5
f 5092//5 5093//5 5055//5
f 5055//5 5093//5 5094//5
f 5057//5 5055//5 5094//5
f 5054//5 5095//5 5055//5
f 5055//5 5095//5 5050//5
f 5050//5 5095//5 5096//5
f 5097//5 5050//5 5096//5
f 5097//5 5098//5 5050//5
f 5050//5 5098//5 5099//5
f 5100//5 5050//5 5099//5
f 5100//5 5101//5 5050//5
f 5050//5 5101//5 5102//5
f 5103//5 5050//5 5102//5
f 5103//5 5104//5 5050//5
f 5050//5 5104//5 5105//5
f 5106//5 5050//5 5105//5
f 5106//5 5107//5 5050//5
f 5050//5 5107//5 5108//5
f 5109//5 5050//5 5108//5
f 5109//5 5110//5 5050//5
f 5050//5 5110//5 5111//5
f 5112//5 5050//5 5111//5
f 5112//6 5113//6 5050//6
f 5050//5 5113//5 5114//5
f 5115//6 5050//6 5114//6
f 5115//5 5116//5 5050//5
f 5050//5 5116//5 5117//5
f 5118//5 5050//5 5117//5
f 5118//5 5119//5 5050//5
f 5050//5 5119//5 5120//5
f 5121//5 5050//5 5120//5
f 5121//5 5122//5 5050//5
f 5050//5 5122//5 5052//5
f 5049//5 5123//5 5050//5
f 5050//5 5123//5 5045//5
f 5045//5 5123//5 5124//5
f 5125//5 5045//5 5124//5
f 5125//5 5126//5 5045//5
f 5045//5 5126//5 5127//5
f 5128//6 5045//6 5127//6
f 5128//5 5129//5 5045//5
f 5045//5 5129//5 5130//5
f 5131//5 5045//5 5130//5
f 5131//5 5132//5 5045//5
f 5045//5 5132//5 5133//5
f 5134//5 5045//5 5133//5
f 5134//5 5135//5 5045//5
f 5045//5 5135//5 5136//5
f 5137//5 5045//5 5136//5
f 5137//6 5138//6 5045//6
f 5045//5 5138//5 5139//5
f 5140//7 5045//7 5139//7
f 5140//5 5141//5 5045//5
f 5045//5 5141//5 5142//5
f 5143//5 5045//5 5142//5
f 5143//5 5144//5 5045//5
f 5045//5 5144//5 5145//5
f 5146//5 5045//5 5145//5
f 5146//5 5147//5 5045//5
f 5045//5 5147//5 5148//5
f 5149//5 5045//5 5148//5
f 5149//5 5150//5 5045//5
f 5045//5 5150//5 5047//5
f 5043//5 5042//5 4884//5
f 4702//11 5151//11 4703//11
f 4702//12 5152//12 5151//12
f 4702//12 4701//12 5152//12
f 5152//13 4701//13 5153//13
f 5153//13 4701//13 4700//13
f 5154//14 4700//14 4699//14
f 5155//15 4699//15 4698//15
f 5156//16 4698//16 4697//16
f 5157//17 4697//17 4696//17
f 5158//18 4696//18 4695//18
f 5159//19 4695//19 4694//19
f 5160//20 4694//20 4693//20
f 5161//21 4693//21 4692//21
f 5162//495 4692//495 4691//495
f 5163//23 4691//23 4690//23
f 5164//496 4690//496 4689//496
f 5165//25 4689//25 4688//25
f 5166//26 4688//26 4687//26
f 5167//336 4687//336 4686//336
f 5168//28 4686//28 4685//28
f 5169//29 4685//29 4684//29
f 5170//30 4684//30 4683//30
f 5171//31 4683//31 4682//31
f 5172//32 4682//32 4681//32
f 5173//33 4681//33 4680//33
f 5174//34 4680//34 4679//34
f 5175//35 4679//35 4678//35
f 5176//36 4678//36 4677//36
f 5177//37 4677//37 4676//37
f 5178//38 4676//38 4675//38
f 5179//39 4675//39 4674//39
f 5180//40 4674//40 4673//40
f 5181//498 4673//498 4672//498
f 5182//499 4672//499 4670//499
f 5183//500 4670//500 4669//500
f 5184//501 4669//501 4668//501
f 5185//45 4668//45 4667//45
f 5186//46 4667//46 4666//46
f 5187//47 4666//47 4665//47
f 5188//48 4665//48 4664//48
f 5189//49 4664//49 4663//49
f 5190//50 4663//50 4662//50
f 5191//51 4662//51 4661//51
f 5192//52 4661//52 4660//52
f 5193//53 4660//53 4659//53
f 5194//503 4659//503 4658//503
f 5195//55 4658//55 4657//55
f 5196//56 4657//56 4656//56
f 5197//57 4656//57 4655//57
f 5198//1137 4655//1137 4654//1137
f 5199//59 4654//59 4653//59
f 5200//60 4653//60 4652//60
f 5201//504 4652//504 4651//504
f 5202//62 4651//62 4650//62
f 5203//63 4650//63 4649//63
f 5204//64 4649//64 4648//64
f 5205//65 4648//65 4647//65
f 5206//505 4647//505 4646//505
f 5207//67 4646//67 4645//67
f 5208//68 4645//68 4644//68
f 5209//69 4644//69 4643//69
f 5210//70 4643//70 4642//70
f 5211//71 4642//71 4641//71
f 5212//72 4641//72 4640//72
f 5213//73 4640//73 4639//73
f 5214//74 4639//74 4637//74
f 5215//75 4637//75 4636//75
f 5216//76 4636//76 4635//76
f 5217//77 4635//77 4634//77
f 5218//78 4634//78 4633//78
f 5219//79 4633//79 4632//79
f 5220//80 4632//80 4631//80
f 5221//81 4631//81 4630//81
f 5222//82 4630//82 4629//82
f 5223//83 4629//83 4628//83
f 5224//84 4628//84 4627//84
f 5225//85 4627//85 4626//85
f 5226//506 4626//506 4625//506
f 5227//87 4625//87 4624//87
f 5228//88 4624//88 4623//88
f 5229//89 4623//89 4622//89
f 5230//90 4622//90 4621//90
f 5231//142 4621//142 4620//142
f 5232//92 4620//92 4619//92
f 5233//93 4619//93 4618//93
f 5234//94 4618//94 4617//94
f 5235//507 4617//507 4616//507
f 5236//96 4616//96 4615//96
f 5237//97 4615//97 4614//97
f 5238//98 4614//98 4613//98
f 5239//99 4613//99 4612//99
f 5240//100 4612//100 4611//100
f 5241//101 4611//101 4610//101
f 5242//102 4610//102 4739//102
f 5243//103 4739//103 4722//103
f 5244//104 4722//104 4711//104
f 5245//508 4711//508 4712//508
f 5246//509 4712//509 4713//509
f 5247//510 4713//510 4714//510
f 5248//511 4714//511 4715//511
f 5249//109 4715//109 4716//109
f 5250//110 4716//110 4717//110
f 5251//111 4717//111 4718//111
f 5252//112 4718//112 4719//112
f 5253//113 4719//113 4720//113
f 5254//114 4720//114 4721//114
f 5255//115 4721//115 4723//115
f 5256//116 4723//116 4724//116
f 5257//117 4724//117 4725//117
f 5258//513 4725//513 4726//513
f 5259//119 4726//119 4727//119
f 5260//120 4727//120 4728//120
f 5261//121 4728//121 4729//121
f 5262//331 4729//331 4730//331
f 5263//123 4730//123 4731//123
f 5264//124 4731//124 4732//124
f 5265//514 4732//514 4733//514
f 5266//126 4733//126 4734//126
f 5267//127 4734//127 4735//127
f 5268//128 4735//128 4736//128
f 5269//129 4736//129 4737//129
f 5270//130 4737//130 4738//130
f 5271//131 4738//131 4710//131
f 5272//132 4710//132 4709//132
f 5273//133 4709//133 4708//133
f 5274//134 4708//134 4707//134
f 5275//135 4707//135 4706//135
f 5276//136 4706//136 4705//136
f 5277//137 4705//137 4704//137
f 5278//138 4704//138 4703//138
f 5151//139 5278//139 4703//139
f 5278//140 5277//140 4704//140
f 5277//137 5276//137 4705//137
f 5276//136 5275//136 4706//136
f 5275//135 5274//135 4707//135
f 5274//134 5273//134 4708//134
f 5273//133 5272//133 4709//133
f 5272//132 5271//132 4710//132
f 5271//131 5270//131 4738//131
f 5270//130 5269//130 4737//130
f 5269//129 5268//129 4736//129
f 5268//128 5267//128 4735//128
f 5267//515 5266//515 4734//515
f 5266//126 5265//126 4733//126
f 5265//514 5264//514 4732//514
f 5264//124 5263//124 4731//124
f 5263//123 5262//123 4730//123
f 5262//331 5261//331 4729//331
f 5261//141 5260//141 4728//141
f 5260//120 5259//120 4727//120
f 5259//119 5258//119 4726//119
f 5258//118 5257//118 4725//118
f 5257//117 5256//117 4724//117
f 5256//116 5255//116 4723//116
f 5255//115 5254//115 4721//115
f 5254//114 5253//114 4720//114
f 5253//113 5252//113 4719//113
f 5252//112 5251//112 4718//112
f 5251//111 5250//111 4717//111
f 5250//110 5249//110 4716//110
f 5249//109 5248//109 4715//109
f 5248//511 5247//511 4714//511
f 5247//510 5246//510 4713//510
f 5246//509 5245//509 4712//509
f 5245//508 5244//508 4711//508
f 5244//104 5243//104 4722//104
f 5243//103 5242//103 4739//103
f 5242//102 5241//102 4610//102
f 5241//101 5240//101 4611//101
f 5240//100 5239//100 4612//100
f 5239//99 5238//99 4613//99
f 5238//98 5237//98 4614//98
f 5237//97 5236//97 4615//97
f 5236//96 5235//96 4616//96
f 5235//507 5234//507 4617//507
f 5234//94 5233//94 4618//94
f 5233//93 5232//93 4619//93
f 5232//92 5231//92 4620//92
f 5231//1138 5230//1138 4621//1138
f 5230//90 5229//90 4622//90
f 5229//89 5228//89 4623//89
f 5228//517 5227//517 4624//517
f 5227//87 5226//87 4625//87
f 5226//86 5225//86 4626//86
f 5225//85 5224//85 4627//85
f 5224//84 5223//84 4628//84
f 5223//518 5222//518 4629//518
f 5222//82 5221//82 4630//82
f 5221//81 5220//81 4631//81
f 5220//80 5219//80 4632//80
f 5219//79 5218//79 4633//79
f 5218//143 5217//143 4634//143
f 5217//77 5216//77 4635//77
f 5216//76 5215//76 4636//76
f 5215//75 5214//75 4637//75
f 5214//74 5213//74 4639//74
f 5213//73 5212//73 4640//73
f 5212//72 5211//72 4641//72
f 5211//144 5210//144 4642//144
f 5210//70 5209//70 4643//70
f 5209//69 5208//69 4644//69
f 5208//68 5207//68 4645//68
f 5207//67 5206//67 4646//67
f 5206//66 5205//66 4647//66
f 5205//65 5204//65 4648//65
f 5204//64 5203//64 4649//64
f 5203//519 5202//519 4650//519
f 5202//62 5201//62 4651//62
f 5201//61 5200//61 4652//61
f 5200//60 5199//60 4653//60
f 5199//59 5198//59 4654//59
f 5198//58 5197//58 4655//58
f 5197//57 5196//57 4656//57
f 5196//56 5195//56 4657//56
f 5195//55 5194//55 4658//55
f 5194//503 5193//503 4659//503
f 5193//53 5192//53 4660//53
f 5192//52 5191//52 4661//52
f 5191//51 5190//51 4662//51
f 5190//50 5189//50 4663//50
f 5189//49 5188//49 4664//49
f 5188//48 5187//48 4665//48
f 5187//47 5186//47 4666//47
f 5186//46 5185//46 4667//46
f 5185//45 5184//45 4668//45
f 5184//501 5183//501 4669//501
f 5183//500 5182//500 4670//500
f 5182//499 5181//499 4672//499
f 5181//498 5180//498 4673//498
f 5180//40 5179//40 4674//40
f 5179//39 5178//39 4675//39
f 5178//38 5177//38 4676//38
f 5177//37 5176//37 4677//37
f 5176//36 5175//36 4678//36
f 5175//35 5174//35 4679//35
f 5174//34 5173//34 4680//34
f 5173//33 5172//33 4681//33
f 5172//32 5171//32 4682//32
f 5171//497 5170//497 4683//497
f 5170//30 5169//30 4684//30
f 5169//29 5168//29 4685//29
f 5168//146 5167//146 4686//146
f 5167//336 5166//336 4687//336
f 5166//26 5165//26 4688//26
f 5165//25 5164//25 4689//25
f 5164//496 5163//496 4690//496
f 5163//23 5162//23 4691//23
f 5162//22 5161//22 4692//22
f 5161//21 5160//21 4693//21
f 5160//20 5159//20 4694//20
f 5159//19 5158//19 4695//19
f 5158//18 5157//18 4696//18
f 5157//17 5156//17 4697//17
f 5156//16 5155//16 4698//16
f 5155//15 5154//15 4699//15
f 5154//14 5153//14 4700//14
f 5050//3 5045//3 5279//3
f 5279//3 5045//3 5280//3
f 5045//4 4893//4 5281//4
f 5282//4 5045//4 5281//4
f 5282//4 5283//4 5045//4
f 5045//4 5283//4 5284//4
f 5285//4 5045//4 5284//4
f 5285//4 5286//4 5045//4
f 5045//4 5286//4 5287//4
f 5288//4 5045//4 5287//4
f 5288//4 5289//4 5045//4
f 5045//4 5289//4 5290//4
f 5291//4 5045//4 5290//4
f 5291//4 5292//4 5045//4
f 5045//4 5292//4 5293//4
f 5294//4 5045//4 5293//4
f 5294//4 5295//4 5045//4
f 5045//4 5295//4 5296//4
f 5297//4 5045//4 5296//4
f 5297//4 5298//4 5045//4
f 5045//4 5298//4 5299//4
f 5300//4 5045//4 5299//4
f 5300//4 5301//4 5045//4
f 5045//4 5301//4 5302//4
f 5303//4 5045//4 5302//4
f 5303//4 5304//4 5045//4
f 5045//4 5304//4 5305//4
f 5306//4 5045//4 5305//4
f 5306//4 5307//4 5045//4
f 5045//4 5307//4 5308//4
f 5280//4 5308//4 5309//4
f 5310//4 5280//4 5309//4
f 5310//4 5311//4 5280//4
f 5280//4 5311//4 5312//4
f 5313//4 5280//4 5312//4
f 5313//4 5314//4 5280//4
f 5280//4 5314//4 5315//4
f 5316//4 5280//4 5315//4
f 5316//4 5317//4 5280//4
f 5280//4 5317//4 5318//4
f 5319//4 5280//4 5318//4
f 5319//4 5320//4 5280//4
f 5280//4 5320//4 5321//4
f 5322//4 5280//4 5321//4
f 5322//4 5323//4 5280//4
f 5280//4 5323//4 5324//4
f 5325//4 5280//4 5324//4
f 5325//4 5326//4 5280//4
f 5280//4 5326//4 5327//4
f 5328//4 5280//4 5327//4
f 5328//4 5329//4 5280//4
f 5280//4 5329//4 5330//4
f 5331//4 5280//4 5330//4
f 5331//4 5332//4 5280//4
f 5280//4 5332//4 5333//4
f 5334//4 5280//4 5333//4
f 5334//4 5335//4 5280//4
f 5280//4 5335//4 5336//4
f 5337//4 5280//4 5336//4
f 5337//4 5338//4 5280//4
f 5280//4 5338//4 5339//4
f 5340//4 5280//4 5339//4
f 5340//4 5341//4 5280//4
f 5340//4 5342//4 5341//4
f 5341//4 5342//4 5343//4
f 5344//4 5341//4 5343//4
f 5344//4 5345//4 5341//4
f 5341//4 5345//4 5346//4
f 5347//4 5341//4 5346//4
f 5347//4 5348//4 5341//4
f 5341//4 5348//4 5349//4
f 5350//4 5341//4 5349//4
f 5350//4 5351//4 5341//4
f 5341//4 5351//4 5352//4
f 5353//4 5341//4 5352//4
f 5353//4 5354//4 5341//4
f 5341//4 5354//4 5355//4
f 5356//4 5341//4 5355//4
f 5356//4 5357//4 5341//4
f 5341//4 5357//4 5358//4
f 5359//4 5341//4 5358//4
f 5359//4 5360//4 5341//4
f 5341//4 5360//4 5361//4
f 5362//4 5341//4 5361//4
f 5362//4 5363//4 5341//4
f 5341//4 5363//4 5364//4
f 5365//4 5341//4 5364//4
f 5365//4 5366//4 5341//4
f 5341//4 5366//4 5367//4
f 5368//4 5341//4 5367//4
f 5368//4 5369//4 5341//4
f 5341//4 5369//4 5370//4
f 5371//4 5341//4 5370//4
f 5371//4 4943//4 5341//4
f 5371//4 5372//4 4943//4
f 4943//4 5372//4 5373//4
f 5374//4 4943//4 5373//4
f 5374//4 5375//4 4943//4
f 4943//4 5375//4 5376//4
f 5377//4 4943//4 5376//4
f 5377//4 5378//4 4943//4
f 4943//4 5378//4 4942//4
f 4942//4 5378//4 5379//4
f 4941//4 5379//4 5380//4
f 4940//4 5380//4 4939//4
f 4940//4 4941//4 5380//4
f 4897//4 5381//4 4896//4
f 4897//4 4898//4 5381//4
f 5381//4 4898//4 4899//4
f 4900//4 5381//4 4899//4
f 4900//4 5382//4 5381//4
f 4900//4 4901//4 5382//4
f 5382//4 4901//4 4902//4
f 5383//4 4902//4 4903//4
f 4904//4 5383//4 4903//4
f 4904//4 4905//4 5383//4
f 5383//4 4905//4 5384//4
f 5384//4 4905//4 4906//4
f 4907//4 5384//4 4906//4
f 4907//4 5385//4 5384//4
f 4907//4 4908//4 5385//4
f 5385//4 4908//4 5386//4
f 5386//4 4908//4 5387//4
f 5387//4 4908//4 5388//4
f 5388//4 4908//4 4909//4
f 5389//4 4909//4 4910//4
f 5390//4 4910//4 5391//4
f 5390//4 5389//4 4910//4
f 4896//4 5392//4 4895//4
f 4896//4 5381//4 5392//4
f 4910//4 4911//4 5391//4
f 5391//4 4911//4 4912//4
f 5393//4 4912//4 4913//4
f 5394//4 4913//4 4914//4
f 5395//4 4914//4 4915//4
f 4916//4 5395//4 4915//4
f 4916//4 4917//4 5395//4
f 5395//4 4917//4 4918//4
f 4919//4 5395//4 4918//4
f 4919//4 4920//4 5395//4
f 5395//4 4920//4 4921//4
f 4922//4 5395//4 4921//4
f 4922//4 4923//4 5395//4
f 5395//4 4923//4 5396//4
f 5396//4 4923//4 4924//4
f 4925//4 5396//4 4924//4
f 4925//4 5397//4 5396//4
f 4925//4 5398//4 5397//4
f 4925//4 5399//4 5398//4
f 4925//4 5400//4 5399//4
f 4925//4 5401//4 5400//4
f 4925//4 4926//4 5401//4
f 5401//4 4926//4 4927//4
f 5402//4 4927//4 4928//4
f 4929//4 5402//4 4928//4
f 4929//4 5403//4 5402//4
f 4929//4 4930//4 5403//4
f 5403//4 4930//4 4931//4
f 5404//4 4931//4 4932//4
f 4933//4 5404//4 4932//4
f 4933//4 4934//4 5404//4
f 5404//4 4934//4 5405//4
f 5405//4 4934//4 5406//4
f 5406//4 4934//4 5407//4
f 5407//4 4934//4 5408//4
f 5408//4 4934//4 5380//4
f 5380//4 4934//4 4935//4
f 4936//4 5380//4 4935//4
f 4936//4 4937//4 5380//4
f 5380//4 4937//4 4938//4
f 4939//4 5380//4 4938//4
f 4941//4 4942//4 5379//4
f 5280//4 5045//4 5308//4
f 5404//4 5403//4 4931//4
f 5402//4 5401//4 4927//4
f 5395//4 5394//4 4914//4
f 5394//4 5393//4 4913//4
f 5393//4 5391//4 4912//4
f 5389//4 5388//4 4909//4
f 5383//4 5382//4 4902//4
f 5392//4 5409//4 4895//4
f 4895//4 5409//4 4894//4
f 4894//4 5409//4 5281//4
f 4893//4 4894//4 5281//4
f 4946//2 5271//2 4945//2
f 4946//2 4947//2 5271//2
f 5271//2 4947//2 4948//2
f 4949//2 5271//2 4948//2
f 4949//2 4950//2 5271//2
f 5271//2 4950//2 4951//2
f 4952//2 5271//2 4951//2
f 4952//2 5270//2 5271//2
f 4952//2 5269//2 5270//2
f 4952//2 5268//2 5269//2
f 4952//2 5267//2 5268//2
f 4952//2 5266//2 5267//2
f 4952//2 4953//2 5266//2
f 5266//2 4953//2 4954//2
f 4955//2 5266//2 4954//2
f 4955//2 5265//2 5266//2
f 4955//2 4956//2 5265//2
f 5265//2 4956//2 4957//2
f 5264//2 4957//2 4958//2
f 4959//2 5264//2 4958//2
f 4959//2 5263//2 5264//2
f 4959//2 4960//2 5263//2
f 5263//2 4960//2 5262//2
f 5262//2 4960//2 5261//2
f 5261//2 4960//2 5260//2
f 5260//2 4960//2 5259//2
f 5259//2 4960//2 5258//2
f 5258//2 4960//2 4961//2
f 4962//2 5258//2 4961//2
f 4962//2 4963//2 5258//2
f 5258//2 4963//2 4964//2
f 4965//2 5258//2 4964//2
f 4965//2 4966//2 5258//2
f 5258//2 4966//2 4967//2
f 4968//2 5258//2 4967//2
f 4968//2 4969//2 5258//2
f 5258//2 4969//2 4970//2
f 5257//2 4970//2 4971//2
f 4972//2 5257//2 4971//2
f 4972//2 5256//2 5257//2
f 4972//2 4973//2 5256//2
f 5256//2 4973//2 5255//2
f 5255//2 4973//2 4974//2
f 5254//2 4974//2 4975//2
f 4976//2 5254//2 4975//2
f 4976//2 5253//2 5254//2
f 4976//2 5252//2 5253//2
f 4976//2 4977//2 5252//2
f 5252//2 4977//2 5251//2
f 5251//2 4977//2 4978//2
f 5250//2 4978//2 5249//2
f 5250//2 5251//2 4978//2
f 4945//2 5272//2 4944//2
f 4945//2 5271//2 5272//2
f 5249//2 4978//2 5248//2
f 5248//2 4978//2 4979//2
f 5247//2 4979//2 4980//2
f 4981//2 5247//2 4980//2
f 4981//2 5246//2 5247//2
f 4981//2 4982//2 5246//2
f 5246//2 4982//2 4983//2
f 4984//2 5246//2 4983//2
f 4984//2 5245//2 5246//2
f 4984//2 4985//2 5245//2
f 5245//2 4985//2 4986//2
f 5244//2 4986//2 4987//2
f 4988//2 5244//2 4987//2
f 4988//2 4989//2 5244//2
f 5244//2 4989//2 4990//2
f 5243//2 4990//2 4991//2
f 5242//2 4991//2 4992//2
f 5241//2 4992//2 4993//2
f 5055//2 5241//2 4993//2
f 5055//2 5240//2 5241//2
f 5055//2 5239//2 5240//2
f 5055//2 5238//2 5239//2
f 5055//2 5237//2 5238//2
f 5055//2 5236//2 5237//2
f 5055//2 5235//2 5236//2
f 5055//2 5234//2 5235//2
f 5055//2 5233//2 5234//2
f 5055//2 5232//2 5233//2
f 5055//2 5231//2 5232//2
f 5055//2 5230//2 5231//2
f 5055//2 5229//2 5230//2
f 5055//2 5228//2 5229//2
f 5055//2 5227//2 5228//2
f 5055//2 5226//2 5227//2
f 5055//2 5225//2 5226//2
f 5055//2 5224//2 5225//2
f 5055//2 5223//2 5224//2
f 5055//2 5222//2 5223//2
f 5055//2 5221//2 5222//2
f 5055//2 5220//2 5221//2
f 5055//2 5219//2 5220//2
f 5055//2 5218//2 5219//2
f 5055//2 5217//2 5218//2
f 5055//2 5216//2 5217//2
f 5055//2 5215//2 5216//2
f 5055//2 5214//2 5215//2
f 5055//2 5410//2 5214//2
f 5214//2 5410//2 5213//2
f 5213//2 5410//2 5212//2
f 5212//2 5410//2 5211//2
f 5211//2 5410//2 5210//2
f 5210//2 5410//2 5209//2
f 5209//2 5410//2 5208//2
f 5208//2 5410//2 5207//2
f 5207//2 5410//2 5206//2
f 5206//2 5410//2 5205//2
f 5205//2 5410//2 5204//2
f 5204//2 5410//2 5203//2
f 5203//2 5410//2 5202//2
f 5202//2 5410//2 5201//2
f 5201//2 5410//2 5200//2
f 5200//2 5410//2 5199//2
f 5199//2 5410//2 5198//2
f 5198//2 5410//2 5197//2
f 5197//2 5410//2 5196//2
f 5196//2 5410//2 5195//2
f 5195//2 5410//2 5194//2
f 5194//2 5410//2 5193//2
f 5193//2 5410//2 5192//2
f 5192//2 5410//2 5191//2
f 5191//2 5410//2 5190//2
f 5190//2 5410//2 5189//2
f 5189//2 5410//2 5188//2
f 5188//2 5410//2 5187//2
f 5187//2 5410//2 5186//2
f 5186//2 5410//2 5185//2
f 5185//2 5410//2 5184//2
f 5184//2 5410//2 5183//2
f 5183//2 5410//2 5182//2
f 5182//2 5410//2 5341//2
f 5181//2 5341//2 5180//2
f 5181//2 5182//2 5341//2
f 5278//2 5151//2 4943//2
f 5277//2 4943//2 5276//2
f 5277//2 5278//2 4943//2
f 5151//2 5152//2 4943//2
f 4943//2 5152//2 5341//2
f 5341//2 5152//2 5153//2
f 5154//2 5341//2 5153//2
f 5154//2 5155//2 5341//2
f 5341//2 5155//2 5156//2
f 5157//2 5341//2 5156//2
f 5157//2 5158//2 5341//2
f 5341//2 5158//2 5159//2
f 5160//2 5341//2 5159//2
f 5160//2 5161//2 5341//2
f 5341//2 5161//2 5162//2
f 5163//2 5341//2 5162//2
f 5163//2 5164//2 5341//2
f 5341//2 5164//2 5165//2
f 5166//2 5341//2 5165//2
f 5166//2 5167//2 5341//2
f 5341//2 5167//2 5168//2
f 5169//2 5341//2 5168//2
f 5169//2 5170//2 5341//2
f 5341//2 5170//2 5171//2
f 5172//2 5341//2 5171//2
f 5172//2 5173//2 5341//2
f 5341//2 5173//2 5174//2
f 5175//2 5341//2 5174//2
f 5175//2 5176//2 5341//2
f 5341//2 5176//2 5177//2
f 5178//2 5341//2 5177//2
f 5178//2 5179//2 5341//2
f 5341//2 5179//2 5180//2
f 5241//2 5242//2 4992//2
f 5242//2 5243//2 4991//2
f 5243//2 5244//2 4990//2
f 5244//2 5245//2 4986//2
f 5247//2 5248//2 4979//2
f 5254//2 5255//2 4974//2
f 5257//2 5258//2 4970//2
f 5264//2 5265//2 4957//2
f 5272//2 5273//2 4944//2
f 4944//2 5273//2 4943//2
f 4943//2 5273//2 5274//2
f 5275//2 4943//2 5274//2
f 5275//2 5276//2 4943//2
f 5055//1 5050//1 5410//1
f 5410//1 5050//1 5279//1
f 5410//8 5279//8 5341//8
f 5341//8 5279//8 5280//8
f 5411//1139 5412//1139 1315//1139
f 1314//1140 5411//1140 1315//1140
f 1314//1141 5413//1141 5411//1141
f 1314//1142 5414//1142 5413//1142
f 1314//1143 1313//1143 5414//1143
f 5414//1144 1313//1144 5415//1144
f 5415//1145 1313//1145 5416//1145
f 5416//1146 1313//1146 1312//1146
f 5417//1147 1312//1147 5418//1147
f 5417//1148 5416//1148 1312//1148
f 1312//1149 1311//1149 5418//1149
f 5418//1150 1311//1150 5419//1150
f 5419//1151 1311//1151 5420//1151
f 5420//1152 1311//1152 1310//1152
f 5421//1153 1310//1153 5422//1153
f 5421//1154 5420//1154 1310//1154
f 1310//1155 1309//1155 5422//1155
f 5422//1156 1309//1156 5423//1156
f 5423//1157 1309//1157 5424//1157
f 5424//1158 1309//1158 5425//1158
f 5425//1159 1309//1159 1308//1159
f 5426//1160 1308//1160 1307//1160
f 5427//1161 1307//1161 1306//1161
f 5428//1162 1306//1162 1305//1162
f 1304//1163 5428//1163 1305//1163
f 1304//1164 5429//1164 5428//1164
f 1304//1165 1303//1165 5429//1165
f 5429//1166 1303//1166 1302//1166
f 5430//1167 1302//1167 1301//1167
f 1300//1168 5430//1168 1301//1168
f 1300//1169 5431//1169 5430//1169
f 1300//1170 1298//1170 5431//1170
f 5431//1171 1298//1171 1297//1171
f 5432//1172 1297//1172 1296//1172
f 1295//1173 5432//1173 1296//1173
f 1295//1174 5433//1174 5432//1174
f 1295//1175 1294//1175 5433//1175
f 5433//1176 1294//1176 1293//1176
f 5434//1177 1293//1177 1292//1177
f 1291//1178 5434//1178 1292//1178
f 1291//1179 5435//1179 5434//1179
f 1291//1180 1290//1180 5435//1180
f 5435//1181 1290//1181 1289//1181
f 5436//1182 1289//1182 1288//1182
f 1287//1183 5436//1183 1288//1183
f 1287//1184 5437//1184 5436//1184
f 1287//1185 1286//1185 5437//1185
f 5437//1186 1286//1186 1285//1186
f 5438//1187 1285//1187 1283//1187
f 1282//1188 5438//1188 1283//1188
f 1282//1189 5439//1189 5438//1189
f 1282//1190 1281//1190 5439//1190
f 5439//1191 1281//1191 1280//1191
f 5440//1192 1280//1192 1279//1192
f 5441//1193 1279//1193 1278//1193
f 5442//1194 1278//1194 1277//1194
f 5443//1195 1277//1195 1276//1195
f 5444//1196 1276//1196 1275//1196
f 5445//1197 1275//1197 1274//1197
f 5446//1198 1274//1198 1273//1198
f 5447//1199 1273//1199 1272//1199
f 5448//1200 1272//1200 1271//1200
f 5449//1201 1271//1201 1270//1201
f 5450//1202 1270//1202 1269//1202
f 5451//1203 1269//1203 5452//1203
f 5451//1204 5450//1204 1269//1204
f 1269//1205 1268//1205 5452//1205
f 5452//1206 1268//1206 5453//1206
f 5453//1207 1268//1207 5454//1207
f 5454//1208 1268//1208 1267//1208
f 5455//1209 1267//1209 5456//1209
f 5455//1210 5454//1210 1267//1210
f 1267//1211 1266//1211 5456//1211
f 5456//1212 1266//1212 5457//1212
f 5457//1213 1266//1213 5458//1213
f 5458//1214 1266//1214 1265//1214
f 5459//1215 1265//1215 5460//1215
f 5459//1216 5458//1216 1265//1216
f 1265//1217 1264//1217 5460//1217
f 5460//1218 1264//1218 5461//1218
f 5461//1219 1264//1219 5462//1219
f 5462//1220 1264//1220 1263//1220
f 5463//1221 1263//1221 5464//1221
f 5463//1222 5462//1222 1263//1222
f 1263//1223 1262//1223 5464//1223
f 5464//1224 1262//1224 5465//1224
f 5465//1225 1262//1225 5466//1225
f 5466//1226 1262//1226 1261//1226
f 5467//1227 1261//1227 5468//1227
f 5467//1228 5466//1228 1261//1228
f 1261//1229 1260//1229 5468//1229
f 5468//1230 1260//1230 5469//1230
f 5469//1231 1260//1231 5470//1231
f 5470//1232 1260//1232 1259//1232
f 5471//1233 1259//1233 5472//1233
f 5471//1234 5470//1234 1259//1234
f 1259//1235 1258//1235 5472//1235
f 5472//1236 1258//1236 5473//1236
f 5473//1237 1258//1237 5474//1237
f 5474//1238 1258//1238 1257//1238
f 5475//1239 1257//1239 1256//1239
f 5476//1240 1256//1240 1255//1240
f 5477//1241 1255//1241 1254//1241
f 1253//1242 5477//1242 1254//1242
f 1253//1243 1252//1243 5477//1243
f 5477//1244 1252//1244 5478//1244
f 5478//1245 1252//1245 1251//1245
f 1250//1246 5478//1246 1251//1246
f 1250//1247 5479//1247 5478//1247
f 1250//1248 1249//1248 5479//1248
f 5479//1249 1249//1249 1248//1249
f 5480//1250 1248//1250 1246//1250
f 1245//1251 5480//1251 1246//1251
f 1245//1252 5481//1252 5480//1252
f 1245//1253 1244//1253 5481//1253
f 5481//1254 1244//1254 1243//1254
f 5482//1255 1243//1255 1242//1255
f 1241//1256 5482//1256 1242//1256
f 1241//1257 5483//1257 5482//1257
f 1241//1258 1240//1258 5483//1258
f 5483//1259 1240//1259 1239//1259
f 5484//1260 1239//1260 1238//1260
f 1237//1261 5484//1261 1238//1261
f 1237//1262 5485//1262 5484//1262
f 1237//1263 1236//1263 5485//1263
f 5485//1264 1236//1264 1235//1264
f 5486//1265 1235//1265 1234//1265
f 1233//1266 5486//1266 1234//1266
f 1233//1267 5487//1267 5486//1267
f 1233//1268 1232//1268 5487//1268
f 5487//1269 1232//1269 1230//1269
f 5488//1270 1230//1270 1229//1270
f 1228//1271 5488//1271 1229//1271
f 1228//1272 5489//1272 5488//1272
f 1228//1273 1227//1273 5489//1273
f 5489//1274 1227//1274 1226//1274
f 5490//1275 1226//1275 1225//1275
f 1224//1276 5490//1276 1225//1276
f 1224//1277 1223//1277 5490//1277
f 5490//1278 1223//1278 5491//1278
f 5491//1279 1223//1279 1222//1279
f 1221//1280 5491//1280 1222//1280
f 1221//1281 5492//1281 5491//1281
f 1221//1282 1220//1282 5492//1282
f 5492//1283 1220//1283 5493//1283
f 5493//1284 1220//1284 1219//1284
f 5494//1285 1219//1285 1218//1285
f 5495//1286 1218//1286 5496//1286
f 5495//1287 5494//1287 1218//1287
f 1218//1288 1217//1288 5496//1288
f 5496//1289 1217//1289 5497//1289
f 5497//1290 1217//1290 5498//1290
f 5498//1291 1217//1291 1216//1291
f 5499//1292 1216//1292 5500//1292
f 5499//1293 5498//1293 1216//1293
f 1216//1294 1215//1294 5500//1294
f 5500//1295 1215//1295 5501//1295
f 5501//1296 1215//1296 5502//1296
f 5502//1297 1215//1297 1214//1297
f 5503//1298 1214//1298 5504//1298
f 5503//1299 5502//1299 1214//1299
f 1214//1300 1212//1300 5504//1300
f 5504//1301 1212//1301 5505//1301
f 5505//1302 1212//1302 5506//1302
f 5506//1303 1212//1303 1211//1303
f 5507//1304 1211//1304 5508//1304
f 5507//1305 5506//1305 1211//1305
f 1211//1306 1495//1306 5508//1306
f 5508//1307 1495//1307 5509//1307
f 5509//1308 1495//1308 5510//1308
f 5510//1309 1495//1309 1494//1309
f 5511//1310 1494//1310 5512//1310
f 5511//1311 5510//1311 1494//1311
f 1494//1312 1493//1312 5512//1312
f 5512//1313 1493//1313 5513//1313
f 5513//1314 1493//1314 5514//1314
f 5514//1315 1493//1315 1492//1315
f 5515//1316 1492//1316 5516//1316
f 5515//1317 5514//1317 1492//1317
f 1492//1318 1491//1318 5516//1318
f 5516//1319 1491//1319 5517//1319
f 5517//1320 1491//1320 5518//1320
f 5518//1321 1491//1321 1490//1321
f 5519//1322 1490//1322 1489//1322
f 5520//1323 1489//1323 1488//1323
f 5521//1324 1488//1324 1487//1324
f 5522//1325 1487//1325 1486//1325
f 5523//1326 1486//1326 1485//1326
f 5524//1327 1485//1327 1484//1327
f 5525//1328 1484//1328 1483//1328
f 5526//1329 1483//1329 1482//1329
f 5527//1330 1482//1330 1481//1330
f 5528//1331 1481//1331 1480//1331
f 5529//1332 1480//1332 1479//1332
f 1478//1333 5529//1333 1479//1333
f 1478//1334 5530//1334 5529//1334
f 1478//1335 1477//1335 5530//1335
f 5530//1336 1477//1336 1476//1336
f 5531//1337 1476//1337 1475//1337
f 1474//1338 5531//1338 1475//1338
f 1474//1339 5532//1339 5531//1339
f 1474//1340 1473//1340 5532//1340
f 5532//1341 1473//1341 1472//1341
f 5533//1342 1472//1342 1471//1342
f 1470//1343 5533//1343 1471//1343
f 1470//1344 5534//1344 5533//1344
f 1470//1345 1469//1345 5534//1345
f 5534//1346 1469//1346 1468//1346
f 5535//1347 1468//1347 1467//1347
f 1466//1348 5535//1348 1467//1348
f 1466//1349 5536//1349 5535//1349
f 1466//1350 1465//1350 5536//1350
f 5536//1351 1465//1351 1464//1351
f 5537//1352 1464//1352 1463//1352
f 1462//1353 5537//1353 1463//1353
f 1462//1354 5538//1354 5537//1354
f 1462//1355 1461//1355 5538//1355
f 5538//1356 1461//1356 1460//1356
f 5539//1357 1460//1357 1459//1357
f 1458//1358 5539//1358 1459//1358
f 1458//1359 5540//1359 5539//1359
f 1458//1360 1457//1360 5540//1360
f 5540//1361 1457//1361 1456//1361
f 5541//1362 1456//1362 1455//1362
f 5542//1363 1455//1363 1454//1363
f 5543//1364 1454//1364 1453//1364
f 5544//1365 1453//1365 5545//1365
f 5544//1366 5543//1366 1453//1366
f 1453//1367 1452//1367 5545//1367
f 5545//1368 1452//1368 5546//1368
f 5546//1369 1452//1369 5547//1369
f 5547//1370 1452//1370 5548//1370
f 5548//1371 1452//1371 1451//1371
f 5549//1372 1451//1372 5550//1372
f 5549//1373 5548//1373 1451//1373
f 1451//1374 1450//1374 5550//1374
f 5550//1375 1450//1375 5551//1375
f 5551//1376 1450//1376 5552//1376
f 5552//1377 1450//1377 1449//1377
f 5553//1378 1449//1378 5554//1378
f 5553//1379 5552//1379 1449//1379
f 1449//1380 1448//1380 5554//1380
f 5554//1381 1448//1381 5555//1381
f 5555//1382 1448//1382 5556//1382
f 5556//1383 1448//1383 1447//1383
f 5557//1384 1447//1384 5558//1384
f 5557//1385 5556//1385 1447//1385
f 1447//1386 1316//1386 5558//1386
f 5558//1387 1316//1387 5559//1387
f 5559//1388 1316//1388 5560//1388
f 5560//1389 1316//1389 1315//1389
f 5412//1390 5560//1390 1315//1390
f 5484//1391 5483//1391 1239//1391
f 5482//1392 5481//1392 1243//1392
f 5480//1393 5479//1393 1248//1393
f 5477//1394 5476//1394 1255//1394
f 5476//1395 5475//1395 1256//1395
f 5475//1396 5474//1396 1257//1396
f 5450//1397 5449//1397 1270//1397
f 5449//1398 5448//1398 1271//1398
f 5448//1399 5447//1399 1272//1399
f 5447//1400 5446//1400 1273//1400
f 5446//1401 5445//1401 1274//1401
f 5445//1402 5444//1402 1275//1402
f 5444//1403 5443//1403 1276//1403
f 5443//1404 5442//1404 1277//1404
f 5442//1405 5441//1405 1278//1405
f 5441//1406 5440//1406 1279//1406
f 5440//1407 5439//1407 1280//1407
f 5438//1408 5437//1408 1285//1408
f 5436//1409 5435//1409 1289//1409
f 5434//1410 5433//1410 1293//1410
f 5432//1411 5431//1411 1297//1411
f 5430//1412 5429//1412 1302//1412
f 5428//1413 5427//1413 1306//1413
f 5427//1414 5426//1414 1307//1414
f 5426//1415 5425//1415 1308//1415
f 5543//1416 5542//1416 1454//1416
f 5542//1417 5541//1417 1455//1417
f 5541//1418 5540//1418 1456//1418
f 5539//1419 5538//1419 1460//1419
f 5537//1420 5536//1420 1464//1420
f 5535//1421 5534//1421 1468//1421
f 5533//1422 5532//1422 1472//1422
f 5531//1423 5530//1423 1476//1423
f 5529//1424 5528//1424 1480//1424
f 5528//1425 5527//1425 1481//1425
f 5527//1426 5526//1426 1482//1426
f 5526//1427 5525//1427 1483//1427
f 5525//1428 5524//1428 1484//1428
f 5524//1429 5523//1429 1485//1429
f 5523//1430 5522//1430 1486//1430
f 5522//1431 5521//1431 1487//1431
f 5521//1432 5520//1432 1488//1432
f 5520//1433 5519//1433 1489//1433
f 5519//1434 5518//1434 1490//1434
f 5494//1435 5493//1435 1219//1435
f 5490//1436 5489//1436 1226//1436
f 5488//1437 5487//1437 1230//1437
f 5486//1438 5485//1438 1235//1438
f 5537//6 5561//6 5536//6
f 5537//5 5538//5 5561//5
f 5561//5 5538//5 5539//5
f 5540//5 5561//5 5539//5
f 5540//5 5541//5 5561//5
f 5561//5 5541//5 5542//5
f 5562//5 5542//5 5563//5
f 5562//5 5561//5 5542//5
f 5536//7 5564//7 5535//7
f 5536//5 5561//5 5564//5
f 5543//5 5565//5 5542//5
f 5543//5 5544//5 5565//5
f 5565//5 5544//5 5566//5
f 5566//7 5544//7 5545//7
f 5546//5 5566//5 5545//5
f 5546//5 5567//5 5566//5
f 5546//5 5547//5 5567//5
f 5567//5 5547//5 5548//5
f 5549//5 5567//5 5548//5
f 5549//5 5568//5 5567//5
f 5549//5 5569//5 5568//5
f 5549//5 5570//5 5569//5
f 5549//5 5571//5 5570//5
f 5549//5 5572//5 5571//5
f 5549//5 5573//5 5572//5
f 5549//5 5574//5 5573//5
f 5549//5 5575//5 5574//5
f 5549//5 5550//5 5575//5
f 5575//5 5550//5 5551//5
f 5552//5 5575//5 5551//5
f 5552//5 5576//5 5575//5
f 5552//5 5553//5 5576//5
f 5576//5 5553//5 5554//5
f 5555//5 5576//5 5554//5
f 5555//5 5556//5 5576//5
f 5576//5 5556//5 5557//5
f 5558//5 5576//5 5557//5
f 5558//5 5559//5 5576//5
f 5576//5 5559//5 5560//5
f 5412//5 5576//5 5560//5
f 5412//5 5411//5 5576//5
f 5576//5 5411//5 5413//5
f 5414//6 5576//6 5413//6
f 5414//5 5415//5 5576//5
f 5576//5 5415//5 5577//5
f 5577//5 5415//5 5416//5
f 5578//5 5416//5 5417//5
f 5579//7 5417//7 5418//7
f 5580//5 5418//5 5419//5
f 5581//5 5419//5 5420//5
f 5582//5 5420//5 5583//5
f 5582//5 5581//5 5420//5
f 5583//5 5420//5 5584//5
f 5584//6 5420//6 5421//6
f 5585//5 5421//5 5422//5
f 5423//5 5585//5 5422//5
f 5423//5 5586//5 5585//5
f 5423//5 5424//5 5586//5
f 5586//5 5424//5 5425//5
f 5587//5 5425//5 5426//5
f 5427//5 5587//5 5426//5
f 5427//5 5428//5 5587//5
f 5587//5 5428//5 5429//5
f 5430//5 5587//5 5429//5
f 5430//5 5588//5 5587//5
f 5430//5 5431//5 5588//5
f 5588//6 5431//6 5589//6
f 5589//5 5431//5 5432//5
f 5433//5 5589//5 5432//5
f 5433//5 5590//5 5589//5
f 5433//5 5434//5 5590//5
f 5590//5 5434//5 5591//5
f 5592//5 5591//5 5593//5
f 5592//5 5590//5 5591//5
f 5594//5 5595//5 5596//5
f 5597//5 5596//5 5598//5
f 5597//5 5594//5 5596//5
f 5599//5 5600//5 5601//5
f 5602//5 5601//5 5603//5
f 5602//5 5599//5 5601//5
f 5604//6 5605//6 5534//6
f 5606//5 5534//5 5607//5
f 5606//5 5604//5 5534//5
f 5585//5 5584//5 5421//5
f 5581//5 5580//5 5419//5
f 5580//5 5579//5 5418//5
f 5579//5 5578//5 5417//5
f 5578//5 5577//5 5416//5
f 5565//5 5608//5 5542//5
f 5542//5 5608//5 5563//5
f 5564//5 5609//5 5535//5
f 5535//5 5609//5 5534//5
f 5534//5 5609//5 5610//5
f 5611//5 5534//5 5610//5
f 5611//5 5607//5 5534//5
f 5605//7 5612//7 5534//7
f 5534//5 5612//5 5601//5
f 5601//5 5612//5 5613//5
f 5614//5 5601//5 5613//5
f 5614//5 5615//5 5601//5
f 5601//5 5615//5 5616//5
f 5617//5 5601//5 5616//5
f 5617//5 5618//5 5601//5
f 5601//5 5618//5 5619//5
f 5620//5 5601//5 5619//5
f 5620//5 5621//5 5601//5
f 5601//5 5621//5 5622//5
f 5623//6 5601//6 5622//6
f 5623//5 5624//5 5601//5
f 5601//5 5624//5 5625//5
f 5626//5 5601//5 5625//5
f 5626//5 5627//5 5601//5
f 5601//5 5627//5 5628//5
f 5629//5 5601//5 5628//5
f 5629//5 5630//5 5601//5
f 5601//5 5630//5 5631//5
f 5632//5 5601//5 5631//5
f 5632//5 5633//5 5601//5
f 5601//5 5633//5 5634//5
f 5635//5 5601//5 5634//5
f 5635//5 5636//5 5601//5
f 5601//5 5636//5 5637//5
f 5603//5 5601//5 5637//5
f 5600//5 5638//5 5601//5
f 5601//5 5638//5 5596//5
f 5596//5 5638//5 5639//5
f 5640//5 5596//5 5639//5
f 5640//5 5641//5 5596//5
f 5596//5 5641//5 5642//5
f 5643//5 5596//5 5642//5
f 5643//5 5644//5 5596//5
f 5596//5 5644//5 5645//5
f 5646//5 5596//5 5645//5
f 5646//5 5647//5 5596//5
f 5596//5 5647//5 5648//5
f 5649//5 5596//5 5648//5
f 5649//5 5650//5 5596//5
f 5596//5 5650//5 5651//5
f 5652//5 5596//5 5651//5
f 5652//5 5653//5 5596//5
f 5596//5 5653//5 5654//5
f 5655//5 5596//5 5654//5
f 5655//7 5656//7 5596//7
f 5596//5 5656//5 5657//5
f 5658//7 5596//7 5657//7
f 5658//5 5659//5 5596//5
f 5596//5 5659//5 5660//5
f 5661//5 5596//5 5660//5
f 5661//5 5662//5 5596//5
f 5596//5 5662//5 5663//5
f 5664//5 5596//5 5663//5
f 5664//5 5665//5 5596//5
f 5596//5 5665//5 5598//5
f 5595//5 5666//5 5596//5
f 5596//5 5666//5 5591//5
f 5591//5 5666//5 5667//5
f 5668//5 5591//5 5667//5
f 5668//5 5669//5 5591//5
f 5591//5 5669//5 5670//5
f 5671//7 5591//7 5670//7
f 5671//5 5672//5 5591//5
f 5591//5 5672//5 5673//5
f 5674//5 5591//5 5673//5
f 5674//5 5675//5 5591//5
f 5591//5 5675//5 5676//5
f 5677//5 5591//5 5676//5
f 5677//5 5678//5 5591//5
f 5591//5 5678//5 5679//5
f 5680//5 5591//5 5679//5
f 5680//7 5681//7 5591//7
f 5591//5 5681//5 5682//5
f 5683//6 5591//6 5682//6
f 5683//5 5684//5 5591//5
f 5591//5 5684//5 5685//5
f 5686//5 5591//5 5685//5
f 5686//5 5687//5 5591//5
f 5591//5 5687//5 5688//5
f 5689//5 5591//5 5688//5
f 5689//5 5690//5 5591//5
f 5591//5 5690//5 5691//5
f 5593//5 5591//5 5691//5
f 5587//5 5586//5 5425//5
f 4800//147 5692//147 4798//147
f 4800//148 5693//148 5692//148
f 4800//148 4801//148 5693//148
f 5693//149 4801//149 5694//149
f 5694//149 4801//149 4802//149
f 5695//150 4802//150 4803//150
f 5696//151 4803//151 4804//151
f 5697//152 4804//152 4805//152
f 5698//153 4805//153 4806//153
f 5699//154 4806//154 4807//154
f 5700//330 4807//330 4808//330
f 5701//329 4808//329 4809//329
f 5702//157 4809//157 4810//157
f 5703//158 4810//158 4811//158
f 5704//159 4811//159 4812//159
f 5705//521 4812//521 4813//521
f 5706//161 4813//161 4814//161
f 5707//327 4814//327 4815//327
f 5708//163 4815//163 4816//163
f 5709//164 4816//164 4817//164
f 5710//165 4817//165 4818//165
f 5711//166 4818//166 4819//166
f 5712//167 4819//167 4820//167
f 5713//523 4820//523 4821//523
f 5714//169 4821//169 4822//169
f 5715//170 4822//170 4823//170
f 5716//171 4823//171 4824//171
f 5717//1439 4824//1439 4825//1439
f 5718//173 4825//173 4826//173
f 5719//1440 4826//1440 4827//1440
f 5720//175 4827//175 4828//175
f 5721//176 4828//176 4829//176
f 5722//317 4829//317 4830//317
f 5723//178 4830//178 4831//178
f 5724//179 4831//179 4832//179
f 5725//316 4832//316 4833//316
f 5726//315 4833//315 4868//315
f 5727//314 4868//314 4867//314
f 5728//183 4867//183 4866//183
f 5729//1441 4866//1441 4865//1441
f 5730//185 4865//185 4864//185
f 5731//186 4864//186 4863//186
f 5732//309 4863//309 4862//309
f 5733//188 4862//188 4861//188
f 5734//524 4861//524 4860//524
f 5735//190 4860//190 4859//190
f 5736//191 4859//191 4858//191
f 5737//192 4858//192 4857//192
f 5738//193 4857//193 4856//193
f 5739//1442 4856//1442 4855//1442
f 5740//306 4855//306 4854//306
f 5741//196 4854//196 4853//196
f 5742//197 4853//197 4852//197
f 5743//305 4852//305 4851//305
f 5744//1443 4851//1443 4850//1443
f 5745//200 4850//200 4849//200
f 5746//201 4849//201 4848//201
f 5747//202 4848//202 4847//202
f 5748//203 4847//203 4846//203
f 5749//204 4846//204 4845//204
f 5750//205 4845//205 4844//205
f 5751//206 4844//206 4843//206
f 5752//207 4843//207 4842//207
f 5753//208 4842//208 4841//208
f 5754//209 4841//209 4835//209
f 5755//210 4835//210 4834//210
f 5756//211 4834//211 4836//211
f 5757//212 4836//212 4837//212
f 5758//213 4837//213 4840//213
f 5759//214 4840//214 4839//214
f 5760//215 4839//215 4838//215
f 5761//216 4838//216 4763//216
f 5762//217 4763//217 4740//217
f 5763//218 4740//218 4741//218
f 5764//302 4741//302 4742//302
f 5765//301 4742//301 4743//301
f 5766//221 4743//221 4744//221
f 5767//222 4744//222 4745//222
f 5768//223 4745//223 4746//223
f 5769//526 4746//526 4747//526
f 5770//225 4747//225 4748//225
f 5771//226 4748//226 4749//226
f 5772//227 4749//227 4750//227
f 5773//228 4750//228 4751//228
f 5774//527 4751//527 4752//527
f 5775//230 4752//230 4753//230
f 5776//231 4753//231 4754//231
f 5777//528 4754//528 4755//528
f 5778//233 4755//233 4756//233
f 5779//234 4756//234 4757//234
f 5780//295 4757//295 4758//295
f 5781//236 4758//236 4759//236
f 5782//293 4759//293 4760//293
f 5783//238 4760//238 4761//238
f 5784//291 4761//291 4762//291
f 5785//240 4762//240 4764//240
f 5786//241 4764//241 4765//241
f 5787//242 4765//242 4766//242
f 5788//243 4766//243 4767//243
f 5789//288 4767//288 4768//288
f 5790//287 4768//287 4769//287
f 5791//286 4769//286 4770//286
f 5792//285 4770//285 4771//285
f 5793//248 4771//248 4772//248
f 5794//283 4772//283 4773//283
f 5795//250 4773//250 4774//250
f 5796//281 4774//281 4775//281
f 5797//252 4775//252 4776//252
f 5798//530 4776//530 4777//530
f 5799//254 4777//254 4778//254
f 5800//255 4778//255 4779//255
f 5801//256 4779//256 4780//256
f 5802//257 4780//257 4781//257
f 5803//1444 4781//1444 4782//1444
f 5804//259 4782//259 4783//259
f 5805//260 4783//260 4784//260
f 5806//532 4784//532 4785//532
f 5807//277 4785//277 4786//277
f 5808//1445 4786//1445 4787//1445
f 5809//264 4787//264 4788//264
f 5810//265 4788//265 4789//265
f 5811//266 4789//266 4790//266
f 5812//267 4790//267 4791//267
f 5813//268 4791//268 4792//268
f 5814//269 4792//269 4793//269
f 5815//270 4793//270 4794//270
f 5816//271 4794//271 4795//271
f 5817//272 4795//272 4796//272
f 5818//273 4796//273 4797//273
f 5819//274 4797//274 4798//274
f 5692//147 5819//147 4798//147
f 5819//274 5818//274 4797//274
f 5818//273 5817//273 4796//273
f 5817//272 5816//272 4795//272
f 5816//271 5815//271 4794//271
f 5815//270 5814//270 4793//270
f 5814//269 5813//269 4792//269
f 5813//268 5812//268 4791//268
f 5812//267 5811//267 4790//267
f 5811//266 5810//266 4789//266
f 5810//265 5809//265 4788//265
f 5809//264 5808//264 4787//264
f 5808//263 5807//263 4786//263
f 5807//277 5806//277 4785//277
f 5806//532 5805//532 4784//532
f 5805//260 5804//260 4783//260
f 5804//278 5803//278 4782//278
f 5803//258 5802//258 4781//258
f 5802//257 5801//257 4780//257
f 5801//531 5800//531 4779//531
f 5800//255 5799//255 4778//255
f 5799//279 5798//279 4777//279
f 5798//530 5797//530 4776//530
f 5797//252 5796//252 4775//252
f 5796//281 5795//281 4774//281
f 5795//250 5794//250 4773//250
f 5794//283 5793//283 4772//283
f 5793//248 5792//248 4771//248
f 5792//285 5791//285 4770//285
f 5791//246 5790//246 4769//246
f 5790//287 5789//287 4768//287
f 5789//288 5788//288 4767//288
f 5788//243 5787//243 4766//243
f 5787//242 5786//242 4765//242
f 5786//241 5785//241 4764//241
f 5785//240 5784//240 4762//240
f 5784//239 5783//239 4761//239
f 5783//238 5782//238 4760//238
f 5782//293 5781//293 4759//293
f 5781//236 5780//236 4758//236
f 5780//295 5779//295 4757//295
f 5779//234 5778//234 4756//234
f 5778//233 5777//233 4755//233
f 5777//528 5776//528 4754//528
f 5776//298 5775//298 4753//298
f 5775//230 5774//230 4752//230
f 5774//229 5773//229 4751//229
f 5773//228 5772//228 4750//228
f 5772//1446 5771//1446 4749//1446
f 5771//299 5770//299 4748//299
f 5770//225 5769//225 4747//225
f 5769//526 5768//526 4746//526
f 5768//223 5767//223 4745//223
f 5767//1447 5766//1447 4744//1447
f 5766//221 5765//221 4743//221
f 5765//301 5764//301 4742//301
f 5764//302 5763//302 4741//302
f 5763//218 5762//218 4740//218
f 5762//217 5761//217 4763//217
f 5761//216 5760//216 4838//216
f 5760//215 5759//215 4839//215
f 5759//214 5758//214 4840//214
f 5758//213 5757//213 4837//213
f 5757//212 5756//212 4836//212
f 5756//211 5755//211 4834//211
f 5755//210 5754//210 4835//210
f 5754//209 5753//209 4841//209
f 5753//208 5752//208 4842//208
f 5752//207 5751//207 4843//207
f 5751//206 5750//206 4844//206
f 5750//205 5749//205 4845//205
f 5749//204 5748//204 4846//204
f 5748//203 5747//203 4847//203
f 5747//202 5746//202 4848//202
f 5746//201 5745//201 4849//201
f 5745//200 5744//200 4850//200
f 5744//199 5743//199 4851//199
f 5743//305 5742//305 4852//305
f 5742//525 5741//525 4853//525
f 5741//196 5740//196 4854//196
f 5740//195 5739//195 4855//195
f 5739//194 5738//194 4856//194
f 5738//193 5737//193 4857//193
f 5737//192 5736//192 4858//192
f 5736//191 5735//191 4859//191
f 5735//307 5734//307 4860//307
f 5734//524 5733//524 4861//524
f 5733//188 5732//188 4862//188
f 5732//309 5731//309 4863//309
f 5731//310 5730//310 4864//310
f 5730//1448 5729//1448 4865//1448
f 5729//312 5728//312 4866//312
f 5728//1449 5727//1449 4867//1449
f 5727//314 5726//314 4868//314
f 5726//315 5725//315 4833//315
f 5725//180 5724//180 4832//180
f 5724//179 5723//179 4831//179
f 5723//178 5722//178 4830//178
f 5722//177 5721//177 4829//177
f 5721//176 5720//176 4828//176
f 5720//175 5719//175 4827//175
f 5719//320 5718//320 4826//320
f 5718//1450 5717//1450 4825//1450
f 5717//322 5716//322 4824//322
f 5716//323 5715//323 4823//323
f 5715//170 5714//170 4822//170
f 5714//169 5713//169 4821//169
f 5713//523 5712//523 4820//523
f 5712//326 5711//326 4819//326
f 5711//166 5710//166 4818//166
f 5710//165 5709//165 4817//165
f 5709//164 5708//164 4816//164
f 5708//1451 5707//1451 4815//1451
f 5707//162 5706//162 4814//162
f 5706//161 5705//161 4813//161
f 5705//160 5704//160 4812//160
f 5704//159 5703//159 4811//159
f 5703//1452 5702//1452 4810//1452
f 5702//157 5701//157 4809//157
f 5701//329 5700//329 4808//329
f 5700//330 5699//330 4807//330
f 5699//154 5698//154 4806//154
f 5698//153 5697//153 4805//153
f 5697//152 5696//152 4804//152
f 5696//151 5695//151 4803//151
f 5695//150 5694//150 4802//150
f 5596//2 5591//2 5820//2
f 5820//2 5591//2 5821//2
f 5591//1 5434//1 5792//1
f 5793//1 5591//1 5792//1
f 5793//1 5794//1 5591//1
f 5591//1 5794//1 5795//1
f 5796//1 5591//1 5795//1
f 5796//1 5797//1 5591//1
f 5591//1 5797//1 5798//1
f 5799//1 5591//1 5798//1
f 5799//1 5800//1 5591//1
f 5591//1 5800//1 5801//1
f 5802//1 5591//1 5801//1
f 5802//1 5803//1 5591//1
f 5591//1 5803//1 5804//1
f 5805//1 5591//1 5804//1
f 5805//1 5806//1 5591//1
f 5591//1 5806//1 5807//1
f 5808//1 5591//1 5807//1
f 5808//1 5809//1 5591//1
f 5591//1 5809//1 5810//1
f 5811//1 5591//1 5810//1
f 5811//1 5812//1 5591//1
f 5591//1 5812//1 5813//1
f 5814//1 5591//1 5813//1
f 5814//1 5815//1 5591//1
f 5591//1 5815//1 5816//1
f 5817//1 5591//1 5816//1
f 5817//1 5818//1 5591//1
f 5591//1 5818//1 5819//1
f 5821//1 5819//1 5692//1
f 5693//1 5821//1 5692//1
f 5693//1 5694//1 5821//1
f 5821//1 5694//1 5695//1
f 5696//1 5821//1 5695//1
f 5696//1 5697//1 5821//1
f 5821//1 5697//1 5698//1
f 5699//1 5821//1 5698//1
f 5699//1 5700//1 5821//1
f 5821//1 5700//1 5701//1
f 5702//1 5821//1 5701//1
f 5702//1 5703//1 5821//1
f 5821//1 5703//1 5704//1
f 5705//1 5821//1 5704//1
f 5705//1 5706//1 5821//1
f 5821//1 5706//1 5707//1
f 5708//1 5821//1 5707//1
f 5708//1 5709//1 5821//1
f 5821//1 5709//1 5710//1
f 5711//1 5821//1 5710//1
f 5711//1 5712//1 5821//1
f 5821//1 5712//1 5713//1
f 5714//1 5821//1 5713//1
f 5714//1 5715//1 5821//1
f 5821//1 5715//1 5716//1
f 5717//1 5821//1 5716//1
f 5717//1 5718//1 5821//1
f 5821//1 5718//1 5719//1
f 5720//1 5821//1 5719//1
f 5720//1 5721//1 5821//1
f 5821//1 5721//1 5722//1
f 5723//1 5821//1 5722//1
f 5723//1 5822//1 5821//1
f 5723//1 5724//1 5822//1
f 5822//1 5724//1 5725//1
f 5726//1 5822//1 5725//1
f 5726//1 5727//1 5822//1
f 5822//1 5727//1 5728//1
f 5729//1 5822//1 5728//1
f 5729//1 5730//1 5822//1
f 5822//1 5730//1 5731//1
f 5732//1 5822//1 5731//1
f 5732//1 5733//1 5822//1
f 5822//1 5733//1 5734//1
f 5735//1 5822//1 5734//1
f 5735//1 5736//1 5822//1
f 5822//1 5736//1 5737//1
f 5738//1 5822//1 5737//1
f 5738//1 5739//1 5822//1
f 5822//1 5739//1 5740//1
f 5741//1 5822//1 5740//1
f 5741//1 5742//1 5822//1
f 5822//1 5742//1 5743//1
f 5744//1 5822//1 5743//1
f 5744//1 5745//1 5822//1
f 5822//1 5745//1 5746//1
f 5747//1 5822//1 5746//1
f 5747//1 5748//1 5822//1
f 5822//1 5748//1 5749//1
f 5750//1 5822//1 5749//1
f 5750//1 5751//1 5822//1
f 5822//1 5751//1 5752//1
f 5753//1 5822//1 5752//1
f 5753//1 5484//1 5822//1
f 5753//1 5754//1 5484//1
f 5484//1 5754//1 5755//1
f 5756//1 5484//1 5755//1
f 5756//1 5757//1 5484//1
f 5484//1 5757//1 5758//1
f 5759//1 5484//1 5758//1
f 5759//1 5760//1 5484//1
f 5484//1 5760//1 5483//1
f 5483//1 5760//1 5761//1
f 5482//1 5761//1 5762//1
f 5481//1 5762//1 5480//1
f 5481//1 5482//1 5762//1
f 5438//1 5789//1 5437//1
f 5438//1 5439//1 5789//1
f 5789//1 5439//1 5440//1
f 5441//1 5789//1 5440//1
f 5441//1 5788//1 5789//1
f 5441//1 5442//1 5788//1
f 5788//1 5442//1 5443//1
f 5787//1 5443//1 5444//1
f 5445//1 5787//1 5444//1
f 5445//1 5446//1 5787//1
f 5787//1 5446//1 5786//1
f 5786//1 5446//1 5447//1
f 5448//1 5786//1 5447//1
f 5448//1 5785//1 5786//1
f 5448//1 5449//1 5785//1
f 5785//1 5449//1 5784//1
f 5784//1 5449//1 5783//1
f 5783//1 5449//1 5782//1
f 5782//1 5449//1 5450//1
f 5781//1 5450//1 5451//1
f 5780//1 5451//1 5779//1
f 5780//1 5781//1 5451//1
f 5437//1 5790//1 5436//1
f 5437//1 5789//1 5790//1
f 5451//1 5452//1 5779//1
f 5779//1 5452//1 5453//1
f 5778//1 5453//1 5454//1
f 5777//1 5454//1 5455//1
f 5776//1 5455//1 5456//1
f 5457//1 5776//1 5456//1
f 5457//1 5458//1 5776//1
f 5776//1 5458//1 5459//1
f 5460//1 5776//1 5459//1
f 5460//1 5461//1 5776//1
f 5776//1 5461//1 5462//1
f 5463//1 5776//1 5462//1
f 5463//1 5464//1 5776//1
f 5776//1 5464//1 5775//1
f 5775//1 5464//1 5465//1
f 5466//1 5775//1 5465//1
f 5466//1 5774//1 5775//1
f 5466//1 5773//1 5774//1
f 5466//1 5772//1 5773//1
f 5466//1 5771//1 5772//1
f 5466//1 5770//1 5771//1
f 5466//1 5467//1 5770//1
f 5770//1 5467//1 5468//1
f 5769//1 5468//1 5469//1
f 5470//1 5769//1 5469//1
f 5470//1 5768//1 5769//1
f 5470//1 5471//1 5768//1
f 5768//1 5471//1 5472//1
f 5767//1 5472//1 5473//1
f 5474//1 5767//1 5473//1
f 5474//1 5475//1 5767//1
f 5767//1 5475//1 5766//1
f 5766//1 5475//1 5765//1
f 5765//1 5475//1 5764//1
f 5764//1 5475//1 5763//1
f 5763//1 5475//1 5762//1
f 5762//1 5475//1 5476//1
f 5477//1 5762//1 5476//1
f 5477//1 5478//1 5762//1
f 5762//1 5478//1 5479//1
f 5480//1 5762//1 5479//1
f 5482//1 5483//1 5761//1
f 5821//1 5591//1 5819//1
f 5767//1 5768//1 5472//1
f 5769//1 5770//1 5468//1
f 5776//1 5777//1 5455//1
f 5777//1 5778//1 5454//1
f 5778//1 5779//1 5453//1
f 5781//1 5782//1 5450//1
f 5787//1 5788//1 5443//1
f 5790//1 5791//1 5436//1
f 5436//1 5791//1 5435//1
f 5435//1 5791//1 5792//1
f 5434//1 5435//1 5792//1
f 5487//3 5823//3 5486//3
f 5487//3 5488//3 5823//3
f 5823//3 5488//3 5489//3
f 5490//3 5823//3 5489//3
f 5490//3 5491//3 5823//3
f 5823//3 5491//3 5492//3
f 5493//3 5823//3 5492//3
f 5493//3 5824//3 5823//3
f 5493//3 5825//3 5824//3
f 5493//3 5826//3 5825//3
f 5493//3 5827//3 5826//3
f 5493//3 5828//3 5827//3
f 5493//3 5494//3 5828//3
f 5828//3 5494//3 5495//3
f 5496//3 5828//3 5495//3
f 5496//3 5829//3 5828//3
f 5496//3 5497//3 5829//3
f 5829//3 5497//3 5498//3
f 5830//3 5498//3 5499//3
f 5500//3 5830//3 5499//3
f 5500//3 5831//3 5830//3
f 5500//3 5501//3 5831//3
f 5831//3 5501//3 5832//3
f 5832//3 5501//3 5833//3
f 5833//3 5501//3 5834//3
f 5834//3 5501//3 5835//3
f 5835//3 5501//3 5836//3
f 5836//3 5501//3 5502//3
f 5503//3 5836//3 5502//3
f 5503//3 5504//3 5836//3
f 5836//3 5504//3 5505//3
f 5506//3 5836//3 5505//3
f 5506//3 5507//3 5836//3
f 5836//3 5507//3 5508//3
f 5509//3 5836//3 5508//3
f 5509//3 5510//3 5836//3
f 5836//3 5510//3 5511//3
f 5837//3 5511//3 5512//3
f 5513//3 5837//3 5512//3
f 5513//3 5838//3 5837//3
f 5513//3 5514//3 5838//3
f 5838//3 5514//3 5839//3
f 5839//3 5514//3 5515//3
f 5840//3 5515//3 5516//3
f 5517//3 5840//3 5516//3
f 5517//3 5841//3 5840//3
f 5517//3 5842//3 5841//3
f 5517//3 5518//3 5842//3
f 5842//3 5518//3 5843//3
f 5843//3 5518//3 5519//3
f 5844//3 5519//3 5845//3
f 5844//3 5843//3 5519//3
f 5486//3 5846//3 5485//3
f 5486//3 5823//3 5846//3
f 5845//3 5519//3 5847//3
f 5847//3 5519//3 5520//3
f 5848//3 5520//3 5521//3
f 5522//3 5848//3 5521//3
f 5522//3 5849//3 5848//3
f 5522//3 5523//3 5849//3
f 5849//3 5523//3 5524//3
f 5525//3 5849//3 5524//3
f 5525//3 5850//3 5849//3
f 5525//3 5526//3 5850//3
f 5850//3 5526//3 5527//3
f 5851//3 5527//3 5528//3
f 5529//3 5851//3 5528//3
f 5529//3 5530//3 5851//3
f 5851//3 5530//3 5531//3
f 5852//3 5531//3 5532//3
f 5853//3 5532//3 5533//3
f 5854//3 5533//3 5534//3
f 5601//3 5854//3 5534//3
f 5601//3 5855//3 5854//3
f 5601//3 5856//3 5855//3
f 5601//3 5857//3 5856//3
f 5601//3 5858//3 5857//3
f 5601//3 5859//3 5858//3
f 5601//3 5860//3 5859//3
f 5601//3 5861//3 5860//3
f 5601//3 5862//3 5861//3
f 5601//3 5863//3 5862//3
f 5601//3 5864//3 5863//3
f 5601//3 5865//3 5864//3
f 5601//3 5866//3 5865//3
f 5601//3 5867//3 5866//3
f 5601//3 5868//3 5867//3
f 5601//3 5869//3 5868//3
f 5601//3 5870//3 5869//3
f 5601//3 5871//3 5870//3
f 5601//3 5872//3 5871//3
f 5601//3 5873//3 5872//3
f 5601//3 5874//3 5873//3
f 5601//3 5875//3 5874//3
f 5601//3 5876//3 5875//3
f 5601//3 5877//3 5876//3
f 5601//3 5878//3 5877//3
f 5601//3 5879//3 5878//3
f 5601//3 5880//3 5879//3
f 5601//3 5881//3 5880//3
f 5601//3 5882//3 5881//3
f 5881//3 5882//3 5883//3
f 5883//3 5882//3 5884//3
f 5884//3 5882//3 5885//3
f 5885//3 5882//3 5886//3
f 5886//3 5882//3 5887//3
f 5887//3 5882//3 5888//3
f 5888//3 5882//3 5889//3
f 5889//3 5882//3 5890//3
f 5890//3 5882//3 5891//3
f 5891//3 5882//3 5892//3
f 5892//3 5882//3 5893//3
f 5893//3 5882//3 5894//3
f 5894//3 5882//3 5895//3
f 5895//3 5882//3 5896//3
f 5896//3 5882//3 5897//3
f 5897//3 5882//3 5898//3
f 5898//3 5882//3 5899//3
f 5899//3 5882//3 5900//3
f 5900//3 5882//3 5901//3
f 5901//3 5882//3 5902//3
f 5902//3 5882//3 5903//3
f 5903//3 5882//3 5904//3
f 5904//3 5882//3 5905//3
f 5905//3 5882//3 5906//3
f 5906//3 5882//3 5907//3
f 5907//3 5882//3 5908//3
f 5908//3 5882//3 5909//3
f 5909//3 5882//3 5910//3
f 5910//3 5882//3 5911//3
f 5911//3 5882//3 5912//3
f 5912//3 5882//3 5913//3
f 5913//3 5882//3 5914//3
f 5914//3 5882//3 5822//3
f 5915//3 5822//3 5916//3
f 5915//3 5914//3 5822//3
f 5917//3 5918//3 5484//3
f 5919//3 5484//3 5920//3
f 5919//3 5917//3 5484//3
f 5918//3 5921//3 5484//3
f 5484//3 5921//3 5822//3
f 5822//3 5921//3 5922//3
f 5923//3 5822//3 5922//3
f 5923//3 5924//3 5822//3
f 5822//3 5924//3 5925//3
f 5926//3 5822//3 5925//3
f 5926//3 5927//3 5822//3
f 5822//3 5927//3 5928//3
f 5929//3 5822//3 5928//3
f 5929//3 5930//3 5822//3
f 5822//3 5930//3 5931//3
f 5932//3 5822//3 5931//3
f 5932//3 5933//3 5822//3
f 5822//3 5933//3 5934//3
f 5935//3 5822//3 5934//3
f 5935//3 5936//3 5822//3
f 5822//3 5936//3 5937//3
f 5938//3 5822//3 5937//3
f 5938//3 5939//3 5822//3
f 5822//3 5939//3 5940//3
f 5941//3 5822//3 5940//3
f 5941//3 5942//3 5822//3
f 5822//3 5942//3 5943//3
f 5944//3 5822//3 5943//3
f 5944//3 5945//3 5822//3
f 5822//3 5945//3 5946//3
f 5947//3 5822//3 5946//3
f 5947//3 5948//3 5822//3
f 5822//3 5948//3 5916//3
f 5854//3 5853//3 5533//3
f 5853//3 5852//3 5532//3
f 5852//3 5851//3 5531//3
f 5851//3 5850//3 5527//3
f 5848//3 5847//3 5520//3
f 5840//3 5839//3 5515//3
f 5837//3 5836//3 5511//3
f 5830//3 5829//3 5498//3
f 5846//3 5949//3 5485//3
f 5485//3 5949//3 5484//3
f 5484//3 5949//3 5950//3
f 5951//3 5484//3 5950//3
f 5951//3 5920//3 5484//3
f 5601//4 5596//4 5882//4
f 5882//4 5596//4 5820//4
f 5882//8 5820//8 5822//8
f 5822//8 5820//8 5821//8
f 5952//1453 5953//1453 1984//1453
f 1983//1454 5952//1454 1984//1454
f 1983//1455 5954//1455 5952//1455
f 1983//1456 5955//1456 5954//1456
f 1983//1457 1982//1457 5955//1457
f 5955//1458 1982//1458 5956//1458
f 5956//1459 1982//1459 5957//1459
f 5957//1460 1982//1460 1981//1460
f 5958//1461 1981//1461 5959//1461
f 5958//1462 5957//1462 1981//1462
f 1981//1463 1980//1463 5959//1463
f 5959//1464 1980//1464 5960//1464
f 5960//1465 1980//1465 5961//1465
f 5961//1466 1980//1466 1979//1466
f 5962//1467 1979//1467 1978//1467
f 5963//1468 1978//1468 1977//1468
f 5964//1469 1977//1469 1976//1469
f 5965//1470 1976//1470 1975//1470
f 5966//1471 1975//1471 1974//1471
f 5967//1472 1974//1472 1973//1472
f 5968//1473 1973//1473 1972//1473
f 5969//1474 1972//1474 1971//1474
f 5970//1475 1971//1475 1970//1475
f 5971//1476 1970//1476 1969//1476
f 5972//1477 1969//1477 1968//1477
f 1967//1478 5972//1478 1968//1478
f 1967//1479 5973//1479 5972//1479
f 1967//1480 1965//1480 5973//1480
f 5973//1481 1965//1481 1964//1481
f 5974//1482 1964//1482 1963//1482
f 1962//1483 5974//1483 1963//1483
f 1962//1484 5975//1484 5974//1484
f 1962//1485 1961//1485 5975//1485
f 5975//1486 1961//1486 1960//1486
f 5976//1487 1960//1487 1959//1487
f 1958//1488 5976//1488 1959//1488
f 1958//1489 5977//1489 5976//1489
f 1958//1490 1957//1490 5977//1490
f 5977//1491 1957//1491 1956//1491
f 5978//1492 1956//1492 1955//1492
f 1954//1493 5978//1493 1955//1493
f 1954//1494 5979//1494 5978//1494
f 1954//1495 1953//1495 5979//1495
f 5979//1496 1953//1496 1952//1496
f 5980//1497 1952//1497 1950//1497
f 1949//1498 5980//1498 1950//1498
f 1949//1499 5981//1499 5980//1499
f 1949//1500 1948//1500 5981//1500
f 5981//1501 1948//1501 1947//1501
f 5982//1502 1947//1502 1946//1502
f 1945//1503 5982//1503 1946//1503
f 1945//1504 5983//1504 5982//1504
f 1945//1505 1944//1505 5983//1505
f 5983//1506 1944//1506 1943//1506
f 5984//1507 1943//1507 1942//1507
f 5985//1508 1942//1508 1941//1508
f 5986//1509 1941//1509 1940//1509
f 5987//1510 1940//1510 5988//1510
f 5987//1511 5986//1511 1940//1511
f 1940//1512 1939//1512 5988//1512
f 5988//1513 1939//1513 5989//1513
f 5989//1514 1939//1514 5990//1514
f 5990//1515 1939//1515 5991//1515
f 5991//1516 1939//1516 1938//1516
f 5992//1517 1938//1517 5993//1517
f 5992//1518 5991//1518 1938//1518
f 1938//1519 1937//1519 5993//1519
f 5993//1520 1937//1520 5994//1520
f 5994//1521 1937//1521 5995//1521
f 5995//1522 1937//1522 1936//1522
f 5996//1523 1936//1523 5997//1523
f 5996//1524 5995//1524 1936//1524
f 1936//1525 1935//1525 5997//1525
f 5997//1526 1935//1526 5998//1526
f 5998//1527 1935//1527 5999//1527
f 5999//1528 1935//1528 1934//1528
f 6000//1529 1934//1529 6001//1529
f 6000//1530 5999//1530 1934//1530
f 1934//1531 1933//1531 6001//1531
f 6001//1532 1933//1532 6002//1532
f 6002//1533 1933//1533 6003//1533
f 6003//1534 1933//1534 1932//1534
f 6004//1535 1932//1535 6005//1535
f 6004//1536 6003//1536 1932//1536
f 1932//1537 1931//1537 6005//1537
f 6005//1538 1931//1538 6006//1538
f 6006//1539 1931//1539 6007//1539
f 6007//1540 1931//1540 1930//1540
f 6008//1541 1930//1541 6009//1541
f 6008//1542 6007//1542 1930//1542
f 1930//1543 1929//1543 6009//1543
f 6009//1544 1929//1544 6010//1544
f 6010//1545 1929//1545 6011//1545
f 6011//1546 1929//1546 1928//1546
f 6012//1547 1928//1547 6013//1547
f 6012//1548 6011//1548 1928//1548
f 1928//1549 1927//1549 6013//1549
f 6013//1550 1927//1550 6014//1550
f 6014//1551 1927//1551 6015//1551
f 6015//1552 1927//1552 1926//1552
f 6016//1553 1926//1553 6017//1553
f 6016//1554 6015//1554 1926//1554
f 6017//1555 1926//1555 6018//1555
f 6018//1556 1926//1556 1925//1556
f 6019//1557 1925//1557 1924//1557
f 6020//1558 1924//1558 1923//1558
f 6021//1559 1923//1559 1922//1559
f 1921//1560 6021//1560 1922//1560
f 1921//1561 6022//1561 6021//1561
f 1921//1562 1920//1562 6022//1562
f 6022//1563 1920//1563 1919//1563
f 6023//1564 1919//1564 1918//1564
f 1917//1565 6023//1565 1918//1565
f 1917//1566 6024//1566 6023//1566
f 1917//1567 1915//1567 6024//1567
f 6024//1568 1915//1568 1914//1568
f 6025//1569 1914//1569 1913//1569
f 1912//1570 6025//1570 1913//1570
f 1912//1571 6026//1571 6025//1571
f 1912//1572 1911//1572 6026//1572
f 6026//1573 1911//1573 1910//1573
f 6027//1574 1910//1574 1909//1574
f 1908//1575 6027//1575 1909//1575
f 1908//1576 6028//1576 6027//1576
f 1908//1577 1907//1577 6028//1577
f 6028//1578 1907//1578 1906//1578
f 6029//1579 1906//1579 1905//1579
f 1904//1580 6029//1580 1905//1580
f 1904//1581 6030//1581 6029//1581
f 1904//1582 1903//1582 6030//1582
f 6030//1583 1903//1583 1902//1583
f 6031//1584 1902//1584 1900//1584
f 1899//1585 6031//1585 1900//1585
f 1899//1586 6032//1586 6031//1586
f 1899//1587 1898//1587 6032//1587
f 6032//1588 1898//1588 1897//1588
f 6033//1589 1897//1589 1896//1589
f 6034//1590 1896//1590 1895//1590
f 6035//1591 1895//1591 1894//1591
f 6036//1592 1894//1592 1893//1592
f 6037//1593 1893//1593 1892//1593
f 6038//1594 1892//1594 1891//1594
f 6039//1595 1891//1595 1890//1595
f 6040//1596 1890//1596 1889//1596
f 6041//1597 1889//1597 1888//1597
f 6042//1598 1888//1598 1887//1598
f 6043//1599 1887//1599 1886//1599
f 6044//1600 1886//1600 6045//1600
f 6044//1601 6043//1601 1886//1601
f 1886//1602 1885//1602 6045//1602
f 6045//1603 1885//1603 6046//1603
f 6046//1604 1885//1604 6047//1604
f 6047//1605 1885//1605 1884//1605
f 6048//1606 1884//1606 6049//1606
f 6048//1607 6047//1607 1884//1607
f 1884//1608 1883//1608 6049//1608
f 6049//1609 1883//1609 6050//1609
f 6050//1610 1883//1610 6051//1610
f 6051//1611 1883//1611 1881//1611
f 6052//1612 1881//1612 6053//1612
f 6052//1613 6051//1613 1881//1613
f 1881//1614 1880//1614 6053//1614
f 6053//1615 1880//1615 6054//1615
f 6054//1616 1880//1616 6055//1616
f 6055//1617 1880//1617 2164//1617
f 6056//1618 2164//1618 6057//1618
f 6056//1619 6055//1619 2164//1619
f 2164//1620 2163//1620 6057//1620
f 6057//1621 2163//1621 6058//1621
f 6058//1622 2163//1622 6059//1622
f 6059//1623 2163//1623 2162//1623
f 6060//1624 2162//1624 6061//1624
f 6060//1625 6059//1625 2162//1625
f 2162//1626 2161//1626 6061//1626
f 6061//1627 2161//1627 6062//1627
f 6062//1628 2161//1628 6063//1628
f 6063//1629 2161//1629 2160//1629
f 6064//1630 2160//1630 6065//1630
f 6064//1631 6063//1631 2160//1631
f 2160//1632 2159//1632 6065//1632
f 6065//1633 2159//1633 6066//1633
f 6066//1634 2159//1634 6067//1634
f 6067//1635 2159//1635 2158//1635
f 6068//1636 2158//1636 2157//1636
f 6069//1637 2157//1637 2156//1637
f 6070//1638 2156//1638 2155//1638
f 2154//1639 6070//1639 2155//1639
f 2154//1640 2153//1640 6070//1640
f 6070//1641 2153//1641 6071//1641
f 6071//1642 2153//1642 2152//1642
f 2151//1643 6071//1643 2152//1643
f 2151//1644 6072//1644 6071//1644
f 2151//1645 2150//1645 6072//1645
f 6072//1646 2150//1646 2149//1646
f 6073//1647 2149//1647 2148//1647
f 2147//1648 6073//1648 2148//1648
f 2147//1649 6074//1649 6073//1649
f 2147//1650 2146//1650 6074//1650
f 6074//1651 2146//1651 2145//1651
f 6075//1652 2145//1652 2144//1652
f 2143//1653 6075//1653 2144//1653
f 2143//1654 6076//1654 6075//1654
f 2143//1655 2142//1655 6076//1655
f 6076//1656 2142//1656 2141//1656
f 6077//1657 2141//1657 2140//1657
f 2139//1658 6077//1658 2140//1658
f 2139//1659 6078//1659 6077//1659
f 2139//1660 2138//1660 6078//1660
f 6078//1661 2138//1661 2137//1661
f 6079//1662 2137//1662 2136//1662
f 2135//1663 6079//1663 2136//1663
f 2135//1664 6080//1664 6079//1664
f 2135//1665 2134//1665 6080//1665
f 6080//1666 2134//1666 2133//1666
f 6081//1667 2133//1667 2132//1667
f 2131//1668 6081//1668 2132//1668
f 2131//1669 6082//1669 6081//1669
f 2131//1670 2130//1670 6082//1670
f 6082//1671 2130//1671 2129//1671
f 6083//1672 2129//1672 2128//1672
f 2127//1673 6083//1673 2128//1673
f 2127//1674 2126//1674 6083//1674
f 6083//1675 2126//1675 6084//1675
f 6084//1676 2126//1676 2125//1676
f 2124//1677 6084//1677 2125//1677
f 2124//1678 6085//1678 6084//1678
f 2124//1679 2123//1679 6085//1679
f 6085//1680 2123//1680 6086//1680
f 6086//1681 2123//1681 2122//1681
f 6087//1682 2122//1682 2121//1682
f 6088//1683 2121//1683 6089//1683
f 6088//1684 6087//1684 2121//1684
f 2121//1685 2120//1685 6089//1685
f 6089//1686 2120//1686 6090//1686
f 6090//1687 2120//1687 6091//1687
f 6091//1688 2120//1688 2119//1688
f 6092//1689 2119//1689 6093//1689
f 6092//1690 6091//1690 2119//1690
f 2119//1691 2118//1691 6093//1691
f 6093//1692 2118//1692 6094//1692
f 6094//1693 2118//1693 6095//1693
f 6095//1694 2118//1694 2117//1694
f 6096//1695 2117//1695 6097//1695
f 6096//1696 6095//1696 2117//1696
f 2117//1697 2116//1697 6097//1697
f 6097//1698 2116//1698 6098//1698
f 6098//1699 2116//1699 6099//1699
f 6099//1700 2116//1700 1985//1700
f 6100//1701 1985//1701 6101//1701
f 6100//1702 6099//1702 1985//1702
f 6077//1703 6076//1703 2141//1703
f 6075//1704 6074//1704 2145//1704
f 6073//1705 6072//1705 2149//1705
f 6070//1706 6069//1706 2156//1706
f 6069//1707 6068//1707 2157//1707
f 6068//1708 6067//1708 2158//1708
f 6043//1709 6042//1709 1887//1709
f 6042//1710 6041//1710 1888//1710
f 6041//1711 6040//1711 1889//1711
f 6040//1712 6039//1712 1890//1712
f 6039//1713 6038//1713 1891//1713
f 6038//1714 6037//1714 1892//1714
f 6037//1715 6036//1715 1893//1715
f 6036//1716 6035//1716 1894//1716
f 6035//1717 6034//1717 1895//1717
f 6034//1718 6033//1718 1896//1718
f 6033//1719 6032//1719 1897//1719
f 6031//1720 6030//1720 1902//1720
f 6029//1721 6028//1721 1906//1721
f 6027//1722 6026//1722 1910//1722
f 6025//1723 6024//1723 1914//1723
f 6023//1724 6022//1724 1919//1724
f 6021//1725 6020//1725 1923//1725
f 6020//1726 6019//1726 1924//1726
f 6019//1727 6018//1727 1925//1727
f 5986//1728 5985//1728 1941//1728
f 5985//1729 5984//1729 1942//1729
f 5984//1730 5983//1730 1943//1730
f 5982//1731 5981//1731 1947//1731
f 5980//1732 5979//1732 1952//1732
f 5978//1733 5977//1733 1956//1733
f 5976//1734 5975//1734 1960//1734
f 5974//1735 5973//1735 1964//1735
f 5972//1736 5971//1736 1969//1736
f 5971//1737 5970//1737 1970//1737
f 5970//1738 5969//1738 1971//1738
f 5969//1739 5968//1739 1972//1739
f 5968//1740 5967//1740 1973//1740
f 5967//1741 5966//1741 1974//1741
f 5966//1742 5965//1742 1975//1742
f 5965//1743 5964//1743 1976//1743
f 5964//1744 5963//1744 1977//1744
f 5963//1745 5962//1745 1978//1745
f 5962//1746 5961//1746 1979//1746
f 5953//1747 6101//1747 1984//1747
f 1984//1748 6101//1748 1985//1748
f 6087//1749 6086//1749 2122//1749
f 6083//1750 6082//1750 2129//1750
f 6081//1751 6080//1751 2133//1751
f 6079//1752 6078//1752 2137//1752
f 6102//5 5977//5 6103//5
f 6104//5 6102//5 6103//5
f 6104//5 6105//5 6102//5
f 6102//5 6105//5 6106//5
f 6107//5 6102//5 6106//5
f 6107//5 6108//5 6102//5
f 6102//5 6108//5 6109//5
f 6110//5 6102//5 6109//5
f 6110//5 6111//5 6102//5
f 6102//5 6111//5 6112//5
f 6113//5 6102//5 6112//5
f 6113//5 6114//5 6102//5
f 6102//5 6114//5 6115//5
f 6116//5 6102//5 6115//5
f 6116//6 6117//6 6102//6
f 6102//5 6117//5 6118//5
f 6119//6 6102//6 6118//6
f 6119//5 6120//5 6102//5
f 6102//5 6120//5 6121//5
f 6122//5 6102//5 6121//5
f 6122//5 6123//5 6102//5
f 6102//5 6123//5 6124//5
f 6125//5 6102//5 6124//5
f 6125//5 6126//5 6102//5
f 6102//5 6126//5 6127//5
f 6128//5 6102//5 6127//5
f 6128//5 6129//5 6102//5
f 6102//5 6129//5 6130//5
f 6131//5 6102//5 6130//5
f 6131//5 6132//5 6102//5
f 6131//5 6133//5 6132//5
f 6132//5 6133//5 6134//5
f 6135//5 6132//5 6134//5
f 6135//5 6136//5 6132//5
f 6132//5 6136//5 6137//5
f 6138//5 6132//5 6137//5
f 6138//5 6139//5 6132//5
f 6132//5 6139//5 6140//5
f 6141//5 6132//5 6140//5
f 6141//5 6142//5 6132//5
f 6132//5 6142//5 6143//5
f 6144//5 6132//5 6143//5
f 6144//6 6145//6 6132//6
f 6132//5 6145//5 6146//5
f 6147//6 6132//6 6146//6
f 6147//5 6148//5 6132//5
f 6132//5 6148//5 6149//5
f 6150//5 6132//5 6149//5
f 6150//5 6151//5 6132//5
f 6132//5 6151//5 6152//5
f 6153//5 6132//5 6152//5
f 6153//5 6154//5 6132//5
f 6132//5 6154//5 6155//5
f 6156//5 6132//5 6155//5
f 6156//5 6157//5 6132//5
f 6132//5 6157//5 6158//5
f 6159//5 6132//5 6158//5
f 6159//5 6160//5 6132//5
f 6132//5 6160//5 6161//5
f 6162//5 6132//5 6161//5
f 6162//5 6163//5 6132//5
f 6132//5 6163//5 6164//5
f 6165//5 6164//5 6166//5
f 6167//5 6165//5 6166//5
f 6167//5 6168//5 6165//5
f 6165//5 6168//5 6169//5
f 6170//5 6165//5 6169//5
f 6170//5 6171//5 6165//5
f 6165//5 6171//5 6172//5
f 6173//5 6165//5 6172//5
f 6173//5 6174//5 6165//5
f 6165//5 6174//5 6175//5
f 6176//5 6165//5 6175//5
f 6176//5 6177//5 6165//5
f 6165//5 6177//5 6178//5
f 6179//5 6165//5 6178//5
f 6179//5 6180//5 6165//5
f 6165//5 6180//5 6181//5
f 6182//5 6165//5 6181//5
f 6182//7 6183//7 6165//7
f 6165//5 6183//5 6184//5
f 6185//7 6165//7 6184//7
f 6185//5 6186//5 6165//5
f 6165//5 6186//5 6187//5
f 6188//5 6165//5 6187//5
f 6188//5 6189//5 6165//5
f 6165//5 6189//5 6190//5
f 6191//5 6165//5 6190//5
f 6191//5 6192//5 6165//5
f 6165//5 6192//5 6193//5
f 6194//5 6165//5 6193//5
f 6194//5 6195//5 6165//5
f 6165//5 6195//5 6027//5
f 6027//6 6195//6 6196//6
f 6197//7 6027//7 6196//7
f 6197//5 6198//5 6027//5
f 6027//5 6198//5 6199//5
f 6200//5 6027//5 6199//5
f 6200//5 6201//5 6027//5
f 6027//5 6201//5 6202//5
f 6026//5 6202//5 6203//5
f 6025//5 6203//5 6204//5
f 6024//5 6204//5 6023//5
f 6024//7 6025//7 6204//7
f 5979//5 6205//5 5978//5
f 5979//5 5980//5 6205//5
f 6205//5 5980//5 6206//5
f 6206//5 5980//5 5981//5
f 6207//5 5981//5 5982//5
f 5983//5 6207//5 5982//5
f 5983//5 5984//5 6207//5
f 6207//5 5984//5 5985//5
f 5986//5 6207//5 5985//5
f 5986//5 6208//5 6207//5
f 5986//5 5987//5 6208//5
f 6208//5 5987//5 5988//5
f 6209//5 5988//5 5989//5
f 5990//5 6209//5 5989//5
f 5990//5 6210//5 6209//5
f 5990//7 5991//7 6210//7
f 6210//5 5991//5 6211//5
f 6211//5 5991//5 6212//5
f 6212//5 5991//5 6213//5
f 6213//5 5991//5 5992//5
f 6214//5 5992//5 5993//5
f 6215//6 5993//6 5994//6
f 6216//5 5994//5 5995//5
f 6217//5 5995//5 5996//5
f 6218//5 5996//5 5997//5
f 5998//7 6218//7 5997//7
f 5998//5 5999//5 6218//5
f 6218//5 5999//5 6000//5
f 6001//5 6218//5 6000//5
f 6001//5 6002//5 6218//5
f 6218//5 6002//5 6003//5
f 6004//5 6218//5 6003//5
f 6004//5 6005//5 6218//5
f 6218//5 6005//5 6006//5
f 6007//5 6218//5 6006//5
f 6007//5 6008//5 6218//5
f 6218//5 6008//5 6009//5
f 6010//5 6218//5 6009//5
f 6010//5 6011//5 6218//5
f 6218//5 6011//5 6219//5
f 6219//5 6011//5 6220//5
f 6220//5 6011//5 6012//5
f 6221//5 6012//5 6222//5
f 6221//5 6220//5 6012//5
f 6013//5 6223//5 6012//5
f 6013//5 6014//5 6223//5
f 6223//5 6014//5 6015//5
f 6224//5 6015//5 6016//5
f 6017//6 6224//6 6016//6
f 6017//5 6225//5 6224//5
f 6017//5 6018//5 6225//5
f 6225//5 6018//5 6019//5
f 6226//5 6019//5 6227//5
f 6226//5 6225//5 6019//5
f 6020//5 6204//5 6019//5
f 6020//5 6021//5 6204//5
f 6204//5 6021//5 6022//5
f 6023//5 6204//5 6022//5
f 6025//6 6026//6 6203//6
f 6026//5 6027//5 6202//5
f 6165//5 6132//5 6164//5
f 6207//5 6206//5 5981//5
f 6205//5 6103//5 5978//5
f 5978//5 6103//5 5977//5
f 6204//5 6228//5 6019//5
f 6019//5 6228//5 6227//5
f 6224//5 6223//5 6015//5
f 6223//5 6229//5 6012//5
f 6012//5 6229//5 6230//5
f 6231//5 6012//5 6230//5
f 6231//5 6232//5 6012//5
f 6012//5 6232//5 6222//5
f 6218//5 6217//5 5996//5
f 6217//5 6216//5 5995//5
f 6216//5 6215//5 5994//5
f 6215//5 6214//5 5993//5
f 6214//5 6213//5 5992//5
f 6209//5 6208//5 5988//5
f 5307//211 6233//211 5308//211
f 5307//212 6234//212 6233//212
f 5307//212 5306//212 6234//212
f 6234//213 5306//213 6235//213
f 6235//213 5306//213 5305//213
f 6236//214 5305//214 5304//214
f 6237//215 5304//215 5303//215
f 6238//216 5303//216 5302//216
f 6239//217 5302//217 5301//217
f 6240//218 5301//218 5300//218
f 6241//302 5300//302 5299//302
f 6242//301 5299//301 5298//301
f 6243//221 5298//221 5297//221
f 6244//222 5297//222 5296//222
f 6245//223 5296//223 5295//223
f 6246//526 5295//526 5294//526
f 6247//225 5294//225 5293//225
f 6248//226 5293//226 5292//226
f 6249//227 5292//227 5291//227
f 6250//228 5291//228 5290//228
f 6251//527 5290//527 5289//527
f 6252//230 5289//230 5288//230
f 6253//231 5288//231 5287//231
f 6254//528 5287//528 5286//528
f 6255//233 5286//233 5285//233
f 6256//234 5285//234 5284//234
f 6257//295 5284//295 5283//295
f 6258//236 5283//236 5282//236
f 6259//293 5282//293 5281//293
f 6260//238 5281//238 5409//238
f 6261//291 5409//291 5392//291
f 6262//240 5392//240 5381//240
f 6263//241 5381//241 5382//241
f 6264//242 5382//242 5383//242
f 6265//243 5383//243 5384//243
f 6266//288 5384//288 5385//288
f 6267//287 5385//287 5386//287
f 6268//286 5386//286 5387//286
f 6269//285 5387//285 5388//285
f 6270//248 5388//248 5389//248
f 6271//283 5389//283 5390//283
f 6272//250 5390//250 5391//250
f 6273//281 5391//281 5393//281
f 6274//252 5393//252 5394//252
f 6275//530 5394//530 5395//530
f 6276//254 5395//254 5396//254
f 6277//255 5396//255 5397//255
f 6278//256 5397//256 5398//256
f 6279//257 5398//257 5399//257
f 6280//1444 5399//1444 5400//1444
f 6281//259 5400//259 5401//259
f 6282//260 5401//260 5402//260
f 6283//532 5402//532 5403//532
f 6284//277 5403//277 5404//277
f 6285//1445 5404//1445 5405//1445
f 6286//264 5405//264 5406//264
f 6287//265 5406//265 5407//265
f 6288//266 5407//266 5408//266
f 6289//267 5408//267 5380//267
f 6290//268 5380//268 5379//268
f 6291//269 5379//269 5378//269
f 6292//270 5378//270 5377//270
f 6293//271 5377//271 5376//271
f 6294//272 5376//272 5375//272
f 6295//273 5375//273 5374//273
f 6296//274 5374//274 5373//274
f 6297//147 5373//147 5372//147
f 6298//148 5372//148 5371//148
f 6299//149 5371//149 5370//149
f 6300//150 5370//150 5369//150
f 6301//151 5369//151 5368//151
f 6302//152 5368//152 5367//152
f 6303//153 5367//153 5366//153
f 6304//154 5366//154 5365//154
f 6305//330 5365//330 5364//330
f 6306//329 5364//329 5363//329
f 6307//157 5363//157 5362//157
f 6308//158 5362//158 5361//158
f 6309//159 5361//159 5360//159
f 6310//521 5360//521 5359//521
f 6311//161 5359//161 5358//161
f 6312//327 5358//327 5357//327
f 6313//163 5357//163 5356//163
f 6314//164 5356//164 5355//164
f 6315//165 5355//165 5354//165
f 6316//166 5354//166 5353//166
f 6317//167 5353//167 5352//167
f 6318//523 5352//523 5351//523
f 6319//169 5351//169 5350//169
f 6320//170 5350//170 5349//170
f 6321//171 5349//171 5348//171
f 6322//1439 5348//1439 5347//1439
f 6323//173 5347//173 5346//173
f 6324//1440 5346//1440 5345//1440
f 6325//175 5345//175 5344//175
f 6326//176 5344//176 5343//176
f 6327//317 5343//317 5342//317
f 6328//178 5342//178 5340//178
f 6329//179 5340//179 5339//179
f 6330//316 5339//316 5338//316
f 6331//315 5338//315 5337//315
f 6332//314 5337//314 5336//314
f 6333//183 5336//183 5335//183
f 6334//1441 5335//1441 5334//1441
f 6335//185 5334//185 5333//185
f 6336//186 5333//186 5332//186
f 6337//309 5332//309 5331//309
f 6338//188 5331//188 5330//188
f 6339//524 5330//524 5329//524
f 6340//190 5329//190 5328//190
f 6341//191 5328//191 5327//191
f 6342//192 5327//192 5326//192
f 6343//193 5326//193 5325//193
f 6344//1442 5325//1442 5324//1442
f 6345//306 5324//306 5323//306
f 6346//196 5323//196 5322//196
f 6347//197 5322//197 5321//197
f 6348//305 5321//305 5320//305
f 6349//1443 5320//1443 5319//1443
f 6350//200 5319//200 5318//200
f 6351//201 5318//201 5317//201
f 6352//202 5317//202 5316//202
f 6353//203 5316//203 5315//203
f 6354//204 5315//204 5314//204
f 6355//205 5314//205 5313//205
f 6356//206 5313//206 5312//206
f 6357//207 5312//207 5311//207
f 6358//208 5311//208 5310//208
f 6359//209 5310//209 5309//209
f 6360//210 5309//210 5308//210
f 6233//211 6360//211 5308//211
f 6360//210 6359//210 5309//210
f 6359//209 6358//209 5310//209
f 6358//208 6357//208 5311//208
f 6357//207 6356//207 5312//207
f 6356//206 6355//206 5313//206
f 6355//205 6354//205 5314//205
f 6354//204 6353//204 5315//204
f 6353//203 6352//203 5316//203
f 6352//202 6351//202 5317//202
f 6351//201 6350//201 5318//201
f 6350//200 6349//200 5319//200
f 6349//199 6348//199 5320//199
f 6348//305 6347//305 5321//305
f 6347//525 6346//525 5322//525
f 6346//196 6345//196 5323//196
f 6345//195 6344//195 5324//195
f 6344//194 6343//194 5325//194
f 6343//193 6342//193 5326//193
f 6342//192 6341//192 5327//192
f 6341//191 6340//191 5328//191
f 6340//307 6339//307 5329//307
f 6339//524 6338//524 5330//524
f 6338//188 6337//188 5331//188
f 6337//309 6336//309 5332//309
f 6336//310 6335//310 5333//310
f 6335//1448 6334//1448 5334//1448
f 6334//312 6333//312 5335//312
f 6333//1449 6332//1449 5336//1449
f 6332//314 6331//314 5337//314
f 6331//315 6330//315 5338//315
f 6330//180 6329//180 5339//180
f 6329//179 6328//179 5340//179
f 6328//178 6327//178 5342//178
f 6327//177 6326//177 5343//177
f 6326//176 6325//176 5344//176
f 6325//175 6324//175 5345//175
f 6324//320 6323//320 5346//320
f 6323//1450 6322//1450 5347//1450
f 6322//322 6321//322 5348//322
f 6321//323 6320//323 5349//323
f 6320//170 6319//170 5350//170
f 6319//169 6318//169 5351//169
f 6318//523 6317//523 5352//523
f 6317//326 6316//326 5353//326
f 6316//166 6315//166 5354//166
f 6315//165 6314//165 5355//165
f 6314//164 6313//164 5356//164
f 6313//1451 6312//1451 5357//1451
f 6312//162 6311//162 5358//162
f 6311//161 6310//161 5359//161
f 6310//160 6309//160 5360//160
f 6309//159 6308//159 5361//159
f 6308//1452 6307//1452 5362//1452
f 6307//157 6306//157 5363//157
f 6306//329 6305//329 5364//329
f 6305//330 6304//330 5365//330
f 6304//154 6303//154 5366//154
f 6303//153 6302//153 5367//153
f 6302//152 6301//152 5368//152
f 6301//151 6300//151 5369//151
f 6300//150 6299//150 5370//150
f 6299//149 6298//149 5371//149
f 6298//148 6297//148 5372//148
f 6297//147 6296//147 5373//147
f 6296//274 6295//274 5374//274
f 6295//273 6294//273 5375//273
f 6294//272 6293//272 5376//272
f 6293//271 6292//271 5377//271
f 6292//270 6291//270 5378//270
f 6291//269 6290//269 5379//269
f 6290//268 6289//268 5380//268
f 6289//267 6288//267 5408//267
f 6288//266 6287//266 5407//266
f 6287//265 6286//265 5406//265
f 6286//264 6285//264 5405//264
f 6285//263 6284//263 5404//263
f 6284//277 6283//277 5403//277
f 6283//532 6282//532 5402//532
f 6282//260 6281//260 5401//260
f 6281//278 6280//278 5400//278
f 6280//258 6279//258 5399//258
f 6279//257 6278//257 5398//257
f 6278//531 6277//531 5397//531
f 6277//255 6276//255 5396//255
f 6276//279 6275//279 5395//279
f 6275//530 6274//530 5394//530
f 6274//252 6273//252 5393//252
f 6273//281 6272//281 5391//281
f 6272//250 6271//250 5390//250
f 6271//283 6270//283 5389//283
f 6270//248 6269//248 5388//248
f 6269//285 6268//285 5387//285
f 6268//246 6267//246 5386//246
f 6267//287 6266//287 5385//287
f 6266//288 6265//288 5384//288
f 6265//243 6264//243 5383//243
f 6264//242 6263//242 5382//242
f 6263//241 6262//241 5381//241
f 6262//240 6261//240 5392//240
f 6261//239 6260//239 5409//239
f 6260//238 6259//238 5281//238
f 6259//293 6258//293 5282//293
f 6258//236 6257//236 5283//236
f 6257//295 6256//295 5284//295
f 6256//234 6255//234 5285//234
f 6255//233 6254//233 5286//233
f 6254//528 6253//528 5287//528
f 6253//298 6252//298 5288//298
f 6252//230 6251//230 5289//230
f 6251//229 6250//229 5290//229
f 6250//228 6249//228 5291//228
f 6249//1446 6248//1446 5292//1446
f 6248//299 6247//299 5293//299
f 6247//225 6246//225 5294//225
f 6246//526 6245//526 5295//526
f 6245//223 6244//223 5296//223
f 6244//1447 6243//1447 5297//1447
f 6243//221 6242//221 5298//221
f 6242//301 6241//301 5299//301
f 6241//302 6240//302 5300//302
f 6240//218 6239//218 5301//218
f 6239//217 6238//217 5302//217
f 6238//216 6237//216 5303//216
f 6237//215 6236//215 5304//215
f 6236//214 6235//214 5305//214
f 5919//75 6361//75 5917//75
f 5919//76 6362//76 6361//76
f 5919//76 5920//76 6362//76
f 6362//77 5920//77 6363//77
f 6363//77 5920//77 5951//77
f 6364//78 5951//78 5950//78
f 6365//79 5950//79 5949//79
f 6366//80 5949//80 5846//80
f 6367//81 5846//81 5823//81
f 6368//82 5823//82 5824//82
f 6369//83 5824//83 5825//83
f 6370//84 5825//84 5826//84
f 6371//85 5826//85 5827//85
f 6372//506 5827//506 5828//506
f 6373//87 5828//87 5829//87
f 6374//517 5829//517 5830//517
f 6375//89 5830//89 5831//89
f 6376//90 5831//90 5832//90
f 6377//142 5832//142 5833//142
f 6378//92 5833//92 5834//92
f 6379//93 5834//93 5835//93
f 6380//94 5835//94 5836//94
f 6381//95 5836//95 5837//95
f 6382//96 5837//96 5838//96
f 6383//97 5838//97 5839//97
f 6384//98 5839//98 5840//98
f 6385//99 5840//99 5841//99
f 6386//100 5841//100 5842//100
f 6387//101 5842//101 5843//101
f 6388//102 5843//102 5844//102
f 6389//103 5844//103 5845//103
f 6390//104 5845//104 5847//104
f 6391//508 5847//508 5848//508
f 6392//509 5848//509 5849//509
f 6393//510 5849//510 5850//510
f 6394//511 5850//511 5851//511
f 6395//109 5851//109 5852//109
f 6396//110 5852//110 5853//110
f 6397//111 5853//111 5854//111
f 6398//112 5854//112 5855//112
f 6399//113 5855//113 5856//113
f 6400//114 5856//114 5857//114
f 6401//115 5857//115 5858//115
f 6402//116 5858//116 5859//116
f 6403//117 5859//117 5860//117
f 6404//513 5860//513 5861//513
f 6405//119 5861//119 5862//119
f 6406//120 5862//120 5863//120
f 6407//141 5863//141 5864//141
f 6408//1753 5864//1753 5865//1753
f 6409//123 5865//123 5866//123
f 6410//124 5866//124 5867//124
f 6411//514 5867//514 5868//514
f 6412//126 5868//126 5869//126
f 6413//127 5869//127 5870//127
f 6414//128 5870//128 5871//128
f 6415//129 5871//129 5872//129
f 6416//535 5872//535 5873//535
f 6417//131 5873//131 5874//131
f 6418//132 5874//132 5875//132
f 6419//133 5875//133 5876//133
f 6420//134 5876//134 5877//134
f 6421//332 5877//332 5878//332
f 6422//136 5878//136 5879//136
f 6423//137 5879//137 5880//137
f 6424//140 5880//140 5881//140
f 6425//11 5881//11 5883//11
f 6426//12 5883//12 5884//12
f 6427//13 5884//13 5885//13
f 6428//14 5885//14 5886//14
f 6429//15 5886//15 5887//15
f 6430//16 5887//16 5888//16
f 6431//17 5888//17 5889//17
f 6432//18 5889//18 5890//18
f 6433//19 5890//19 5891//19
f 6434//20 5891//20 5892//20
f 6435//21 5892//21 5893//21
f 6436//495 5893//495 5894//495
f 6437//23 5894//23 5895//23
f 6438//24 5895//24 5896//24
f 6439//25 5896//25 5897//25
f 6440//26 5897//26 5898//26
f 6441//336 5898//336 5899//336
f 6442//28 5899//28 5900//28
f 6443//29 5900//29 5901//29
f 6444//30 5901//30 5902//30
f 6445//497 5902//497 5903//497
f 6446//32 5903//32 5904//32
f 6447//33 5904//33 5905//33
f 6448//34 5905//34 5906//34
f 6449//35 5906//35 5907//35
f 6450//36 5907//36 5908//36
f 6451//37 5908//37 5909//37
f 6452//38 5909//38 5910//38
f 6453//39 5910//39 5911//39
f 6454//40 5911//40 5912//40
f 6455//498 5912//498 5913//498
f 6456//499 5913//499 5914//499
f 6457//500 5914//500 5915//500
f 6458//501 5915//501 5916//501
f 6459//45 5916//45 5948//45
f 6460//46 5948//46 5947//46
f 6461//47 5947//47 5946//47
f 6462//48 5946//48 5945//48
f 6463//49 5945//49 5944//49
f 6464//50 5944//50 5943//50
f 6465//51 5943//51 5942//51
f 6466//52 5942//52 5941//52
f 6467//53 5941//53 5940//53
f 6468//503 5940//503 5939//503
f 6469//55 5939//55 5938//55
f 6470//56 5938//56 5937//56
f 6471//333 5937//333 5936//333
f 6472//58 5936//58 5935//58
f 6473//59 5935//59 5934//59
f 6474//60 5934//60 5933//60
f 6475//504 5933//504 5932//504
f 6476//62 5932//62 5931//62
f 6477//63 5931//63 5930//63
f 6478//64 5930//64 5929//64
f 6479//65 5929//65 5928//65
f 6480//66 5928//66 5927//66
f 6481//67 5927//67 5926//67
f 6482//68 5926//68 5925//68
f 6483//69 5925//69 5924//69
f 6484//70 5924//70 5923//70
f 6485//144 5923//144 5922//144
f 6486//72 5922//72 5921//72
f 6487//73 5921//73 5918//73
f 6488//334 5918//334 5917//334
f 6361//335 6488//335 5917//335
f 6488//74 6487//74 5918//74
f 6487//73 6486//73 5921//73
f 6486//72 6485//72 5922//72
f 6485//144 6484//144 5923//144
f 6484//70 6483//70 5924//70
f 6483//69 6482//69 5925//69
f 6482//68 6481//68 5926//68
f 6481//67 6480//67 5927//67
f 6480//66 6479//66 5928//66
f 6479//65 6478//65 5929//65
f 6478//64 6477//64 5930//64
f 6477//519 6476//519 5931//519
f 6476//62 6475//62 5932//62
f 6475//504 6474//504 5933//504
f 6474//60 6473//60 5934//60
f 6473//59 6472//59 5935//59
f 6472//58 6471//58 5936//58
f 6471//57 6470//57 5937//57
f 6470//56 6469//56 5938//56
f 6469//55 6468//55 5939//55
f 6468//54 6467//54 5940//54
f 6467//53 6466//53 5941//53
f 6466//52 6465//52 5942//52
f 6465//51 6464//51 5943//51
f 6464//50 6463//50 5944//50
f 6463//49 6462//49 5945//49
f 6462//48 6461//48 5946//48
f 6461//47 6460//47 5947//47
f 6460//46 6459//46 5948//46
f 6459//45 6458//45 5916//45
f 6458//501 6457//501 5915//501
f 6457//500 6456//500 5914//500
f 6456//499 6455//499 5913//499
f 6455//498 6454//498 5912//498
f 6454//40 6453//40 5911//40
f 6453//39 6452//39 5910//39
f 6452//38 6451//38 5909//38
f 6451//37 6450//37 5908//37
f 6450//36 6449//36 5907//36
f 6449//35 6448//35 5906//35
f 6448//34 6447//34 5905//34
f 6447//33 6446//33 5904//33
f 6446//32 6445//32 5903//32
f 6445//497 6444//497 5902//497
f 6444//30 6443//30 5901//30
f 6443//29 6442//29 5900//29
f 6442//28 6441//28 5899//28
f 6441//1754 6440//1754 5898//1754
f 6440//26 6439//26 5897//26
f 6439//25 6438//25 5896//25
f 6438//496 6437//496 5895//496
f 6437//23 6436//23 5894//23
f 6436//22 6435//22 5893//22
f 6435//21 6434//21 5892//21
f 6434//20 6433//20 5891//20
f 6433//536 6432//536 5890//536
f 6432//18 6431//18 5889//18
f 6431//17 6430//17 5888//17
f 6430//16 6429//16 5887//16
f 6429//15 6428//15 5886//15
f 6428//337 6427//337 5885//337
f 6427//13 6426//13 5884//13
f 6426//12 6425//12 5883//12
f 6425//11 6424//11 5881//11
f 6424//140 6423//140 5880//140
f 6423//137 6422//137 5879//137
f 6422//136 6421//136 5878//136
f 6421//135 6420//135 5877//135
f 6420//134 6419//134 5876//134
f 6419//133 6418//133 5875//133
f 6418//132 6417//132 5874//132
f 6417//131 6416//131 5873//131
f 6416//130 6415//130 5872//130
f 6415//129 6414//129 5871//129
f 6414//128 6413//128 5870//128
f 6413//515 6412//515 5869//515
f 6412//126 6411//126 5868//126
f 6411//125 6410//125 5867//125
f 6410//124 6409//124 5866//124
f 6409//123 6408//123 5865//123
f 6408//331 6407//331 5864//331
f 6407//141 6406//141 5863//141
f 6406//120 6405//120 5862//120
f 6405//119 6404//119 5861//119
f 6404//513 6403//513 5860//513
f 6403//117 6402//117 5859//117
f 6402//116 6401//116 5858//116
f 6401//115 6400//115 5857//115
f 6400//114 6399//114 5856//114
f 6399//113 6398//113 5855//113
f 6398//112 6397//112 5854//112
f 6397//111 6396//111 5853//111
f 6396//110 6395//110 5852//110
f 6395//109 6394//109 5851//109
f 6394//511 6393//511 5850//511
f 6393//510 6392//510 5849//510
f 6392//509 6391//509 5848//509
f 6391//508 6390//508 5847//508
f 6390//104 6389//104 5845//104
f 6389//103 6388//103 5844//103
f 6388//102 6387//102 5843//102
f 6387//101 6386//101 5842//101
f 6386//100 6385//100 5841//100
f 6385//99 6384//99 5840//99
f 6384//98 6383//98 5839//98
f 6383//97 6382//97 5838//97
f 6382//96 6381//96 5837//96
f 6381//507 6380//507 5836//507
f 6380//94 6379//94 5835//94
f 6379//93 6378//93 5834//93
f 6378//338 6377//338 5833//338
f 6377//142 6376//142 5832//142
f 6376//90 6375//90 5831//90
f 6375//89 6374//89 5830//89
f 6374//517 6373//517 5829//517
f 6373//87 6372//87 5828//87
f 6372//86 6371//86 5827//86
f 6371//85 6370//85 5826//85
f 6370//84 6369//84 5825//84
f 6369//83 6368//83 5824//83
f 6368//82 6367//82 5823//82
f 6367//81 6366//81 5846//81
f 6366//80 6365//80 5949//80
f 6365//79 6364//79 5950//79
f 6364//78 6363//78 5951//78
f 6165//2 6027//2 6397//2
f 6398//2 6165//2 6397//2
f 6398//2 6399//2 6165//2
f 6165//2 6399//2 6400//2
f 6401//2 6165//2 6400//2
f 6401//2 6402//2 6165//2
f 6165//2 6402//2 6403//2
f 6404//2 6165//2 6403//2
f 6404//2 6405//2 6165//2
f 6165//2 6405//2 6406//2
f 6407//2 6165//2 6406//2
f 6407//2 6408//2 6165//2
f 6165//2 6408//2 6409//2
f 6410//2 6165//2 6409//2
f 6410//2 6411//2 6165//2
f 6165//2 6411//2 6412//2
f 6413//2 6165//2 6412//2
f 6413//2 6414//2 6165//2
f 6165//2 6414//2 6415//2
f 6416//2 6165//2 6415//2
f 6416//2 6417//2 6165//2
f 6165//2 6417//2 6418//2
f 6419//2 6165//2 6418//2
f 6419//2 6420//2 6165//2
f 6165//2 6420//2 6421//2
f 6422//2 6165//2 6421//2
f 6422//2 6423//2 6165//2
f 6165//2 6423//2 6424//2
f 6489//2 6424//2 6425//2
f 6426//2 6489//2 6425//2
f 6426//2 6427//2 6489//2
f 6489//2 6427//2 6428//2
f 6429//2 6489//2 6428//2
f 6429//2 6430//2 6489//2
f 6489//2 6430//2 6431//2
f 6432//2 6489//2 6431//2
f 6432//2 6433//2 6489//2
f 6489//2 6433//2 6434//2
f 6435//2 6489//2 6434//2
f 6435//2 6436//2 6489//2
f 6489//2 6436//2 6437//2
f 6438//2 6489//2 6437//2
f 6438//2 6439//2 6489//2
f 6489//2 6439//2 6440//2
f 6441//2 6489//2 6440//2
f 6441//2 6442//2 6489//2
f 6489//2 6442//2 6443//2
f 6444//2 6489//2 6443//2
f 6444//2 6445//2 6489//2
f 6489//2 6445//2 6446//2
f 6447//2 6489//2 6446//2
f 6447//2 6448//2 6489//2
f 6489//2 6448//2 6449//2
f 6450//2 6489//2 6449//2
f 6450//2 6451//2 6489//2
f 6489//2 6451//2 6452//2
f 6453//2 6489//2 6452//2
f 6453//2 6454//2 6489//2
f 6489//2 6454//2 6455//2
f 6456//2 6489//2 6455//2
f 6456//2 6490//2 6489//2
f 6456//2 6457//2 6490//2
f 6490//2 6457//2 6458//2
f 6459//2 6490//2 6458//2
f 6459//2 6460//2 6490//2
f 6490//2 6460//2 6461//2
f 6462//2 6490//2 6461//2
f 6462//2 6463//2 6490//2
f 6490//2 6463//2 6464//2
f 6465//2 6490//2 6464//2
f 6465//2 6466//2 6490//2
f 6490//2 6466//2 6467//2
f 6468//2 6490//2 6467//2
f 6468//2 6469//2 6490//2
f 6490//2 6469//2 6470//2
f 6471//2 6490//2 6470//2
f 6471//2 6472//2 6490//2
f 6490//2 6472//2 6473//2
f 6474//2 6490//2 6473//2
f 6474//2 6475//2 6490//2
f 6490//2 6475//2 6476//2
f 6477//2 6490//2 6476//2
f 6477//2 6478//2 6490//2
f 6490//2 6478//2 6479//2
f 6480//2 6490//2 6479//2
f 6480//2 6481//2 6490//2
f 6490//2 6481//2 6482//2
f 6483//2 6490//2 6482//2
f 6483//2 6484//2 6490//2
f 6490//2 6484//2 6485//2
f 6486//2 6490//2 6485//2
f 6486//2 6077//2 6490//2
f 6486//2 6487//2 6077//2
f 6077//2 6487//2 6488//2
f 6361//2 6077//2 6488//2
f 6361//2 6362//2 6077//2
f 6077//2 6362//2 6363//2
f 6364//2 6077//2 6363//2
f 6364//2 6365//2 6077//2
f 6077//2 6365//2 6076//2
f 6076//2 6365//2 6366//2
f 6075//2 6366//2 6367//2
f 6074//2 6367//2 6073//2
f 6074//2 6075//2 6367//2
f 6031//2 6394//2 6030//2
f 6031//2 6032//2 6394//2
f 6394//2 6032//2 6033//2
f 6034//2 6394//2 6033//2
f 6034//2 6393//2 6394//2
f 6034//2 6035//2 6393//2
f 6393//2 6035//2 6036//2
f 6392//2 6036//2 6037//2
f 6038//2 6392//2 6037//2
f 6038//2 6039//2 6392//2
f 6392//2 6039//2 6391//2
f 6391//2 6039//2 6040//2
f 6041//2 6391//2 6040//2
f 6041//2 6390//2 6391//2
f 6041//2 6042//2 6390//2
f 6390//2 6042//2 6389//2
f 6389//2 6042//2 6388//2
f 6388//2 6042//2 6387//2
f 6387//2 6042//2 6043//2
f 6386//2 6043//2 6044//2
f 6385//2 6044//2 6384//2
f 6385//2 6386//2 6044//2
f 6030//2 6395//2 6029//2
f 6030//2 6394//2 6395//2
f 6044//2 6045//2 6384//2
f 6384//2 6045//2 6046//2
f 6383//2 6046//2 6047//2
f 6382//2 6047//2 6048//2
f 6381//2 6048//2 6049//2
f 6050//2 6381//2 6049//2
f 6050//2 6051//2 6381//2
f 6381//2 6051//2 6052//2
f 6053//2 6381//2 6052//2
f 6053//2 6054//2 6381//2
f 6381//2 6054//2 6055//2
f 6056//2 6381//2 6055//2
f 6056//2 6057//2 6381//2
f 6381//2 6057//2 6380//2
f 6380//2 6057//2 6058//2
f 6059//2 6380//2 6058//2
f 6059//2 6379//2 6380//2
f 6059//2 6378//2 6379//2
f 6059//2 6377//2 6378//2
f 6059//2 6376//2 6377//2
f 6059//2 6375//2 6376//2
f 6059//2 6060//2 6375//2
f 6375//2 6060//2 6061//2
f 6374//2 6061//2 6062//2
f 6063//2 6374//2 6062//2
f 6063//2 6373//2 6374//2
f 6063//2 6064//2 6373//2
f 6373//2 6064//2 6065//2
f 6372//2 6065//2 6066//2
f 6067//2 6372//2 6066//2
f 6067//2 6068//2 6372//2
f 6372//2 6068//2 6371//2
f 6371//2 6068//2 6370//2
f 6370//2 6068//2 6369//2
f 6369//2 6068//2 6368//2
f 6368//2 6068//2 6367//2
f 6367//2 6068//2 6069//2
f 6070//2 6367//2 6069//2
f 6070//2 6071//2 6367//2
f 6367//2 6071//2 6072//2
f 6073//2 6367//2 6072//2
f 6075//2 6076//2 6366//2
f 6489//2 6165//2 6424//2
f 6372//2 6373//2 6065//2
f 6374//2 6375//2 6061//2
f 6381//2 6382//2 6048//2
f 6382//2 6383//2 6047//2
f 6383//2 6384//2 6046//2
f 6386//2 6387//2 6043//2
f 6392//2 6393//2 6036//2
f 6395//2 6396//2 6029//2
f 6029//2 6396//2 6028//2
f 6028//2 6396//2 6397//2
f 6027//2 6028//2 6397//2
f 6080//1 6289//1 6079//1
f 6080//1 6081//1 6289//1
f 6289//1 6081//1 6082//1
f 6083//1 6289//1 6082//1
f 6083//1 6084//1 6289//1
f 6289//1 6084//1 6085//1
f 6086//1 6289//1 6085//1
f 6086//1 6288//1 6289//1
f 6086//1 6287//1 6288//1
f 6086//1 6286//1 6287//1
f 6086//1 6285//1 6286//1
f 6086//1 6284//1 6285//1
f 6086//1 6087//1 6284//1
f 6284//1 6087//1 6088//1
f 6089//1 6284//1 6088//1
f 6089//1 6283//1 6284//1
f 6089//1 6090//1 6283//1
f 6283//1 6090//1 6091//1
f 6282//1 6091//1 6092//1
f 6093//1 6282//1 6092//1
f 6093//1 6281//1 6282//1
f 6093//1 6094//1 6281//1
f 6281//1 6094//1 6280//1
f 6280//1 6094//1 6279//1
f 6279//1 6094//1 6278//1
f 6278//1 6094//1 6277//1
f 6277//1 6094//1 6276//1
f 6276//1 6094//1 6095//1
f 6096//1 6276//1 6095//1
f 6096//1 6097//1 6276//1
f 6276//1 6097//1 6098//1
f 6099//1 6276//1 6098//1
f 6099//1 6100//1 6276//1
f 6276//1 6100//1 6101//1
f 5953//1 6276//1 6101//1
f 5953//1 5952//1 6276//1
f 6276//1 5952//1 5954//1
f 6275//1 5954//1 5955//1
f 5956//1 6275//1 5955//1
f 5956//1 6274//1 6275//1
f 5956//1 5957//1 6274//1
f 6274//1 5957//1 6273//1
f 6273//1 5957//1 5958//1
f 6272//1 5958//1 5959//1
f 5960//1 6272//1 5959//1
f 5960//1 6271//1 6272//1
f 5960//1 6270//1 6271//1
f 5960//1 5961//1 6270//1
f 6270//1 5961//1 6269//1
f 6269//1 5961//1 5962//1
f 6268//1 5962//1 6267//1
f 6268//1 6269//1 5962//1
f 6079//1 6290//1 6078//1
f 6079//1 6289//1 6290//1
f 6267//1 5962//1 6266//1
f 6266//1 5962//1 5963//1
f 6265//1 5963//1 5964//1
f 5965//1 6265//1 5964//1
f 5965//1 6264//1 6265//1
f 5965//1 5966//1 6264//1
f 6264//1 5966//1 5967//1
f 5968//1 6264//1 5967//1
f 5968//1 6263//1 6264//1
f 5968//1 5969//1 6263//1
f 6263//1 5969//1 5970//1
f 6262//1 5970//1 5971//1
f 5972//1 6262//1 5971//1
f 5972//1 5973//1 6262//1
f 6262//1 5973//1 5974//1
f 6261//1 5974//1 5975//1
f 6260//1 5975//1 5976//1
f 6259//1 5976//1 5977//1
f 6102//1 6259//1 5977//1
f 6102//1 6258//1 6259//1
f 6102//1 6257//1 6258//1
f 6102//1 6256//1 6257//1
f 6102//1 6255//1 6256//1
f 6102//1 6254//1 6255//1
f 6102//1 6253//1 6254//1
f 6102//1 6252//1 6253//1
f 6102//1 6251//1 6252//1
f 6102//1 6250//1 6251//1
f 6102//1 6249//1 6250//1
f 6102//1 6248//1 6249//1
f 6102//1 6247//1 6248//1
f 6102//1 6246//1 6247//1
f 6102//1 6245//1 6246//1
f 6102//1 6244//1 6245//1
f 6102//1 6243//1 6244//1
f 6102//1 6242//1 6243//1
f 6102//1 6241//1 6242//1
f 6102//1 6240//1 6241//1
f 6102//1 6239//1 6240//1
f 6102//1 6238//1 6239//1
f 6102//1 6237//1 6238//1
f 6102//1 6236//1 6237//1
f 6102//1 6235//1 6236//1
f 6102//1 6234//1 6235//1
f 6102//1 6233//1 6234//1
f 6102//1 6360//1 6233//1
f 6102//1 6491//1 6360//1
f 6360//1 6491//1 6359//1
f 6359//1 6491//1 6358//1
f 6358//1 6491//1 6357//1
f 6357//1 6491//1 6356//1
f 6356//1 6491//1 6355//1
f 6355//1 6491//1 6354//1
f 6354//1 6491//1 6353//1
f 6353//1 6491//1 6352//1
f 6352//1 6491//1 6351//1
f 6351//1 6491//1 6350//1
f 6350//1 6491//1 6349//1
f 6349//1 6491//1 6348//1
f 6348//1 6491//1 6347//1
f 6347//1 6491//1 6346//1
f 6346//1 6491//1 6345//1
f 6345//1 6491//1 6344//1
f 6344//1 6491//1 6343//1
f 6343//1 6491//1 6342//1
f 6342//1 6491//1 6341//1
f 6341//1 6491//1 6340//1
f 6340//1 6491//1 6339//1
f 6339//1 6491//1 6338//1
f 6338//1 6491//1 6337//1
f 6337//1 6491//1 6336//1
f 6336//1 6491//1 6335//1
f 6335//1 6491//1 6334//1
f 6334//1 6491//1 6333//1
f 6333//1 6491//1 6332//1
f 6332//1 6491//1 6331//1
f 6331//1 6491//1 6330//1
f 6330//1 6491//1 6329//1
f 6329//1 6491//1 6328//1
f 6328//1 6491//1 6490//1
f 6327//1 6490//1 6326//1
f 6327//1 6328//1 6490//1
f 6296//1 6297//1 6077//1
f 6295//1 6077//1 6294//1
f 6295//1 6296//1 6077//1
f 6259//1 6260//1 5976//1
f 6260//1 6261//1 5975//1
f 6261//1 6262//1 5974//1
f 6262//1 6263//1 5970//1
f 6265//1 6266//1 5963//1
f 6272//1 6273//1 5958//1
f 6275//1 6276//1 5954//1
f 6282//1 6283//1 6091//1
f 6290//1 6291//1 6078//1
f 6078//1 6291//1 6077//1
f 6077//1 6291//1 6292//1
f 6293//1 6077//1 6292//1
f 6293//1 6294//1 6077//1
f 6297//1 6298//1 6077//1
f 6077//1 6298//1 6490//1
f 6490//1 6298//1 6299//1
f 6300//1 6490//1 6299//1
f 6300//1 6301//1 6490//1
f 6490//1 6301//1 6302//1
f 6303//1 6490//1 6302//1
f 6303//1 6304//1 6490//1
f 6490//1 6304//1 6305//1
f 6306//1 6490//1 6305//1
f 6306//1 6307//1 6490//1
f 6490//1 6307//1 6308//1
f 6309//1 6490//1 6308//1
f 6309//1 6310//1 6490//1
f 6490//1 6310//1 6311//1
f 6312//1 6490//1 6311//1
f 6312//1 6313//1 6490//1
f 6490//1 6313//1 6314//1
f 6315//1 6490//1 6314//1
f 6315//1 6316//1 6490//1
f 6490//1 6316//1 6317//1
f 6318//1 6490//1 6317//1
f 6318//1 6319//1 6490//1
f 6490//1 6319//1 6320//1
f 6321//1 6490//1 6320//1
f 6321//1 6322//1 6490//1
f 6490//1 6322//1 6323//1
f 6324//1 6490//1 6323//1
f 6324//1 6325//1 6490//1
f 6490//1 6325//1 6326//1
f 6102//3 6132//3 6491//3
f 6491//3 6132//3 6492//3
f 6132//4 6165//4 6492//4
f 6492//4 6165//4 6489//4
f 6492//8 6489//8 6491//8
f 6491//8 6489//8 6490//8
f 6493//1655 6494//1655 2397//1655
f 2396//1755 6493//1755 2397//1755
f 2396//1653 6495//1653 6493//1653
f 2396//1756 6496//1756 6495//1756
f 2396//1704 2395//1704 6496//1704
f 6496//1757 2395//1757 6497//1757
f 6497//1650 2395//1650 6498//1650
f 6498//1649 2395//1649 2394//1649
f 6499//1758 2394//1758 6500//1758
f 6499//1648 6498//1648 2394//1648
f 2394//1705 2393//1705 6500//1705
f 6500//1646 2393//1646 6501//1646
f 6501//1759 2393//1759 6502//1759
f 6502//1644 2393//1644 2392//1644
f 6503//1760 2392//1760 6504//1760
f 6503//1761 6502//1761 2392//1761
f 2392//1641 2391//1641 6504//1641
f 6504//1640 2391//1640 6505//1640
f 6505//1762 2391//1762 6506//1762
f 6506//1763 2391//1763 6507//1763
f 6507//1706 2391//1706 2390//1706
f 6508//1764 2390//1764 2389//1764
f 6509//1765 2389//1765 2388//1765
f 6510//1634 2388//1634 2387//1634
f 2386//1633 6510//1633 2387//1633
f 2386//1632 6511//1632 6510//1632
f 2386//1766 2385//1766 6511//1766
f 6511//1767 2385//1767 2384//1767
f 6512//1628 2384//1628 2383//1628
f 2382//1627 6512//1627 2383//1627
f 2382//1768 6513//1768 6512//1768
f 2382//1624 2380//1624 6513//1624
f 6513//1769 2380//1769 2379//1769
f 6514//1622 2379//1622 2378//1622
f 2377//1770 6514//1770 2378//1770
f 2377//1771 6515//1771 6514//1771
f 2377//1618 2376//1618 6515//1618
f 6515//1772 2376//1772 2375//1772
f 6516//1773 2375//1773 2374//1773
f 2373//1615 6516//1615 2374//1615
f 2373//1614 6517//1614 6516//1614
f 2373//1612 2372//1612 6517//1612
f 6517//1613 2372//1613 2371//1613
f 6518//1610 2371//1610 2370//1610
f 2369//1609 6518//1609 2370//1609
f 2369//1608 6519//1608 6518//1608
f 2369//1774 2368//1774 6519//1774
f 6519//1775 2368//1775 2367//1775
f 6520//1776 2367//1776 2365//1776
f 2364//1603 6520//1603 2365//1603
f 2364//1602 6521//1602 6520//1602
f 2364//1777 2363//1777 6521//1777
f 6521//1778 2363//1778 2362//1778
f 6522//1779 2362//1779 2361//1779
f 6523//1780 2361//1780 2360//1780
f 6524//1711 2360//1711 2359//1711
f 6525//1781 2359//1781 2358//1781
f 6526//1782 2358//1782 2357//1782
f 6527//1783 2357//1783 2356//1783
f 6528//1784 2356//1784 2355//1784
f 6529//1716 2355//1716 2354//1716
f 6530//1785 2354//1785 2353//1785
f 6531//1786 2353//1786 2352//1786
f 6532//1719 2352//1719 2351//1719
f 6533//1787 2351//1787 6534//1787
f 6533//1788 6532//1788 2351//1788
f 2351//1789 2350//1789 6534//1789
f 6534//1790 2350//1790 6535//1790
f 6535//1584 2350//1584 6536//1584
f 6536//1720 2350//1720 2349//1720
f 6537//1582 2349//1582 6538//1582
f 6537//1791 6536//1791 2349//1791
f 2349//1581 2348//1581 6538//1581
f 6538//1792 2348//1792 6539//1792
f 6539//1579 2348//1579 6540//1579
f 6540//1721 2348//1721 2347//1721
f 6541//1577 2347//1577 6542//1577
f 6541//1578 6540//1578 2347//1578
f 2347//1576 2346//1576 6542//1576
f 6542//1793 2346//1793 6543//1793
f 6543//1574 2346//1574 6544//1574
f 6544//1722 2346//1722 2345//1722
f 6545//1794 2345//1794 6546//1794
f 6545//1795 6544//1795 2345//1795
f 2345//1796 2344//1796 6546//1796
f 6546//1797 2344//1797 6547//1797
f 6547//1569 2344//1569 6548//1569
f 6548//1798 2344//1798 2343//1798
f 6549//1567 2343//1567 6550//1567
f 6549//1799 6548//1799 2343//1799
f 2343//1566 2342//1566 6550//1566
f 6550//1800 2342//1800 6551//1800
f 6551//1801 2342//1801 6552//1801
f 6552//1802 2342//1802 2341//1802
f 6553//1562 2341//1562 6554//1562
f 6553//1563 6552//1563 2341//1563
f 2341//1561 2340//1561 6554//1561
f 6554//1803 2340//1803 6555//1803
f 6555//1804 2340//1804 6556//1804
f 6556//1725 2340//1725 2339//1725
f 6557//1726 2339//1726 2338//1726
f 6558//1805 2338//1805 2337//1805
f 6559//1555 2337//1555 2336//1555
f 2335//1806 6559//1806 2336//1806
f 2335//1807 2334//1807 6559//1807
f 6559//1808 2334//1808 6560//1808
f 6560//1809 2334//1809 2333//1809
f 2332//1550 6560//1550 2333//1550
f 2332//1810 6561//1810 6560//1810
f 2332//1811 2331//1811 6561//1811
f 6561//1812 2331//1812 2330//1812
f 6562//1813 2330//1813 2328//1813
f 2327//1814 6562//1814 2328//1814
f 2327//1543 6563//1543 6562//1543
f 2327//1815 2326//1815 6563//1815
f 6563//1816 2326//1816 2325//1816
f 6564//1539 2325//1539 2324//1539
f 2323//1817 6564//1817 2324//1817
f 2323//1818 6565//1818 6564//1818
f 2323//1819 2322//1819 6565//1819
f 6565//1820 2322//1820 2321//1820
f 6566//1533 2321//1533 2320//1533
f 2319//1821 6566//1821 2320//1821
f 2319//1531 6567//1531 6566//1531
f 2319//1822 2318//1822 6567//1822
f 6567//1823 2318//1823 2317//1823
f 6568//1824 2317//1824 2316//1824
f 2315//1825 6568//1825 2316//1825
f 2315//1525 6569//1525 6568//1525
f 2315//1826 2314//1826 6569//1826
f 6569//1827 2314//1827 2313//1827
f 6570//1521 2313//1521 2311//1521
f 2310//1520 6570//1520 2311//1520
f 2310//1828 6571//1828 6570//1828
f 2310//1517 2309//1517 6571//1517
f 6571//1829 2309//1829 2308//1829
f 6572//1830 2308//1830 2307//1830
f 2306//1514 6572//1514 2307//1514
f 2306//1513 2305//1513 6572//1513
f 6572//1831 2305//1831 6573//1831
f 6573//1832 2305//1832 2304//1832
f 2303//1511 6573//1511 2304//1511
f 2303//1833 6574//1833 6573//1833
f 2303//1728 2302//1728 6574//1728
f 6574//1834 2302//1834 6575//1834
f 6575//1729 2302//1729 2301//1729
f 6576//1730 2301//1730 2300//1730
f 6577//1505 2300//1505 6578//1505
f 6577//1506 6576//1506 2300//1506
f 2300//1504 2299//1504 6578//1504
f 6578//1835 2299//1835 6579//1835
f 6579//1836 2299//1836 6580//1836
f 6580//1837 2299//1837 2298//1837
f 6581//1500 2298//1500 6582//1500
f 6581//1838 6580//1838 2298//1838
f 2298//1839 2297//1839 6582//1839
f 6582//1498 2297//1498 6583//1498
f 6583//1497 2297//1497 6584//1497
f 6584//1840 2297//1840 2296//1840
f 6585//1841 2296//1841 6586//1841
f 6585//1496 6584//1496 2296//1496
f 2296//1494 2294//1494 6586//1494
f 6586//1493 2294//1493 6587//1493
f 6587//1842 2294//1842 6588//1842
f 6588//1843 2294//1843 2293//1843
f 6589//1844 2293//1844 6590//1844
f 6589//1845 6588//1845 2293//1845
f 2293//1489 2705//1489 6590//1489
f 6590//1846 2705//1846 6591//1846
f 6591//1847 2705//1847 6592//1847
f 6592//1734 2705//1734 2704//1734
f 6593//1485 2704//1485 6594//1485
f 6593//1486 6592//1486 2704//1486
f 2704//1484 2703//1484 6594//1484
f 6594//1848 2703//1848 6595//1848
f 6595//1849 2703//1849 6596//1849
f 6596//1850 2703//1850 2702//1850
f 6597//1851 2702//1851 6598//1851
f 6597//1481 6596//1481 2702//1481
f 2702//1852 2701//1852 6598//1852
f 6598//1853 2701//1853 6599//1853
f 6599//1854 2701//1854 6600//1854
f 6600//1736 2701//1736 2700//1736
f 6601//1855 2700//1855 2699//1855
f 6602//1856 2699//1856 2698//1856
f 6603//1739 2698//1739 2697//1739
f 6604//1857 2697//1857 2696//1857
f 6605//1858 2696//1858 2695//1858
f 6606//1859 2695//1859 2694//1859
f 6607//1860 2694//1860 2693//1860
f 6608//1861 2693//1861 2692//1861
f 6609//1862 2692//1862 2691//1862
f 6610//1863 2691//1863 2690//1863
f 6611//1864 2690//1864 2689//1864
f 2688//1865 6611//1865 2689//1865
f 2688//1866 6612//1866 6611//1866
f 2688//1867 2687//1867 6612//1867
f 6612//1462 2687//1462 2686//1462
f 6613//1868 2686//1868 2685//1868
f 2684//1869 6613//1869 2685//1869
f 2684//1457 6614//1457 6613//1457
f 2684//1870 2683//1870 6614//1870
f 6614//1455 2683//1455 2682//1455
f 6615//1453 2682//1453 2681//1453
f 2680//1747 6615//1747 2681//1747
f 2680//1748 6616//1748 6615//1748
f 2680//1701 2679//1701 6616//1701
f 6616//1871 2679//1871 2678//1871
f 6617//1699 2678//1699 2677//1699
f 2676//1872 6617//1872 2677//1872
f 2676//1873 6618//1873 6617//1873
f 2676//1874 2675//1874 6618//1874
f 6618//1696 2675//1696 2674//1696
f 6619//1693 2674//1693 2673//1693
f 2672//1875 6619//1875 2673//1875
f 2672//1876 6620//1876 6619//1876
f 2672//1689 2671//1689 6620//1689
f 6620//1877 2671//1877 2670//1877
f 6621//1878 2670//1878 2669//1878
f 2668//1879 6621//1879 2669//1879
f 2668//1685 6622//1685 6621//1685
f 2668//1683 2667//1683 6622//1683
f 6622//1684 2667//1684 2666//1684
f 6623//1749 2666//1749 2665//1749
f 6624//1680 2665//1680 2664//1680
f 6625//1678 2664//1678 2663//1678
f 6626//1880 2663//1880 6627//1880
f 6626//1677 6625//1677 2663//1677
f 2663//1675 2662//1675 6627//1675
f 6627//1674 2662//1674 6628//1674
f 6628//1881 2662//1881 6629//1881
f 6629//1882 2662//1882 6630//1882
f 6630//1883 2662//1883 2661//1883
f 6631//1670 2661//1670 6632//1670
f 6631//1884 6630//1884 2661//1884
f 2661//1885 2660//1885 6632//1885
f 6632//1886 2660//1886 6633//1886
f 6633//1887 2660//1887 6634//1887
f 6634//1751 2660//1751 2659//1751
f 6635//1888 2659//1888 6636//1888
f 6635//1889 6634//1889 2659//1889
f 2659//1890 2658//1890 6636//1890
f 6636//1891 2658//1891 6637//1891
f 6637//1892 2658//1892 6638//1892
f 6638//1893 2658//1893 2657//1893
f 6639//1660 2657//1660 6640//1660
f 6639//1894 6638//1894 2657//1894
f 2657//1659 2398//1659 6640//1659
f 6640//1658 2398//1658 6641//1658
f 6641//1895 2398//1895 6642//1895
f 6642//1896 2398//1896 2397//1896
f 6494//1897 6642//1897 2397//1897
f 6566//1898 6565//1898 2321//1898
f 6564//1540 6563//1540 2325//1540
f 6562//1899 6561//1899 2330//1899
f 6559//1900 6558//1900 2337//1900
f 6558//1901 6557//1901 2338//1901
f 6557//1558 6556//1558 2339//1558
f 6532//1902 6531//1902 2352//1902
f 6531//1590 6530//1590 2353//1590
f 6530//1903 6529//1903 2354//1903
f 6529//1904 6528//1904 2355//1904
f 6528//1905 6527//1905 2356//1905
f 6527//1906 6526//1906 2357//1906
f 6526//1907 6525//1907 2358//1907
f 6525//1596 6524//1596 2359//1596
f 6524//1908 6523//1908 2360//1908
f 6523//1909 6522//1909 2361//1909
f 6522//1599 6521//1599 2362//1599
f 6520//1605 6519//1605 2367//1605
f 6518//1611 6517//1611 2371//1611
f 6516//1910 6515//1910 2375//1910
f 6514//1911 6513//1911 2379//1911
f 6512//1912 6511//1912 2384//1912
f 6510//1635 6509//1635 2388//1635
f 6509//1913 6508//1913 2389//1913
f 6508//1637 6507//1637 2390//1637
f 6625//1679 6624//1679 2664//1679
f 6624//1681 6623//1681 2665//1681
f 6623//1682 6622//1682 2666//1682
f 6621//1688 6620//1688 2670//1688
f 6619//1694 6618//1694 2674//1694
f 6617//1700 6616//1700 2678//1700
f 6615//1454 6614//1454 2682//1454
f 6613//1914 6612//1914 2686//1914
f 6611//1466 6610//1466 2690//1466
f 6610//1467 6609//1467 2691//1467
f 6609//1915 6608//1915 2692//1915
f 6608//1916 6607//1916 2693//1916
f 6607//1917 6606//1917 2694//1917
f 6606//1918 6605//1918 2695//1918
f 6605//1919 6604//1919 2696//1919
f 6604//1920 6603//1920 2697//1920
f 6603//1474 6602//1474 2698//1474
f 6602//1921 6601//1921 2699//1921
f 6601//1922 6600//1922 2700//1922
f 6576//1507 6575//1507 2301//1507
f 6572//1516 6571//1516 2308//1516
f 6570//1522 6569//1522 2313//1522
f 6568//1923 6567//1923 2317//1923
f 6619//8 6643//8 6618//8
f 6619//8 6620//8 6643//8
f 6643//8 6620//8 6644//8
f 6644//8 6620//8 6621//8
f 6645//8 6621//8 6622//8
f 6646//8 6622//8 6623//8
f 6624//8 6646//8 6623//8
f 6624//8 6647//8 6646//8
f 6624//8 6625//8 6647//8
f 6647//8 6625//8 6626//8
f 6648//8 6626//8 6627//8
f 6628//8 6648//8 6627//8
f 6628//8 6649//8 6648//8
f 6628//8 6629//8 6649//8
f 6649//8 6629//8 6630//8
f 6631//8 6649//8 6630//8
f 6631//8 6650//8 6649//8
f 6631//8 6632//8 6650//8
f 6650//8 6632//8 6633//8
f 6651//8 6633//8 6634//8
f 6635//8 6651//8 6634//8
f 6635//8 6652//8 6651//8
f 6635//8 6636//8 6652//8
f 6652//8 6636//8 6653//8
f 6653//8 6636//8 6654//8
f 6654//8 6636//8 6655//8
f 6655//8 6636//8 6637//8
f 6656//8 6637//8 6657//8
f 6656//8 6655//8 6637//8
f 6618//8 6658//8 6617//8
f 6618//8 6643//8 6658//8
f 6638//8 6659//8 6637//8
f 6638//8 6639//8 6659//8
f 6659//8 6639//8 6640//8
f 6641//8 6659//8 6640//8
f 6641//8 6642//8 6659//8
f 6659//8 6642//8 6494//8
f 6493//8 6659//8 6494//8
f 6493//8 6495//8 6659//8
f 6659//8 6495//8 6496//8
f 6497//8 6659//8 6496//8
f 6497//8 6498//8 6659//8
f 6659//8 6498//8 6499//8
f 6500//8 6659//8 6499//8
f 6500//8 6501//8 6659//8
f 6659//8 6501//8 6660//8
f 6660//8 6501//8 6502//8
f 6661//8 6502//8 6662//8
f 6661//8 6660//8 6502//8
f 6662//8 6502//8 6663//8
f 6663//8 6502//8 6503//8
f 6664//8 6503//8 6504//8
f 6505//8 6664//8 6504//8
f 6505//8 6665//8 6664//8
f 6505//8 6506//8 6665//8
f 6665//8 6506//8 6507//8
f 6666//8 6507//8 6508//8
f 6509//8 6666//8 6508//8
f 6509//8 6510//8 6666//8
f 6666//8 6510//8 6511//8
f 6512//8 6666//8 6511//8
f 6512//8 6667//8 6666//8
f 6512//8 6513//8 6667//8
f 6667//8 6513//8 6514//8
f 6515//8 6667//8 6514//8
f 6515//8 6516//8 6667//8
f 6667//8 6516//8 6668//8
f 6669//8 6668//8 6670//8
f 6669//8 6667//8 6668//8
f 6671//8 6672//8 6673//8
f 6674//8 6673//8 6675//8
f 6674//8 6671//8 6673//8
f 6676//8 6677//8 6678//8
f 6679//8 6678//8 6680//8
f 6679//8 6676//8 6678//8
f 6681//8 6682//8 6616//8
f 6683//8 6616//8 6684//8
f 6683//8 6681//8 6616//8
f 6664//8 6663//8 6503//8
f 6659//8 6685//8 6637//8
f 6637//8 6685//8 6686//8
f 6687//8 6637//8 6686//8
f 6687//8 6688//8 6637//8
f 6637//8 6688//8 6657//8
f 6651//8 6650//8 6633//8
f 6648//8 6647//8 6626//8
f 6646//8 6645//8 6622//8
f 6645//8 6644//8 6621//8
f 6658//8 6689//8 6617//8
f 6617//8 6689//8 6616//8
f 6616//8 6689//8 6690//8
f 6691//8 6616//8 6690//8
f 6691//8 6684//8 6616//8
f 6682//8 6692//8 6616//8
f 6616//8 6692//8 6678//8
f 6678//8 6692//8 6693//8
f 6694//8 6678//8 6693//8
f 6694//8 6695//8 6678//8
f 6678//8 6695//8 6696//8
f 6697//8 6678//8 6696//8
f 6697//8 6698//8 6678//8
f 6678//8 6698//8 6699//8
f 6700//8 6678//8 6699//8
f 6700//8 6701//8 6678//8
f 6678//8 6701//8 6702//8
f 6703//8 6678//8 6702//8
f 6703//8 6704//8 6678//8
f 6678//8 6704//8 6705//8
f 6706//8 6678//8 6705//8
f 6706//8 6707//8 6678//8
f 6678//8 6707//8 6708//8
f 6709//8 6678//8 6708//8
f 6709//8 6710//8 6678//8
f 6678//8 6710//8 6711//8
f 6712//8 6678//8 6711//8
f 6712//8 6713//8 6678//8
f 6678//8 6713//8 6714//8
f 6715//8 6678//8 6714//8
f 6715//8 6716//8 6678//8
f 6678//8 6716//8 6717//8
f 6680//8 6678//8 6717//8
f 6677//8 6718//8 6678//8
f 6678//8 6718//8 6673//8
f 6673//8 6718//8 6719//8
f 6720//8 6673//8 6719//8
f 6720//8 6721//8 6673//8
f 6673//8 6721//8 6722//8
f 6723//8 6673//8 6722//8
f 6723//8 6724//8 6673//8
f 6673//8 6724//8 6725//8
f 6726//8 6673//8 6725//8
f 6726//8 6727//8 6673//8
f 6673//8 6727//8 6728//8
f 6729//8 6673//8 6728//8
f 6729//8 6730//8 6673//8
f 6673//8 6730//8 6731//8
f 6732//8 6673//8 6731//8
f 6732//8 6733//8 6673//8
f 6673//8 6733//8 6734//8
f 6735//8 6673//8 6734//8
f 6735//8 6736//8 6673//8
f 6673//8 6736//8 6737//8
f 6738//8 6673//8 6737//8
f 6738//8 6739//8 6673//8
f 6673//8 6739//8 6740//8
f 6741//8 6673//8 6740//8
f 6741//8 6742//8 6673//8
f 6673//8 6742//8 6743//8
f 6744//8 6673//8 6743//8
f 6744//8 6745//8 6673//8
f 6673//8 6745//8 6675//8
f 6672//8 6746//8 6673//8
f 6673//8 6746//8 6668//8
f 6668//8 6746//8 6747//8
f 6748//8 6668//8 6747//8
f 6748//8 6749//8 6668//8
f 6668//8 6749//8 6750//8
f 6751//8 6668//8 6750//8
f 6751//8 6752//8 6668//8
f 6668//8 6752//8 6753//8
f 6754//8 6668//8 6753//8
f 6754//8 6755//8 6668//8
f 6668//8 6755//8 6756//8
f 6757//8 6668//8 6756//8
f 6757//8 6758//8 6668//8
f 6668//8 6758//8 6759//8
f 6760//8 6668//8 6759//8
f 6760//8 6761//8 6668//8
f 6668//8 6761//8 6762//8
f 6763//8 6668//8 6762//8
f 6763//8 6764//8 6668//8
f 6668//8 6764//8 6765//8
f 6766//8 6668//8 6765//8
f 6766//8 6767//8 6668//8
f 6668//8 6767//8 6768//8
f 6769//8 6668//8 6768//8
f 6769//8 6770//8 6668//8
f 6668//8 6770//8 6771//8
f 6772//8 6668//8 6771//8
f 6772//8 6773//8 6668//8
f 6668//8 6773//8 6670//8
f 6666//8 6665//8 6507//8
f 4586//339 6664//339 4585//339
f 4586//340 6663//340 6664//340
f 4586//340 4587//340 6663//340
f 6663//341 4587//341 6662//341
f 6662//341 4587//341 4588//341
f 6661//342 4588//342 4589//342
f 6660//343 4589//343 4590//343
f 6659//344 4590//344 4591//344
f 6685//345 4591//345 4592//345
f 6686//346 4592//346 4593//346
f 6687//347 4593//347 4594//347
f 6688//348 4594//348 4595//348
f 6657//349 4595//349 4596//349
f 6656//350 4596//350 4597//350
f 6655//351 4597//351 4598//351
f 6654//352 4598//352 4599//352
f 6653//353 4599//353 4600//353
f 6652//354 4600//354 4601//354
f 6651//355 4601//355 4602//355
f 6650//356 4602//356 4603//356
f 6649//357 4603//357 4604//357
f 6648//358 4604//358 4605//358
f 6647//359 4605//359 4606//359
f 6646//360 4606//360 4607//360
f 6645//361 4607//361 4608//361
f 6644//362 4608//362 4609//362
f 6643//363 4609//363 4583//363
f 6658//364 4583//364 4582//364
f 6689//365 4582//365 4581//365
f 6690//366 4581//366 4580//366
f 6691//367 4580//367 4579//367
f 6684//368 4579//368 4578//368
f 6683//369 4578//369 4577//369
f 6681//370 4577//370 4576//370
f 6682//371 4576//371 4575//371
f 6692//372 4575//372 4574//372
f 6693//373 4574//373 4573//373
f 6694//374 4573//374 4572//374
f 6695//375 4572//375 4571//375
f 6696//376 4571//376 4570//376
f 6697//377 4570//377 4569//377
f 6698//378 4569//378 4568//378
f 6699//379 4568//379 4567//379
f 6700//380 4567//380 4566//380
f 6701//381 4566//381 4565//381
f 6702//382 4565//382 4564//382
f 6703//383 4564//383 4563//383
f 6704//384 4563//384 4562//384
f 6705//385 4562//385 4561//385
f 6706//386 4561//386 4560//386
f 6707//387 4560//387 4559//387
f 6708//388 4559//388 4558//388
f 6709//389 4558//389 4557//389
f 6710//390 4557//390 4556//390
f 6711//391 4556//391 4555//391
f 6712//392 4555//392 4554//392
f 6713//393 4554//393 4553//393
f 6714//394 4553//394 4552//394
f 6715//395 4552//395 4551//395
f 6716//396 4551//396 4550//396
f 6717//397 4550//397 4549//397
f 6680//398 4549//398 4548//398
f 6679//399 4548//399 4547//399
f 6676//400 4547//400 4546//400
f 6677//401 4546//401 4545//401
f 6718//402 4545//402 4543//402
f 6719//403 4543//403 4542//403
f 6720//404 4542//404 4541//404
f 6721//405 4541//405 4540//405
f 6722//406 4540//406 4539//406
f 6723//407 4539//407 4538//407
f 6724//408 4538//408 4537//408
f 6725//409 4537//409 4536//409
f 6726//410 4536//410 4535//410
f 6727//411 4535//411 4534//411
f 6728//412 4534//412 4533//412
f 6729//413 4533//413 4532//413
f 6730//414 4532//414 4531//414
f 6731//415 4531//415 4530//415
f 6732//416 4530//416 4529//416
f 6733//417 4529//417 4528//417
f 6734//418 4528//418 4527//418
f 6735//419 4527//419 4526//419
f 6736//420 4526//420 4525//420
f 6737//421 4525//421 4524//421
f 6738//422 4524//422 4523//422
f 6739//423 4523//423 4522//423
f 6740//424 4522//424 4521//424
f 6741//425 4521//425 4520//425
f 6742//426 4520//426 4519//426
f 6743//427 4519//427 4518//427
f 6744//428 4518//428 4517//428
f 6745//429 4517//429 4516//429
f 6675//430 4516//430 4515//430
f 6674//431 4515//431 4514//431
f 6671//432 4514//432 4513//432
f 6672//433 4513//433 4512//433
f 6746//434 4512//434 4510//434
f 6747//435 4510//435 4509//435
f 6748//436 4509//436 4508//436
f 6749//437 4508//437 4507//437
f 6750//438 4507//438 4506//438
f 6751//439 4506//439 4505//439
f 6752//440 4505//440 4504//440
f 6753//441 4504//441 4503//441
f 6754//442 4503//442 4502//442
f 6755//443 4502//443 4501//443
f 6756//444 4501//444 4500//444
f 6757//445 4500//445 4499//445
f 6758//446 4499//446 4498//446
f 6759//447 4498//447 4497//447
f 6760//448 4497//448 4496//448
f 6761//449 4496//449 4495//449
f 6762//450 4495//450 4494//450
f 6763//451 4494//451 4493//451
f 6764//452 4493//452 4492//452
f 6765//453 4492//453 4491//453
f 6766//454 4491//454 4490//454
f 6767//455 4490//455 4489//455
f 6768//456 4489//456 4488//456
f 6769//457 4488//457 4487//457
f 6770//458 4487//458 4486//458
f 6771//459 4486//459 4485//459
f 6772//460 4485//460 4484//460
f 6773//461 4484//461 4483//461
f 6670//462 4483//462 4482//462
f 6669//463 4482//463 4481//463
f 6667//464 4481//464 4480//464
f 6666//465 4480//465 4584//465
f 6665//466 4584//466 4585//466
f 6664//339 6665//339 4585//339
f 6665//466 6666//466 4584//466
f 6666//465 6667//465 4480//465
f 6667//464 6669//464 4481//464
f 6669//463 6670//463 4482//463
f 6670//462 6773//462 4483//462
f 6773//461 6772//461 4484//461
f 6772//460 6771//460 4485//460
f 6771//459 6770//459 4486//459
f 6770//467 6769//467 4487//467
f 6769//457 6768//457 4488//457
f 6768//456 6767//456 4489//456
f 6767//455 6766//455 4490//455
f 6766//454 6765//454 4491//454
f 6765//453 6764//453 4492//453
f 6764//452 6763//452 4493//452
f 6763//468 6762//468 4494//468
f 6762//450 6761//450 4495//450
f 6761//449 6760//449 4496//449
f 6760//469 6759//469 4497//469
f 6759//447 6758//447 4498//447
f 6758//470 6757//470 4499//470
f 6757//445 6756//445 4500//445
f 6756//444 6755//444 4501//444
f 6755//471 6754//471 4502//471
f 6754//442 6753//442 4503//442
f 6753//441 6752//441 4504//441
f 6752//440 6751//440 4505//440
f 6751//439 6750//439 4506//439
f 6750//472 6749//472 4507//472
f 6749//437 6748//437 4508//437
f 6748//436 6747//436 4509//436
f 6747//435 6746//435 4510//435
f 6746//434 6672//434 4512//434
f 6672//433 6671//433 4513//433
f 6671//432 6674//432 4514//432
f 6674//473 6675//473 4515//473
f 6675//430 6745//430 4516//430
f 6745//429 6744//429 4517//429
f 6744//428 6743//428 4518//428
f 6743//427 6742//427 4519//427
f 6742//474 6741//474 4520//474
f 6741//425 6740//425 4521//425
f 6740//424 6739//424 4522//424
f 6739//475 6738//475 4523//475
f 6738//422 6737//422 4524//422
f 6737//476 6736//476 4525//476
f 6736//420 6735//420 4526//420
f 6735//419 6734//419 4527//419
f 6734//477 6733//477 4528//477
f 6733//417 6732//417 4529//417
f 6732//416 6731//416 4530//416
f 6731//415 6730//415 4531//415
f 6730//414 6729//414 4532//414
f 6729//413 6728//413 4533//413
f 6728//412 6727//412 4534//412
f 6727//478 6726//478 4535//478
f 6726//410 6725//410 4536//410
f 6725//409 6724//409 4537//409
f 6724//408 6723//408 4538//408
f 6723//407 6722//407 4539//407
f 6722//406 6721//406 4540//406
f 6721//405 6720//405 4541//405
f 6720//404 6719//404 4542//404
f 6719//403 6718//403 4543//403
f 6718//402 6677//402 4545//402
f 6677//401 6676//401 4546//401
f 6676//400 6679//400 4547//400
f 6679//399 6680//399 4548//399
f 6680//398 6717//398 4549//398
f 6717//397 6716//397 4550//397
f 6716//396 6715//396 4551//396
f 6715//395 6714//395 4552//395
f 6714//479 6713//479 4553//479
f 6713//393 6712//393 4554//393
f 6712//392 6711//392 4555//392
f 6711//391 6710//391 4556//391
f 6710//390 6709//390 4557//390
f 6709//389 6708//389 4558//389
f 6708//388 6707//388 4559//388
f 6707//387 6706//387 4560//387
f 6706//386 6705//386 4561//386
f 6705//385 6704//385 4562//385
f 6704//384 6703//384 4563//384
f 6703//383 6702//383 4564//383
f 6702//480 6701//480 4565//480
f 6701//381 6700//381 4566//381
f 6700//380 6699//380 4567//380
f 6699//379 6698//379 4568//379
f 6698//378 6697//378 4569//378
f 6697//377 6696//377 4570//377
f 6696//376 6695//376 4571//376
f 6695//375 6694//375 4572//375
f 6694//374 6693//374 4573//374
f 6693//373 6692//373 4574//373
f 6692//372 6682//372 4575//372
f 6682//481 6681//481 4576//481
f 6681//482 6683//482 4577//482
f 6683//369 6684//369 4578//369
f 6684//368 6691//368 4579//368
f 6691//367 6690//367 4580//367
f 6690//366 6689//366 4581//366
f 6689//365 6658//365 4582//365
f 6658//364 6643//364 4583//364
f 6643//363 6644//363 4609//363
f 6644//362 6645//362 4608//362
f 6645//361 6646//361 4607//361
f 6646//360 6647//360 4606//360
f 6647//483 6648//483 4605//483
f 6648//358 6649//358 4604//358
f 6649//357 6650//357 4603//357
f 6650//356 6651//356 4602//356
f 6651//355 6652//355 4601//355
f 6652//354 6653//354 4600//354
f 6653//353 6654//353 4599//353
f 6654//352 6655//352 4598//352
f 6655//351 6656//351 4597//351
f 6656//350 6657//350 4596//350
f 6657//349 6688//349 4595//349
f 6688//348 6687//348 4594//348
f 6687//484 6686//484 4593//484
f 6686//346 6685//346 4592//346
f 6685//345 6659//345 4591//345
f 6659//344 6660//344 4590//344
f 6660//343 6661//343 4589//343
f 6661//342 6662//342 4588//342
f 6673//2 6668//2 6774//2
f 6774//2 6668//2 6775//2
f 6668//4 6516//4 6776//4
f 6777//4 6668//4 6776//4
f 6777//4 6778//4 6668//4
f 6668//4 6778//4 6779//4
f 6780//4 6668//4 6779//4
f 6780//4 6781//4 6668//4
f 6668//4 6781//4 6782//4
f 6783//4 6668//4 6782//4
f 6783//4 6784//4 6668//4
f 6668//4 6784//4 6785//4
f 6786//4 6668//4 6785//4
f 6786//4 6787//4 6668//4
f 6668//4 6787//4 6788//4
f 6789//4 6668//4 6788//4
f 6789//4 6790//4 6668//4
f 6668//4 6790//4 6791//4
f 6792//4 6668//4 6791//4
f 6792//4 6793//4 6668//4
f 6668//4 6793//4 6794//4
f 6795//4 6668//4 6794//4
f 6795//4 6796//4 6668//4
f 6668//4 6796//4 6797//4
f 6798//4 6668//4 6797//4
f 6798//4 6799//4 6668//4
f 6668//4 6799//4 6800//4
f 6801//4 6668//4 6800//4
f 6801//4 6802//4 6668//4
f 6668//4 6802//4 6803//4
f 6775//4 6803//4 6804//4
f 6805//4 6775//4 6804//4
f 6805//4 6806//4 6775//4
f 6775//4 6806//4 6807//4
f 6808//4 6775//4 6807//4
f 6808//4 6809//4 6775//4
f 6775//4 6809//4 6810//4
f 6811//4 6775//4 6810//4
f 6811//4 6812//4 6775//4
f 6775//4 6812//4 6813//4
f 6814//4 6775//4 6813//4
f 6814//4 6815//4 6775//4
f 6775//4 6815//4 6816//4
f 6817//4 6775//4 6816//4
f 6817//4 6818//4 6775//4
f 6775//4 6818//4 6819//4
f 6820//4 6775//4 6819//4
f 6820//4 6821//4 6775//4
f 6775//4 6821//4 6822//4
f 6823//4 6775//4 6822//4
f 6823//4 6824//4 6775//4
f 6775//4 6824//4 6825//4
f 6826//4 6775//4 6825//4
f 6826//4 6827//4 6775//4
f 6775//4 6827//4 6828//4
f 6829//4 6775//4 6828//4
f 6829//4 6830//4 6775//4
f 6775//4 6830//4 6831//4
f 6832//4 6775//4 6831//4
f 6832//4 6833//4 6775//4
f 6775//4 6833//4 6834//4
f 6835//4 6775//4 6834//4
f 6835//4 6836//4 6775//4
f 6835//4 6837//4 6836//4
f 6836//4 6837//4 6838//4
f 6839//4 6836//4 6838//4
f 6839//4 6840//4 6836//4
f 6836//4 6840//4 6841//4
f 6842//4 6836//4 6841//4
f 6842//4 6843//4 6836//4
f 6836//4 6843//4 6844//4
f 6845//4 6836//4 6844//4
f 6845//4 6846//4 6836//4
f 6836//4 6846//4 6847//4
f 6848//4 6836//4 6847//4
f 6848//4 6849//4 6836//4
f 6836//4 6849//4 6850//4
f 6851//4 6836//4 6850//4
f 6851//4 6852//4 6836//4
f 6836//4 6852//4 6853//4
f 6854//4 6836//4 6853//4
f 6854//4 6855//4 6836//4
f 6836//4 6855//4 6856//4
f 6857//4 6836//4 6856//4
f 6857//4 6858//4 6836//4
f 6836//4 6858//4 6859//4
f 6860//4 6836//4 6859//4
f 6860//4 6861//4 6836//4
f 6836//4 6861//4 6862//4
f 6863//4 6836//4 6862//4
f 6863//4 6864//4 6836//4
f 6836//4 6864//4 6865//4
f 6866//4 6836//4 6865//4
f 6866//4 6566//4 6836//4
f 6866//4 6867//4 6566//4
f 6566//4 6867//4 6868//4
f 6869//4 6566//4 6868//4
f 6869//4 6870//4 6566//4
f 6566//4 6870//4 6871//4
f 6872//4 6566//4 6871//4
f 6872//4 6873//4 6566//4
f 6566//4 6873//4 6565//4
f 6565//4 6873//4 6874//4
f 6564//4 6874//4 6875//4
f 6563//4 6875//4 6562//4
f 6563//4 6564//4 6875//4
f 6520//4 6876//4 6519//4
f 6520//4 6521//4 6876//4
f 6876//4 6521//4 6522//4
f 6523//4 6876//4 6522//4
f 6523//4 6877//4 6876//4
f 6523//4 6524//4 6877//4
f 6877//4 6524//4 6525//4
f 6878//4 6525//4 6526//4
f 6527//4 6878//4 6526//4
f 6527//4 6528//4 6878//4
f 6878//4 6528//4 6879//4
f 6879//4 6528//4 6529//4
f 6530//4 6879//4 6529//4
f 6530//4 6880//4 6879//4
f 6530//4 6531//4 6880//4
f 6880//4 6531//4 6881//4
f 6881//4 6531//4 6882//4
f 6882//4 6531//4 6883//4
f 6883//4 6531//4 6532//4
f 6884//4 6532//4 6533//4
f 6885//4 6533//4 6886//4
f 6885//4 6884//4 6533//4
f 6519//4 6887//4 6518//4
f 6519//4 6876//4 6887//4
f 6533//4 6534//4 6886//4
f 6886//4 6534//4 6535//4
f 6888//4 6535//4 6536//4
f 6889//4 6536//4 6537//4
f 6890//4 6537//4 6538//4
f 6539//4 6890//4 6538//4
f 6539//4 6540//4 6890//4
f 6890//4 6540//4 6541//4
f 6542//4 6890//4 6541//4
f 6542//4 6543//4 6890//4
f 6890//4 6543//4 6544//4
f 6545//4 6890//4 6544//4
f 6545//4 6546//4 6890//4
f 6890//4 6546//4 6891//4
f 6891//4 6546//4 6547//4
f 6548//4 6891//4 6547//4
f 6548//4 6892//4 6891//4
f 6548//4 6893//4 6892//4
f 6548//4 6894//4 6893//4
f 6548//4 6895//4 6894//4
f 6548//4 6896//4 6895//4
f 6548//4 6549//4 6896//4
f 6896//4 6549//4 6550//4
f 6897//4 6550//4 6551//4
f 6552//4 6897//4 6551//4
f 6552//4 6898//4 6897//4
f 6552//4 6553//4 6898//4
f 6898//4 6553//4 6554//4
f 6899//4 6554//4 6555//4
f 6556//4 6899//4 6555//4
f 6556//4 6557//4 6899//4
f 6899//4 6557//4 6900//4
f 6900//4 6557//4 6901//4
f 6901//4 6557//4 6902//4
f 6902//4 6557//4 6903//4
f 6903//4 6557//4 6875//4
f 6875//4 6557//4 6558//4
f 6559//4 6875//4 6558//4
f 6559//4 6560//4 6875//4
f 6875//4 6560//4 6561//4
f 6562//4 6875//4 6561//4
f 6564//4 6565//4 6874//4
f 6775//4 6668//4 6803//4
f 6899//4 6898//4 6554//4
f 6897//4 6896//4 6550//4
f 6890//4 6889//4 6537//4
f 6889//4 6888//4 6536//4
f 6888//4 6886//4 6535//4
f 6884//4 6883//4 6532//4
f 6878//4 6877//4 6525//4
f 6887//4 6904//4 6518//4
f 6518//4 6904//4 6517//4
f 6517//4 6904//4 6776//4
f 6516//4 6517//4 6776//4
f 6569//3 6905//3 6568//3
f 6569//3 6570//3 6905//3
f 6905//1924 6570//1924 6571//1924
f 6572//3 6905//3 6571//3
f 6572//3 6573//3 6905//3
f 6905//3 6573//3 6574//3
f 6575//3 6905//3 6574//3
f 6575//3 6906//3 6905//3
f 6575//3 6907//3 6906//3
f 6575//3 6908//3 6907//3
f 6575//3 6909//3 6908//3
f 6575//3 6910//3 6909//3
f 6575//3 6576//3 6910//3
f 6910//3 6576//3 6577//3
f 6578//3 6910//3 6577//3
f 6578//3 6911//3 6910//3
f 6578//3 6579//3 6911//3
f 6911//3 6579//3 6580//3
f 6912//1924 6580//1924 6581//1924
f 6582//1925 6912//1925 6581//1925
f 6582//3 6913//3 6912//3
f 6582//3 6583//3 6913//3
f 6913//3 6583//3 6914//3
f 6914//3 6583//3 6915//3
f 6915//3 6583//3 6916//3
f 6916//3 6583//3 6917//3
f 6917//3 6583//3 6918//3
f 6918//3 6583//3 6584//3
f 6585//3 6918//3 6584//3
f 6585//3 6586//3 6918//3
f 6918//3 6586//3 6587//3
f 6588//3 6918//3 6587//3
f 6588//3 6589//3 6918//3
f 6918//3 6589//3 6590//3
f 6591//3 6918//3 6590//3
f 6591//3 6592//3 6918//3
f 6918//3 6592//3 6593//3
f 6919//3 6593//3 6594//3
f 6595//3 6919//3 6594//3
f 6595//3 6920//3 6919//3
f 6595//3 6596//3 6920//3
f 6920//3 6596//3 6921//3
f 6921//3 6596//3 6597//3
f 6922//3 6597//3 6598//3
f 6599//3 6922//3 6598//3
f 6599//3 6923//3 6922//3
f 6599//3 6924//3 6923//3
f 6599//3 6600//3 6924//3
f 6924//3 6600//3 6925//3
f 6925//3 6600//3 6601//3
f 6926//3 6601//3 6927//3
f 6926//3 6925//3 6601//3
f 6568//3 6928//3 6567//3
f 6568//3 6905//3 6928//3
f 6927//3 6601//3 6929//3
f 6929//3 6601//3 6602//3
f 6930//3 6602//3 6603//3
f 6604//3 6930//3 6603//3
f 6604//3 6931//3 6930//3
f 6604//3 6605//3 6931//3
f 6931//3 6605//3 6606//3
f 6607//3 6931//3 6606//3
f 6607//3 6932//3 6931//3
f 6607//3 6608//3 6932//3
f 6932//3 6608//3 6609//3
f 6933//3 6609//3 6610//3
f 6611//3 6933//3 6610//3
f 6611//3 6612//3 6933//3
f 6933//3 6612//3 6613//3
f 6934//3 6613//3 6614//3
f 6935//3 6614//3 6615//3
f 6936//3 6615//3 6616//3
f 6678//3 6936//3 6616//3
f 6678//3 6937//3 6936//3
f 6678//3 6938//3 6937//3
f 6678//3 6939//3 6938//3
f 6678//3 6940//3 6939//3
f 6678//3 6941//3 6940//3
f 6678//3 6942//3 6941//3
f 6678//3 6943//3 6942//3
f 6678//3 6944//3 6943//3
f 6678//3 6945//3 6944//3
f 6678//3 6946//3 6945//3
f 6678//3 6947//3 6946//3
f 6678//3 6948//3 6947//3
f 6678//3 6949//3 6948//3
f 6678//3 6950//3 6949//3
f 6678//3 6951//3 6950//3
f 6678//3 6952//3 6951//3
f 6678//3 6953//3 6952//3
f 6678//3 6954//3 6953//3
f 6678//3 6955//3 6954//3
f 6678//3 6956//3 6955//3
f 6678//3 6957//3 6956//3
f 6678//3 6958//3 6957//3
f 6678//3 6959//3 6958//3
f 6678//3 6960//3 6959//3
f 6678//3 6961//3 6960//3
f 6678//3 6962//3 6961//3
f 6678//3 6963//3 6962//3
f 6678//3 6964//3 6963//3
f 6963//3 6964//3 6965//3
f 6965//3 6964//3 6966//3
f 6966//3 6964//3 6967//3
f 6967//3 6964//3 6968//3
f 6968//3 6964//3 6969//3
f 6969//3 6964//3 6970//3
f 6970//3 6964//3 6971//3
f 6971//3 6964//3 6972//3
f 6972//3 6964//3 6973//3
f 6973//3 6964//3 6974//3
f 6974//3 6964//3 6975//3
f 6975//3 6964//3 6976//3
f 6976//3 6964//3 6977//3
f 6977//3 6964//3 6978//3
f 6978//3 6964//3 6979//3
f 6979//3 6964//3 6980//3
f 6980//3 6964//3 6981//3
f 6981//3 6964//3 6982//3
f 6982//3 6964//3 6983//3
f 6983//3 6964//3 6984//3
f 6984//3 6964//3 6985//3
f 6985//3 6964//3 6986//3
f 6986//3 6964//3 6987//3
f 6987//3 6964//3 6988//3
f 6988//3 6964//3 6989//3
f 6989//3 6964//3 6990//3
f 6990//3 6964//3 6991//3
f 6991//3 6964//3 6992//3
f 6992//3 6964//3 6993//3
f 6993//3 6964//3 6994//3
f 6994//3 6964//3 6995//3
f 6995//3 6964//3 6996//3
f 6996//3 6964//3 6836//3
f 6997//3 6836//3 6998//3
f 6997//3 6996//3 6836//3
f 6999//1925 7000//1925 6566//1925
f 7001//3 6566//3 7002//3
f 7001//3 6999//3 6566//3
f 7000//1924 7003//1924 6566//1924
f 6566//3 7003//3 6836//3
f 6836//3 7003//3 7004//3
f 7005//3 6836//3 7004//3
f 7005//3 7006//3 6836//3
f 6836//3 7006//3 7007//3
f 7008//3 6836//3 7007//3
f 7008//3 7009//3 6836//3
f 6836//3 7009//3 7010//3
f 7011//3 6836//3 7010//3
f 7011//3 7012//3 6836//3
f 6836//3 7012//3 7013//3
f 7014//3 6836//3 7013//3
f 7014//3 7015//3 6836//3
f 6836//3 7015//3 7016//3
f 7017//3 6836//3 7016//3
f 7017//3 7018//3 6836//3
f 6836//3 7018//3 7019//3
f 7020//3 6836//3 7019//3
f 7020//3 7021//3 6836//3
f 6836//3 7021//3 7022//3
f 7023//3 6836//3 7022//3
f 7023//3 7024//3 6836//3
f 6836//3 7024//3 7025//3
f 7026//3 6836//3 7025//3
f 7026//3 7027//3 6836//3
f 6836//3 7027//3 7028//3
f 7029//3 6836//3 7028//3
f 7029//3 7030//3 6836//3
f 6836//3 7030//3 6998//3
f 6936//3 6935//3 6615//3
f 6935//3 6934//3 6614//3
f 6934//3 6933//3 6613//3
f 6933//3 6932//3 6609//3
f 6930//3 6929//3 6602//3
f 6922//3 6921//3 6597//3
f 6919//3 6918//3 6593//3
f 6912//3 6911//3 6580//3
f 6928//3 7031//3 6567//3
f 6567//3 7031//3 6566//3
f 6566//3 7031//3 7032//3
f 7033//3 6566//3 7032//3
f 7033//3 7002//3 6566//3
f 6678//1 6673//1 6964//1
f 6964//1 6673//1 6774//1
f 6964//5 6774//5 6836//5
f 6836//5 6774//5 6775//5
f 7034//1342 7035//1342 3066//1342
f 3065//1422 7034//1422 3066//1422
f 3065//1341 7036//1341 7034//1341
f 3065//1926 7037//1926 7036//1926
f 3065//1339 3064//1339 7037//1339
f 7037//1338 3064//1338 7038//1338
f 7038//1927 3064//1927 7039//1927
f 7039//1423 3064//1423 3063//1423
f 7040//1928 3063//1928 7041//1928
f 7040//1336 7039//1336 3063//1336
f 3063//1929 3062//1929 7041//1929
f 7041//1930 3062//1930 7042//1930
f 7042//1931 3062//1931 7043//1931
f 7043//1424 3062//1424 3061//1424
f 7044//1932 3061//1932 3060//1932
f 7045//1933 3060//1933 3059//1933
f 7046//1427 3059//1427 3058//1427
f 7047//1934 3058//1934 3057//1934
f 7048//1935 3057//1935 3056//1935
f 7049//1936 3056//1936 3055//1936
f 7050//1937 3055//1937 3054//1937
f 7051//1432 3054//1432 3053//1432
f 7052//1938 3053//1938 3052//1938
f 7053//1939 3052//1939 3051//1939
f 7054//1940 3051//1940 3050//1940
f 3049//1941 7054//1941 3050//1941
f 3049//1318 7055//1318 7054//1318
f 3049//1316 3047//1316 7055//1316
f 7055//1942 3047//1942 3046//1942
f 7056//1943 3046//1943 3045//1943
f 3044//1944 7056//1944 3045//1944
f 3044//1312 7057//1312 7056//1312
f 3044//1310 3043//1310 7057//1310
f 7057//1311 3043//1311 3042//1311
f 7058//1308 3042//1308 3041//1308
f 3040//1307 7058//1307 3041//1307
f 3040//1306 7059//1306 7058//1306
f 3040//1304 3039//1304 7059//1304
f 7059//1945 3039//1945 3038//1945
f 7060//1946 3038//1946 3037//1946
f 3036//1301 7060//1301 3037//1301
f 3036//1947 7061//1947 7060//1947
f 3036//1948 3035//1948 7061//1948
f 7061//1299 3035//1299 3034//1299
f 7062//1949 3034//1949 3032//1949
f 3031//1295 7062//1295 3032//1295
f 3031//1950 7063//1950 7062//1950
f 3031//1292 3030//1292 7063//1292
f 7063//1293 3030//1293 3029//1293
f 7064//1951 3029//1951 3028//1951
f 3027//1952 7064//1952 3028//1952
f 3027//1288 7065//1288 7064//1288
f 3027//1286 3026//1286 7065//1286
f 7065//1287 3026//1287 3025//1287
f 7066//1953 3025//1953 3024//1953
f 7067//1954 3024//1954 3023//1954
f 7068//1281 3023//1281 3022//1281
f 7069//1955 3022//1955 7070//1955
f 7069//1956 7068//1956 3022//1956
f 3022//1957 3021//1957 7070//1957
f 7070//1277 3021//1277 7071//1277
f 7071//1958 3021//1958 7072//1958
f 7072//1959 3021//1959 7073//1959
f 7073//1436 3021//1436 3020//1436
f 7074//1960 3020//1960 7075//1960
f 7074//1961 7073//1961 3020//1961
f 3020//1272 3019//1272 7075//1272
f 7075//1271 3019//1271 7076//1271
f 7076//1270 3019//1270 7077//1270
f 7077//1962 3019//1962 3018//1962
f 7078//1963 3018//1963 7079//1963
f 7078//1964 7077//1964 3018//1964
f 3018//1267 3017//1267 7079//1267
f 7079//1965 3017//1965 7080//1965
f 7080//1265 3017//1265 7081//1265
f 7081//1438 3017//1438 3016//1438
f 7082//1966 3016//1966 7083//1966
f 7082//1264 7081//1264 3016//1264
f 3016//1967 3015//1967 7083//1967
f 7083//1968 3015//1968 7084//1968
f 7084//1969 3015//1969 7085//1969
f 7085//1391 3015//1391 3014//1391
f 7086//1970 3014//1970 7087//1970
f 7086//1259 7085//1259 3014//1259
f 3014//1971 3013//1971 7087//1971
f 7087//1972 3013//1972 7088//1972
f 7088//1973 3013//1973 7089//1973
f 7089//1974 3013//1974 3012//1974
f 7090//1253 3012//1253 7091//1253
f 7090//1254 7089//1254 3012//1254
f 3012//1252 3011//1252 7091//1252
f 7091//1975 3011//1975 7092//1975
f 7092//1976 3011//1976 7093//1976
f 7093//1977 3011//1977 3010//1977
f 7094//1248 3010//1248 7095//1248
f 7094//1249 7093//1249 3010//1249
f 3010//1978 3009//1978 7095//1978
f 7095//1979 3009//1979 7096//1979
f 7096//1980 3009//1980 7097//1980
f 7097//1244 3009//1244 3008//1244
f 7098//1981 3008//1981 7099//1981
f 7098//1243 7097//1243 3008//1243
f 7099//1241 3008//1241 7100//1241
f 7100//1394 3008//1394 3007//1394
f 7101//1395 3007//1395 3006//1395
f 7102//1396 3006//1396 3005//1396
f 7103//1237 3005//1237 3004//1237
f 3003//1236 7103//1236 3004//1236
f 3003//1235 7104//1235 7103//1235
f 3003//1982 3002//1982 7104//1982
f 7104//1983 3002//1983 3001//1983
f 7105//1984 3001//1984 3000//1984
f 2999//1230 7105//1230 3000//1230
f 2999//1985 7106//1985 7105//1985
f 2999//1986 2997//1986 7106//1986
f 7106//1228 2997//1228 2996//1228
f 7107//1225 2996//1225 2995//1225
f 2994//1987 7107//1987 2995//1987
f 2994//1988 7108//1988 7107//1988
f 2994//1989 2993//1989 7108//1989
f 7108//1222 2993//1222 2992//1222
f 7109//1990 2992//1990 2991//1990
f 2990//1218 7109//1218 2991//1218
f 2990//1217 7110//1217 7109//1217
f 2990//1215 2989//1215 7110//1215
f 7110//1216 2989//1216 2988//1216
f 7111//1213 2988//1213 2987//1213
f 2986//1991 7111//1991 2987//1991
f 2986//1211 7112//1211 7111//1211
f 2986//1992 2985//1992 7112//1992
f 7112//1993 2985//1993 2984//1993
f 7113//1207 2984//1207 2982//1207
f 2981//1994 7113//1994 2982//1994
f 2981//1995 7114//1995 7113//1995
f 2981//1996 2980//1996 7114//1996
f 7114//1997 2980//1997 2979//1997
f 7115//1998 2979//1998 2978//1998
f 7116//1999 2978//1999 2977//1999
f 7117//2000 2977//2000 2976//2000
f 7118//2001 2976//2001 2975//2001
f 7119//2002 2975//2002 2974//2002
f 7120//2003 2974//2003 2973//2003
f 7121//2004 2973//2004 2972//2004
f 7122//1404 2972//1404 2971//1404
f 7123//2005 2971//2005 2970//2005
f 7124//2006 2970//2006 2969//2006
f 7125//1407 2969//1407 2968//1407
f 7126//2007 2968//2007 7127//2007
f 7126//2008 7125//2008 2968//2008
f 2968//2009 2967//2009 7127//2009
f 7127//2010 2967//2010 7128//2010
f 7128//1187 2967//1187 7129//1187
f 7129//2011 2967//2011 2966//2011
f 7130//2012 2966//2012 7131//2012
f 7130//2013 7129//2013 2966//2013
f 2966//1184 2965//1184 7131//1184
f 7131//1183 2965//1183 7132//1183
f 7132//1182 2965//1182 7133//1182
f 7133//1409 2965//1409 2963//1409
f 7134//2014 2963//2014 7135//2014
f 7134//2015 7133//2015 2963//2015
f 2963//1179 2962//1179 7135//1179
f 7135//2016 2962//2016 7136//2016
f 7136//2017 2962//2017 7137//2017
f 7137//2018 2962//2018 3246//2018
f 7138//1175 3246//1175 7139//1175
f 7138//2019 7137//2019 3246//2019
f 3246//1174 3245//1174 7139//1174
f 7139//2020 3245//2020 7140//2020
f 7140//1172 3245//1172 7141//1172
f 7141//2021 3245//2021 3244//2021
f 7142//1170 3244//1170 7143//1170
f 7142//1171 7141//1171 3244//1171
f 3244//2022 3243//2022 7143//2022
f 7143//1168 3243//1168 7144//1168
f 7144//2023 3243//2023 7145//2023
f 7145//2024 3243//2024 3242//2024
f 7146//2025 3242//2025 7147//2025
f 7146//2026 7145//2026 3242//2026
f 3242//1164 3241//1164 7147//1164
f 7147//1163 3241//1163 7148//1163
f 7148//1162 3241//1162 7149//1162
f 7149//1413 3241//1413 3240//1413
f 7150//1414 3240//1414 3239//1414
f 7151//1415 3239//1415 3238//1415
f 7152//1158 3238//1158 3237//1158
f 3236//2027 7152//2027 3237//2027
f 3236//2028 3235//2028 7152//2028
f 7152//1155 3235//1155 7153//1155
f 7153//1153 3235//1153 3234//1153
f 3233//2029 7153//2029 3234//2029
f 3233//1152 7154//1152 7153//1152
f 3233//2030 3232//2030 7154//2030
f 7154//2031 3232//2031 3231//2031
f 7155//1147 3231//1147 3230//1147
f 3229//1148 7155//1148 3230//1148
f 3229//1146 7156//1146 7155//1146
f 3229//2032 3228//2032 7156//2032
f 7156//2033 3228//2033 3227//2033
f 7157//1142 3227//1142 3226//1142
f 3225//2034 7157//2034 3226//2034
f 3225//2035 7158//2035 7157//2035
f 3225//2036 3224//2036 7158//2036
f 7158//2037 3224//2037 3223//2037
f 7159//2038 3223//2038 3222//2038
f 3221//1387 7159//1387 3222//1387
f 3221//2039 7160//2039 7159//2039
f 3221//2040 3220//2040 7160//2040
f 7160//2041 3220//2041 3219//2041
f 7161//2042 3219//2042 3218//2042
f 3217//1381 7161//1381 3218//1381
f 3217//1380 7162//1380 7161//1380
f 3217//2043 3216//2043 7162//2043
f 7162//2044 3216//2044 3215//2044
f 7163//2045 3215//2045 3214//2045
f 3213//2046 7163//2046 3214//2046
f 3213//1374 7164//1374 7163//1374
f 3213//2047 3212//2047 7164//2047
f 7164//2048 3212//2048 3211//2048
f 7165//1370 3211//1370 3210//1370
f 3209//2049 7165//2049 3210//2049
f 3209//2050 3208//2050 7165//2050
f 7165//2051 3208//2051 7166//2051
f 7166//2052 3208//2052 3207//2052
f 3206//1366 7166//1366 3207//1366
f 3206//2053 7167//2053 7166//2053
f 3206//2054 3205//2054 7167//2054
f 7167//2055 3205//2055 7168//2055
f 7168//1417 3205//1417 3204//1417
f 7169//1418 3204//1418 3203//1418
f 7170//2056 3203//2056 7171//2056
f 7170//2057 7169//2057 3203//2057
f 3203//1359 3202//1359 7171//1359
f 7171//1358 3202//1358 7172//1358
f 7172//1357 3202//1357 7173//1357
f 7173//2058 3202//2058 3201//2058
f 7174//2059 3201//2059 7175//2059
f 7174//2060 7173//2060 3201//2060
f 3201//1354 3200//1354 7175//1354
f 7175//1353 3200//1353 7176//1353
f 7176//2061 3200//2061 7177//2061
f 7177//2062 3200//2062 3199//2062
f 7178//2063 3199//2063 7179//2063
f 7178//1351 7177//1351 3199//1351
f 3199//2064 3198//2064 7179//2064
f 7179//2065 3198//2065 7180//2065
f 7180//2066 3198//2066 7181//2066
f 7181//1421 3198//1421 3067//1421
f 7182//2067 3067//2067 7183//2067
f 7182//1346 7181//1346 3067//1346
f 7159//2068 7158//2068 3223//2068
f 7157//1143 7156//1143 3227//1143
f 7155//2069 7154//2069 3231//2069
f 7152//2070 7151//2070 3238//2070
f 7151//2071 7150//2071 3239//2071
f 7150//1161 7149//1161 3240//1161
f 7125//2072 7124//2072 2969//2072
f 7124//2073 7123//2073 2970//2073
f 7123//1194 7122//1194 2971//1194
f 7122//2074 7121//2074 2972//2074
f 7121//2075 7120//2075 2973//2075
f 7120//2076 7119//2076 2974//2076
f 7119//2077 7118//2077 2975//2077
f 7118//2078 7117//2078 2976//2078
f 7117//2079 7116//2079 2977//2079
f 7116//1201 7115//1201 2978//1201
f 7115//1202 7114//1202 2979//1202
f 7113//2080 7112//2080 2984//2080
f 7111//1214 7110//1214 2988//1214
f 7109//1220 7108//1220 2992//1220
f 7107//1226 7106//1226 2996//1226
f 7105//2081 7104//2081 3001//2081
f 7103//1238 7102//1238 3005//1238
f 7102//1239 7101//1239 3006//1239
f 7101//1240 7100//1240 3007//1240
f 7068//1282 7067//1282 3023//1282
f 7067//2082 7066//2082 3024//2082
f 7066//1285 7065//1285 3025//1285
f 7064//2083 7063//2083 3029//2083
f 7062//2084 7061//2084 3034//2084
f 7060//2085 7059//2085 3038//2085
f 7058//1309 7057//1309 3042//1309
f 7056//1315 7055//1315 3046//1315
f 7054//1321 7053//1321 3051//1321
f 7053//2086 7052//2086 3052//2086
f 7052//2087 7051//2087 3053//2087
f 7051//1324 7050//1324 3054//1324
f 7050//2088 7049//2088 3055//2088
f 7049//2089 7048//2089 3056//2089
f 7048//2090 7047//2090 3057//2090
f 7047//2091 7046//2091 3058//2091
f 7046//2092 7045//2092 3059//2092
f 7045//1330 7044//1330 3060//1330
f 7044//2093 7043//2093 3061//2093
f 7035//1343 7183//1343 3066//1343
f 3066//1344 7183//1344 3067//1344
f 7169//1362 7168//1362 3204//1362
f 7165//2094 7164//2094 3211//2094
f 7163//1377 7162//1377 3215//1377
f 7161//2095 7160//2095 3219//2095
f 7184//8 7059//8 7185//8
f 7186//8 7184//8 7185//8
f 7186//8 7187//8 7184//8
f 7184//8 7187//8 7188//8
f 7189//8 7184//8 7188//8
f 7189//8 7190//8 7184//8
f 7184//8 7190//8 7191//8
f 7192//8 7184//8 7191//8
f 7192//8 7193//8 7184//8
f 7184//8 7193//8 7194//8
f 7195//8 7184//8 7194//8
f 7195//8 7196//8 7184//8
f 7184//8 7196//8 7197//8
f 7198//8 7184//8 7197//8
f 7198//8 7199//8 7184//8
f 7184//8 7199//8 7200//8
f 7201//8 7184//8 7200//8
f 7201//8 7202//8 7184//8
f 7184//8 7202//8 7203//8
f 7204//8 7184//8 7203//8
f 7204//8 7205//8 7184//8
f 7184//8 7205//8 7206//8
f 7207//8 7184//8 7206//8
f 7207//8 7208//8 7184//8
f 7184//8 7208//8 7209//8
f 7210//8 7184//8 7209//8
f 7210//8 7211//8 7184//8
f 7184//8 7211//8 7212//8
f 7213//8 7184//8 7212//8
f 7213//8 7214//8 7184//8
f 7184//8 7214//8 7215//8
f 7216//8 7215//8 7217//8
f 7218//8 7216//8 7217//8
f 7218//8 7219//8 7216//8
f 7216//8 7219//8 7220//8
f 7221//8 7216//8 7220//8
f 7221//8 7222//8 7216//8
f 7216//8 7222//8 7223//8
f 7224//8 7216//8 7223//8
f 7224//8 7225//8 7216//8
f 7216//8 7225//8 7226//8
f 7227//8 7216//8 7226//8
f 7227//8 7228//8 7216//8
f 7216//8 7228//8 7229//8
f 7230//8 7216//8 7229//8
f 7230//8 7231//8 7216//8
f 7216//8 7231//8 7232//8
f 7233//8 7216//8 7232//8
f 7233//8 7234//8 7216//8
f 7216//8 7234//8 7235//8
f 7236//8 7216//8 7235//8
f 7236//8 7237//8 7216//8
f 7216//8 7237//8 7238//8
f 7239//8 7216//8 7238//8
f 7239//8 7240//8 7216//8
f 7216//8 7240//8 7241//8
f 7242//8 7216//8 7241//8
f 7242//8 7243//8 7216//8
f 7216//8 7243//8 7244//8
f 7245//8 7216//8 7244//8
f 7245//8 7246//8 7216//8
f 7216//8 7246//8 7247//8
f 7248//8 7216//8 7247//8
f 7248//8 7249//8 7216//8
f 7248//8 7250//8 7249//8
f 7249//8 7250//8 7251//8
f 7252//8 7249//8 7251//8
f 7252//8 7253//8 7249//8
f 7249//8 7253//8 7254//8
f 7255//8 7249//8 7254//8
f 7255//8 7256//8 7249//8
f 7249//8 7256//8 7257//8
f 7258//8 7249//8 7257//8
f 7258//8 7259//8 7249//8
f 7249//8 7259//8 7260//8
f 7261//8 7249//8 7260//8
f 7261//8 7262//8 7249//8
f 7249//8 7262//8 7263//8
f 7264//8 7249//8 7263//8
f 7264//8 7265//8 7249//8
f 7249//8 7265//8 7266//8
f 7267//8 7249//8 7266//8
f 7267//8 7268//8 7249//8
f 7249//8 7268//8 7269//8
f 7270//8 7249//8 7269//8
f 7270//8 7271//8 7249//8
f 7249//8 7271//8 7272//8
f 7273//8 7249//8 7272//8
f 7273//8 7274//8 7249//8
f 7249//8 7274//8 7275//8
f 7276//8 7249//8 7275//8
f 7276//8 7277//8 7249//8
f 7249//8 7277//8 7278//8
f 7279//8 7249//8 7278//8
f 7279//8 7109//8 7249//8
f 7279//8 7280//8 7109//8
f 7109//8 7280//8 7281//8
f 7282//8 7109//8 7281//8
f 7282//8 7283//8 7109//8
f 7109//8 7283//8 7284//8
f 7285//8 7109//8 7284//8
f 7285//8 7286//8 7109//8
f 7109//8 7286//8 7108//8
f 7108//8 7286//8 7287//8
f 7107//8 7287//8 7288//8
f 7106//8 7288//8 7105//8
f 7106//8 7107//8 7288//8
f 7059//8 7060//8 7185//8
f 7185//8 7060//8 7061//8
f 7062//8 7185//8 7061//8
f 7062//8 7063//8 7185//8
f 7185//8 7063//8 7289//8
f 7289//8 7063//8 7064//8
f 7065//8 7289//8 7064//8
f 7065//8 7066//8 7289//8
f 7289//8 7066//8 7067//8
f 7068//8 7289//8 7067//8
f 7068//8 7290//8 7289//8
f 7068//8 7069//8 7290//8
f 7290//8 7069//8 7070//8
f 7291//8 7070//8 7071//8
f 7072//8 7291//8 7071//8
f 7072//8 7292//8 7291//8
f 7072//8 7073//8 7292//8
f 7292//8 7073//8 7293//8
f 7293//8 7073//8 7294//8
f 7294//8 7073//8 7295//8
f 7295//8 7073//8 7074//8
f 7296//8 7074//8 7075//8
f 7076//8 7296//8 7075//8
f 7076//8 7077//8 7296//8
f 7296//8 7077//8 7078//8
f 7079//8 7296//8 7078//8
f 7079//8 7080//8 7296//8
f 7296//8 7080//8 7081//8
f 7082//8 7296//8 7081//8
f 7082//8 7297//8 7296//8
f 7082//8 7083//8 7297//8
f 7297//8 7083//8 7084//8
f 7085//8 7297//8 7084//8
f 7085//8 7086//8 7297//8
f 7297//8 7086//8 7087//8
f 7088//8 7297//8 7087//8
f 7088//8 7089//8 7297//8
f 7297//8 7089//8 7298//8
f 7298//8 7089//8 7299//8
f 7299//8 7089//8 7300//8
f 7300//8 7089//8 7301//8
f 7301//8 7089//8 7302//8
f 7302//8 7089//8 7303//8
f 7303//8 7089//8 7304//8
f 7304//8 7089//8 7305//8
f 7305//8 7089//8 7306//8
f 7306//8 7089//8 7090//8
f 7307//8 7090//8 7091//8
f 7092//8 7307//8 7091//8
f 7092//8 7308//8 7307//8
f 7092//8 7093//8 7308//8
f 7308//8 7093//8 7094//8
f 7309//8 7094//8 7095//8
f 7096//8 7309//8 7095//8
f 7096//8 7097//8 7309//8
f 7309//8 7097//8 7310//8
f 7310//8 7097//8 7098//8
f 7099//8 7310//8 7098//8
f 7099//8 7311//8 7310//8
f 7099//8 7100//8 7311//8
f 7311//8 7100//8 7101//8
f 7312//8 7101//8 7102//8
f 7103//8 7312//8 7102//8
f 7103//8 7313//8 7312//8
f 7103//8 7104//8 7313//8
f 7313//8 7104//8 7314//8
f 7314//8 7104//8 7105//8
f 7288//8 7314//8 7105//8
f 7107//8 7108//8 7287//8
f 7216//8 7184//8 7215//8
f 7312//8 7311//8 7101//8
f 7309//8 7308//8 7094//8
f 7307//8 7306//8 7090//8
f 7296//8 7295//8 7074//8
f 7291//8 7290//8 7070//8
f 5043//339 7289//339 5042//339
f 5043//340 7185//340 7289//340
f 5043//340 5044//340 7185//340
f 7185//341 5044//341 7186//341
f 7186//341 5044//341 5046//341
f 7187//342 5046//342 5047//342
f 7188//343 5047//343 5150//343
f 7189//344 5150//344 5149//344
f 7190//345 5149//345 5148//345
f 7191//346 5148//346 5147//346
f 7192//347 5147//347 5146//347
f 7193//348 5146//348 5145//348
f 7194//349 5145//349 5144//349
f 7195//350 5144//350 5143//350
f 7196//351 5143//351 5142//351
f 7197//352 5142//352 5141//352
f 7198//353 5141//353 5140//353
f 7199//485 5140//485 5139//485
f 7200//355 5139//355 5138//355
f 7201//356 5138//356 5137//356
f 7202//357 5137//357 5136//357
f 7203//358 5136//358 5135//358
f 7204//359 5135//359 5134//359
f 7205//360 5134//360 5133//360
f 7206//361 5133//361 5132//361
f 7207//486 5132//486 5131//486
f 7208//363 5131//363 5130//363
f 7209//364 5130//364 5129//364
f 7210//365 5129//365 5128//365
f 7211//366 5128//366 5127//366
f 7212//487 5127//487 5126//487
f 7213//368 5126//368 5125//368
f 7214//369 5125//369 5124//369
f 7215//482 5124//482 5123//482
f 7217//371 5123//371 5049//371
f 7218//372 5049//372 5048//372
f 7219//373 5048//373 5051//373
f 7220//374 5051//374 5052//374
f 7221//375 5052//375 5122//375
f 7222//376 5122//376 5121//376
f 7223//377 5121//377 5120//377
f 7224//378 5120//378 5119//378
f 7225//379 5119//379 5118//379
f 7226//380 5118//380 5117//380
f 7227//381 5117//381 5116//381
f 7228//382 5116//382 5115//382
f 7229//383 5115//383 5114//383
f 7230//488 5114//488 5113//488
f 7231//385 5113//385 5112//385
f 7232//386 5112//386 5111//386
f 7233//387 5111//387 5110//387
f 7234//388 5110//388 5109//388
f 7235//389 5109//389 5108//389
f 7236//390 5108//390 5107//390
f 7237//391 5107//391 5106//391
f 7238//392 5106//392 5105//392
f 7239//393 5105//393 5104//393
f 7240//394 5104//394 5103//394
f 7241//395 5103//395 5102//395
f 7242//396 5102//396 5101//396
f 7243//397 5101//397 5100//397
f 7244//398 5100//398 5099//398
f 7245//399 5099//399 5098//399
f 7246//400 5098//400 5097//400
f 7247//401 5097//401 5096//401
f 7248//402 5096//402 5095//402
f 7250//403 5095//403 5054//403
f 7251//404 5054//404 5053//404
f 7252//405 5053//405 5056//405
f 7253//406 5056//406 5057//406
f 7254//407 5057//407 5094//407
f 7255//408 5094//408 5093//408
f 7256//409 5093//409 5092//409
f 7257//410 5092//410 5091//410
f 7258//411 5091//411 5090//411
f 7259//412 5090//412 5089//412
f 7260//413 5089//413 5088//413
f 7261//414 5088//414 5087//414
f 7262//415 5087//415 5086//415
f 7263//416 5086//416 5085//416
f 7264//417 5085//417 5084//417
f 7265//477 5084//477 5083//477
f 7266//419 5083//419 5082//419
f 7267//420 5082//420 5081//420
f 7268//421 5081//421 5080//421
f 7269//422 5080//422 5079//422
f 7270//423 5079//423 5078//423
f 7271//424 5078//424 5077//424
f 7272//425 5077//425 5076//425
f 7273//474 5076//474 5075//474
f 7274//427 5075//427 5074//427
f 7275//428 5074//428 5073//428
f 7276//429 5073//429 5072//429
f 7277//430 5072//430 5071//430
f 7278//473 5071//473 5070//473
f 7279//432 5070//432 5069//432
f 7280//433 5069//433 5059//433
f 7281//489 5059//489 5058//489
f 7282//435 5058//435 5060//435
f 7283//436 5060//436 5061//436
f 7284//437 5061//437 5068//437
f 7285//438 5068//438 5067//438
f 7286//439 5067//439 5066//439
f 7287//440 5066//440 5035//440
f 7288//441 5035//441 5020//441
f 7314//442 5020//442 5021//442
f 7313//443 5021//443 5022//443
f 7312//444 5022//444 5023//444
f 7311//445 5023//445 5024//445
f 7310//446 5024//446 5025//446
f 7309//447 5025//447 5026//447
f 7308//469 5026//469 5027//469
f 7307//449 5027//449 5028//449
f 7306//450 5028//450 5029//450
f 7305//451 5029//451 5030//451
f 7304//452 5030//452 5031//452
f 7303//453 5031//453 5032//453
f 7302//454 5032//454 5033//454
f 7301//455 5033//455 5034//455
f 7300//456 5034//456 5065//456
f 7299//457 5065//457 5064//457
f 7298//458 5064//458 5063//458
f 7297//459 5063//459 5062//459
f 7296//460 5062//460 5036//460
f 7295//461 5036//461 5037//461
f 7294//462 5037//462 5038//462
f 7293//463 5038//463 5039//463
f 7292//464 5039//464 5040//464
f 7291//465 5040//465 5041//465
f 7290//466 5041//466 5042//466
f 7289//339 7290//339 5042//339
f 7290//466 7291//466 5041//466
f 7291//465 7292//465 5040//465
f 7292//464 7293//464 5039//464
f 7293//463 7294//463 5038//463
f 7294//462 7295//462 5037//462
f 7295//461 7296//461 5036//461
f 7296//460 7297//460 5062//460
f 7297//459 7298//459 5063//459
f 7298//467 7299//467 5064//467
f 7299//457 7300//457 5065//457
f 7300//456 7301//456 5034//456
f 7301//455 7302//455 5033//455
f 7302//454 7303//454 5032//454
f 7303//453 7304//453 5031//453
f 7304//452 7305//452 5030//452
f 7305//451 7306//451 5029//451
f 7306//450 7307//450 5028//450
f 7307//449 7308//449 5027//449
f 7308//469 7309//469 5026//469
f 7309//447 7310//447 5025//447
f 7310//470 7311//470 5024//470
f 7311//445 7312//445 5023//445
f 7312//444 7313//444 5022//444
f 7313//443 7314//443 5021//443
f 7314//442 7288//442 5020//442
f 7288//441 7287//441 5035//441
f 7287//440 7286//440 5066//440
f 7286//439 7285//439 5067//439
f 7285//438 7284//438 5068//438
f 7284//437 7283//437 5061//437
f 7283//436 7282//436 5060//436
f 7282//490 7281//490 5058//490
f 7281//434 7280//434 5059//434
f 7280//433 7279//433 5069//433
f 7279//432 7278//432 5070//432
f 7278//473 7277//473 5071//473
f 7277//430 7276//430 5072//430
f 7276//429 7275//429 5073//429
f 7275//428 7274//428 5074//428
f 7274//427 7273//427 5075//427
f 7273//474 7272//474 5076//474
f 7272//425 7271//425 5077//425
f 7271//424 7270//424 5078//424
f 7270//475 7269//475 5079//475
f 7269//422 7268//422 5080//422
f 7268//421 7267//421 5081//421
f 7267//420 7266//420 5082//420
f 7266//419 7265//419 5083//419
f 7265//477 7264//477 5084//477
f 7264//417 7263//417 5085//417
f 7263//416 7262//416 5086//416
f 7262//415 7261//415 5087//415
f 7261//414 7260//414 5088//414
f 7260//413 7259//413 5089//413
f 7259//412 7258//412 5090//412
f 7258//478 7257//478 5091//478
f 7257//410 7256//410 5092//410
f 7256//409 7255//409 5093//409
f 7255//408 7254//408 5094//408
f 7254//407 7253//407 5057//407
f 7253//406 7252//406 5056//406
f 7252//405 7251//405 5053//405
f 7251//404 7250//404 5054//404
f 7250//403 7248//403 5095//403
f 7248//402 7247//402 5096//402
f 7247//401 7246//401 5097//401
f 7246//400 7245//400 5098//400
f 7245//399 7244//399 5099//399
f 7244//398 7243//398 5100//398
f 7243//397 7242//397 5101//397
f 7242//396 7241//396 5102//396
f 7241//395 7240//395 5103//395
f 7240//479 7239//479 5104//479
f 7239//393 7238//393 5105//393
f 7238//392 7237//392 5106//392
f 7237//391 7236//391 5107//391
f 7236//390 7235//390 5108//390
f 7235//389 7234//389 5109//389
f 7234//388 7233//388 5110//388
f 7233//491 7232//491 5111//491
f 7232//386 7231//386 5112//386
f 7231//385 7230//385 5113//385
f 7230//384 7229//384 5114//384
f 7229//383 7228//383 5115//383
f 7228//480 7227//480 5116//480
f 7227//381 7226//381 5117//381
f 7226//380 7225//380 5118//380
f 7225//492 7224//492 5119//492
f 7224//378 7223//378 5120//378
f 7223//377 7222//377 5121//377
f 7222//376 7221//376 5122//376
f 7221//375 7220//375 5052//375
f 7220//493 7219//493 5051//493
f 7219//373 7218//373 5048//373
f 7218//372 7217//372 5049//372
f 7217//371 7215//371 5123//371
f 7215//482 7214//482 5124//482
f 7214//369 7213//369 5125//369
f 7213//368 7212//368 5126//368
f 7212//367 7211//367 5127//367
f 7211//366 7210//366 5128//366
f 7210//365 7209//365 5129//365
f 7209//364 7208//364 5130//364
f 7208//363 7207//363 5131//363
f 7207//362 7206//362 5132//362
f 7206//361 7205//361 5133//361
f 7205//360 7204//360 5134//360
f 7204//483 7203//483 5135//483
f 7203//358 7202//358 5136//358
f 7202//494 7201//494 5137//494
f 7201//356 7200//356 5138//356
f 7200//355 7199//355 5139//355
f 7199//354 7198//354 5140//354
f 7198//353 7197//353 5141//353
f 7197//352 7196//352 5142//352
f 7196//351 7195//351 5143//351
f 7195//350 7194//350 5144//350
f 7194//349 7193//349 5145//349
f 7193//348 7192//348 5146//348
f 7192//484 7191//484 5147//484
f 7191//346 7190//346 5148//346
f 7190//345 7189//345 5149//345
f 7189//344 7188//344 5150//344
f 7188//343 7187//343 5047//343
f 7187//342 7186//342 5046//342
f 7001//11 7315//11 6999//11
f 7001//12 7316//12 7315//12
f 7001//12 7002//12 7316//12
f 7316//13 7002//13 7317//13
f 7317//13 7002//13 7033//13
f 7318//14 7033//14 7032//14
f 7319//15 7032//15 7031//15
f 7320//16 7031//16 6928//16
f 7321//17 6928//17 6905//17
f 7322//18 6905//18 6906//18
f 7323//19 6906//19 6907//19
f 7324//20 6907//20 6908//20
f 7325//21 6908//21 6909//21
f 7326//22 6909//22 6910//22
f 7327//23 6910//23 6911//23
f 7328//496 6911//496 6912//496
f 7329//25 6912//25 6913//25
f 7330//26 6913//26 6914//26
f 7331//336 6914//336 6915//336
f 7332//28 6915//28 6916//28
f 7333//29 6916//29 6917//29
f 7334//30 6917//30 6918//30
f 7335//31 6918//31 6919//31
f 7336//32 6919//32 6920//32
f 7337//33 6920//33 6921//33
f 7338//34 6921//34 6922//34
f 7339//35 6922//35 6923//35
f 7340//36 6923//36 6924//36
f 7341//37 6924//37 6925//37
f 7342//38 6925//38 6926//38
f 7343//39 6926//39 6927//39
f 7344//40 6927//40 6929//40
f 7345//498 6929//498 6930//498
f 7346//499 6930//499 6931//499
f 7347//500 6931//500 6932//500
f 7348//501 6932//501 6933//501
f 7349//45 6933//45 6934//45
f 7350//46 6934//46 6935//46
f 7351//47 6935//47 6936//47
f 7352//48 6936//48 6937//48
f 7353//49 6937//49 6938//49
f 7354//50 6938//50 6939//50
f 7355//51 6939//51 6940//51
f 7356//52 6940//52 6941//52
f 7357//53 6941//53 6942//53
f 7358//503 6942//503 6943//503
f 7359//55 6943//55 6944//55
f 7360//56 6944//56 6945//56
f 7361//57 6945//57 6946//57
f 7362//1137 6946//1137 6947//1137
f 7363//59 6947//59 6948//59
f 7364//60 6948//60 6949//60
f 7365//504 6949//504 6950//504
f 7366//62 6950//62 6951//62
f 7367//63 6951//63 6952//63
f 7368//64 6952//64 6953//64
f 7369//65 6953//65 6954//65
f 7370//505 6954//505 6955//505
f 7371//67 6955//67 6956//67
f 7372//68 6956//68 6957//68
f 7373//69 6957//69 6958//69
f 7374//70 6958//70 6959//70
f 7375//71 6959//71 6960//71
f 7376//72 6960//72 6961//72
f 7377//73 6961//73 6962//73
f 7378//74 6962//74 6963//74
f 7379//75 6963//75 6965//75
f 7380//76 6965//76 6966//76
f 7381//77 6966//77 6967//77
f 7382//78 6967//78 6968//78
f 7383//79 6968//79 6969//79
f 7384//80 6969//80 6970//80
f 7385//81 6970//81 6971//81
f 7386//82 6971//82 6972//82
f 7387//83 6972//83 6973//83
f 7388//84 6973//84 6974//84
f 7389//85 6974//85 6975//85
f 7390//86 6975//86 6976//86
f 7391//87 6976//87 6977//87
f 7392//88 6977//88 6978//88
f 7393//89 6978//89 6979//89
f 7394//90 6979//90 6980//90
f 7395//91 6980//91 6981//91
f 7396//92 6981//92 6982//92
f 7397//93 6982//93 6983//93
f 7398//94 6983//94 6984//94
f 7399//507 6984//507 6985//507
f 7400//96 6985//96 6986//96
f 7401//97 6986//97 6987//97
f 7402//98 6987//98 6988//98
f 7403//99 6988//99 6989//99
f 7404//100 6989//100 6990//100
f 7405//101 6990//101 6991//101
f 7406//102 6991//102 6992//102
f 7407//103 6992//103 6993//103
f 7408//104 6993//104 6994//104
f 7409//508 6994//508 6995//508
f 7410//509 6995//509 6996//509
f 7411//510 6996//510 6997//510
f 7412//511 6997//511 6998//511
f 7413//109 6998//109 7030//109
f 7414//110 7030//110 7029//110
f 7415//111 7029//111 7028//111
f 7416//112 7028//112 7027//112
f 7417//113 7027//113 7026//113
f 7418//114 7026//114 7025//114
f 7419//115 7025//115 7024//115
f 7420//116 7024//116 7023//116
f 7421//117 7023//117 7022//117
f 7422//513 7022//513 7021//513
f 7423//119 7021//119 7020//119
f 7424//120 7020//120 7019//120
f 7425//141 7019//141 7018//141
f 7426//331 7018//331 7017//331
f 7427//123 7017//123 7016//123
f 7428//124 7016//124 7015//124
f 7429//514 7015//514 7014//514
f 7430//126 7014//126 7013//126
f 7431//127 7013//127 7012//127
f 7432//128 7012//128 7011//128
f 7433//129 7011//129 7010//129
f 7434//130 7010//130 7009//130
f 7435//131 7009//131 7008//131
f 7436//132 7008//132 7007//132
f 7437//133 7007//133 7006//133
f 7438//134 7006//134 7005//134
f 7439//135 7005//135 7004//135
f 7440//136 7004//136 7003//136
f 7441//137 7003//137 7000//137
f 7442//138 7000//138 6999//138
f 7315//139 7442//139 6999//139
f 7442//140 7441//140 7000//140
f 7441//137 7440//137 7003//137
f 7440//136 7439//136 7004//136
f 7439//135 7438//135 7005//135
f 7438//134 7437//134 7006//134
f 7437//133 7436//133 7007//133
f 7436//132 7435//132 7008//132
f 7435//131 7434//131 7009//131
f 7434//130 7433//130 7010//130
f 7433//129 7432//129 7011//129
f 7432//128 7431//128 7012//128
f 7431//127 7430//127 7013//127
f 7430//126 7429//126 7014//126
f 7429//514 7428//514 7015//514
f 7428//124 7427//124 7016//124
f 7427//123 7426//123 7017//123
f 7426//331 7425//331 7018//331
f 7425//141 7424//141 7019//141
f 7424//120 7423//120 7020//120
f 7423//119 7422//119 7021//119
f 7422//118 7421//118 7022//118
f 7421//117 7420//117 7023//117
f 7420//116 7419//116 7024//116
f 7419//115 7418//115 7025//115
f 7418//114 7417//114 7026//114
f 7417//113 7416//113 7027//113
f 7416//112 7415//112 7028//112
f 7415//111 7414//111 7029//111
f 7414//110 7413//110 7030//110
f 7413//109 7412//109 6998//109
f 7412//511 7411//511 6997//511
f 7411//510 7410//510 6996//510
f 7410//509 7409//509 6995//509
f 7409//508 7408//508 6994//508
f 7408//104 7407//104 6993//104
f 7407//103 7406//103 6992//103
f 7406//102 7405//102 6991//102
f 7405//101 7404//101 6990//101
f 7404//100 7403//100 6989//100
f 7403//99 7402//99 6988//99
f 7402//98 7401//98 6987//98
f 7401//97 7400//97 6986//97
f 7400//96 7399//96 6985//96
f 7399//507 7398//507 6984//507
f 7398//94 7397//94 6983//94
f 7397//93 7396//93 6982//93
f 7396//92 7395//92 6981//92
f 7395//1138 7394//1138 6980//1138
f 7394//90 7393//90 6979//90
f 7393//89 7392//89 6978//89
f 7392//517 7391//517 6977//517
f 7391//87 7390//87 6976//87
f 7390//86 7389//86 6975//86
f 7389//85 7388//85 6974//85
f 7388//84 7387//84 6973//84
f 7387//518 7386//518 6972//518
f 7386//82 7385//82 6971//82
f 7385//81 7384//81 6970//81
f 7384//80 7383//80 6969//80
f 7383//79 7382//79 6968//79
f 7382//143 7381//143 6967//143
f 7381//77 7380//77 6966//77
f 7380//76 7379//76 6965//76
f 7379//75 7378//75 6963//75
f 7378//74 7377//74 6962//74
f 7377//73 7376//73 6961//73
f 7376//72 7375//72 6960//72
f 7375//144 7374//144 6959//144
f 7374//70 7373//70 6958//70
f 7373//69 7372//69 6957//69
f 7372//68 7371//68 6956//68
f 7371//67 7370//67 6955//67
f 7370//66 7369//66 6954//66
f 7369//65 7368//65 6953//65
f 7368//64 7367//64 6952//64
f 7367//63 7366//63 6951//63
f 7366//62 7365//62 6950//62
f 7365//61 7364//61 6949//61
f 7364//60 7363//60 6948//60
f 7363//59 7362//59 6947//59
f 7362//145 7361//145 6946//145
f 7361//57 7360//57 6945//57
f 7360//56 7359//56 6944//56
f 7359//55 7358//55 6943//55
f 7358//503 7357//503 6942//503
f 7357//53 7356//53 6941//53
f 7356//52 7355//52 6940//52
f 7355//51 7354//51 6939//51
f 7354//50 7353//50 6938//50
f 7353//49 7352//49 6937//49
f 7352//48 7351//48 6936//48
f 7351//47 7350//47 6935//47
f 7350//46 7349//46 6934//46
f 7349//45 7348//45 6933//45
f 7348//501 7347//501 6932//501
f 7347//500 7346//500 6931//500
f 7346//499 7345//499 6930//499
f 7345//498 7344//498 6929//498
f 7344//40 7343//40 6927//40
f 7343//39 7342//39 6926//39
f 7342//38 7341//38 6925//38
f 7341//37 7340//37 6924//37
f 7340//36 7339//36 6923//36
f 7339//35 7338//35 6922//35
f 7338//34 7337//34 6921//34
f 7337//33 7336//33 6920//33
f 7336//32 7335//32 6919//32
f 7335//497 7334//497 6918//497
f 7334//30 7333//30 6917//30
f 7333//29 7332//29 6916//29
f 7332//28 7331//28 6915//28
f 7331//336 7330//336 6914//336
f 7330//26 7329//26 6913//26
f 7329//25 7328//25 6912//25
f 7328//496 7327//496 6911//496
f 7327//23 7326//23 6910//23
f 7326//22 7325//22 6909//22
f 7325//21 7324//21 6908//21
f 7324//20 7323//20 6907//20
f 7323//19 7322//19 6906//19
f 7322//18 7321//18 6905//18
f 7321//17 7320//17 6928//17
f 7320//16 7319//16 7031//16
f 7319//15 7318//15 7032//15
f 7318//14 7317//14 7033//14
f 7249//2 7109//2 7351//2
f 7352//2 7249//2 7351//2
f 7352//2 7353//2 7249//2
f 7249//2 7353//2 7354//2
f 7355//2 7249//2 7354//2
f 7355//2 7356//2 7249//2
f 7249//2 7356//2 7357//2
f 7358//2 7249//2 7357//2
f 7358//2 7359//2 7249//2
f 7249//2 7359//2 7360//2
f 7361//2 7249//2 7360//2
f 7361//2 7362//2 7249//2
f 7249//2 7362//2 7363//2
f 7364//2 7249//2 7363//2
f 7364//2 7365//2 7249//2
f 7249//2 7365//2 7366//2
f 7367//2 7249//2 7366//2
f 7367//2 7368//2 7249//2
f 7249//2 7368//2 7369//2
f 7370//2 7249//2 7369//2
f 7370//2 7371//2 7249//2
f 7249//2 7371//2 7372//2
f 7373//2 7249//2 7372//2
f 7373//2 7374//2 7249//2
f 7249//2 7374//2 7375//2
f 7376//2 7249//2 7375//2
f 7376//2 7377//2 7249//2
f 7249//2 7377//2 7378//2
f 7443//2 7378//2 7379//2
f 7380//2 7443//2 7379//2
f 7380//2 7381//2 7443//2
f 7443//2 7381//2 7382//2
f 7383//2 7443//2 7382//2
f 7383//2 7384//2 7443//2
f 7443//2 7384//2 7385//2
f 7386//2 7443//2 7385//2
f 7386//2 7387//2 7443//2
f 7443//2 7387//2 7388//2
f 7389//2 7443//2 7388//2
f 7389//2 7390//2 7443//2
f 7443//2 7390//2 7391//2
f 7392//2 7443//2 7391//2
f 7392//2 7393//2 7443//2
f 7443//2 7393//2 7394//2
f 7395//2 7443//2 7394//2
f 7395//2 7396//2 7443//2
f 7443//2 7396//2 7397//2
f 7398//2 7443//2 7397//2
f 7398//2 7399//2 7443//2
f 7443//2 7399//2 7400//2
f 7401//2 7443//2 7400//2
f 7401//2 7402//2 7443//2
f 7443//2 7402//2 7403//2
f 7404//2 7443//2 7403//2
f 7404//2 7405//2 7443//2
f 7443//2 7405//2 7406//2
f 7407//2 7443//2 7406//2
f 7407//2 7408//2 7443//2
f 7443//2 7408//2 7409//2
f 7410//2 7443//2 7409//2
f 7410//2 7444//2 7443//2
f 7410//2 7411//2 7444//2
f 7444//2 7411//2 7412//2
f 7413//2 7444//2 7412//2
f 7413//2 7414//2 7444//2
f 7444//2 7414//2 7415//2
f 7416//2 7444//2 7415//2
f 7416//2 7417//2 7444//2
f 7444//2 7417//2 7418//2
f 7419//2 7444//2 7418//2
f 7419//2 7420//2 7444//2
f 7444//2 7420//2 7421//2
f 7422//2 7444//2 7421//2
f 7422//2 7423//2 7444//2
f 7444//2 7423//2 7424//2
f 7425//2 7444//2 7424//2
f 7425//2 7426//2 7444//2
f 7444//2 7426//2 7427//2
f 7428//2 7444//2 7427//2
f 7428//2 7429//2 7444//2
f 7444//2 7429//2 7430//2
f 7431//2 7444//2 7430//2
f 7431//2 7432//2 7444//2
f 7444//2 7432//2 7433//2
f 7434//2 7444//2 7433//2
f 7434//2 7435//2 7444//2
f 7444//2 7435//2 7436//2
f 7437//2 7444//2 7436//2
f 7437//2 7438//2 7444//2
f 7444//2 7438//2 7439//2
f 7440//2 7444//2 7439//2
f 7440//2 7159//2 7444//2
f 7440//2096 7441//2096 7159//2096
f 7159//2 7441//2 7442//2
f 7315//2 7159//2 7442//2
f 7315//2 7316//2 7159//2
f 7159//2 7316//2 7317//2
f 7318//2 7159//2 7317//2
f 7318//2 7319//2 7159//2
f 7159//2 7319//2 7158//2
f 7158//2 7319//2 7320//2
f 7157//2 7320//2 7321//2
f 7156//2 7321//2 7155//2
f 7156//2 7157//2 7321//2
f 7113//2 7348//2 7112//2
f 7113//2 7114//2 7348//2
f 7348//2 7114//2 7115//2
f 7116//2 7348//2 7115//2
f 7116//2 7347//2 7348//2
f 7116//2 7117//2 7347//2
f 7347//2 7117//2 7118//2
f 7346//2 7118//2 7119//2
f 7120//2 7346//2 7119//2
f 7120//2 7121//2 7346//2
f 7346//2 7121//2 7345//2
f 7345//2 7121//2 7122//2
f 7123//2 7345//2 7122//2
f 7123//2 7344//2 7345//2
f 7123//2 7124//2 7344//2
f 7344//2 7124//2 7343//2
f 7343//2 7124//2 7342//2
f 7342//2 7124//2 7341//2
f 7341//2 7124//2 7125//2
f 7340//2 7125//2 7126//2
f 7339//2 7126//2 7338//2
f 7339//2 7340//2 7126//2
f 7112//2 7349//2 7111//2
f 7112//2 7348//2 7349//2
f 7126//2 7127//2 7338//2
f 7338//2 7127//2 7128//2
f 7337//2 7128//2 7129//2
f 7336//2 7129//2 7130//2
f 7335//2 7130//2 7131//2
f 7132//2 7335//2 7131//2
f 7132//2 7133//2 7335//2
f 7335//2 7133//2 7134//2
f 7135//2 7335//2 7134//2
f 7135//2 7136//2 7335//2
f 7335//2 7136//2 7137//2
f 7138//2 7335//2 7137//2
f 7138//2 7139//2 7335//2
f 7335//2 7139//2 7334//2
f 7334//2 7139//2 7140//2
f 7141//2 7334//2 7140//2
f 7141//2 7333//2 7334//2
f 7141//2 7332//2 7333//2
f 7141//2 7331//2 7332//2
f 7141//2 7330//2 7331//2
f 7141//2 7329//2 7330//2
f 7141//2 7142//2 7329//2
f 7329//2 7142//2 7143//2
f 7328//2097 7143//2097 7144//2097
f 7145//2096 7328//2096 7144//2096
f 7145//2 7327//2 7328//2
f 7145//2 7146//2 7327//2
f 7327//2 7146//2 7147//2
f 7326//2 7147//2 7148//2
f 7149//2 7326//2 7148//2
f 7149//2 7150//2 7326//2
f 7326//2 7150//2 7325//2
f 7325//2 7150//2 7324//2
f 7324//2 7150//2 7323//2
f 7323//2 7150//2 7322//2
f 7322//2 7150//2 7321//2
f 7321//2 7150//2 7151//2
f 7152//2 7321//2 7151//2
f 7152//2 7153//2 7321//2
f 7321//2 7153//2 7154//2
f 7155//2096 7321//2096 7154//2096
f 7157//2 7158//2 7320//2
f 7443//2 7249//2 7378//2
f 7326//2 7327//2 7147//2
f 7328//2 7329//2 7143//2
f 7335//2 7336//2 7130//2
f 7336//2 7337//2 7129//2
f 7337//2 7338//2 7128//2
f 7340//2 7341//2 7125//2
f 7346//2 7347//2 7118//2
f 7349//2 7350//2 7111//2
f 7111//2 7350//2 7110//2
f 7110//2 7350//2 7351//2
f 7109//2 7110//2 7351//2
f 7162//4 7445//4 7161//4
f 7162//4 7163//4 7445//4
f 7445//4 7163//4 7164//4
f 7165//4 7445//4 7164//4
f 7165//4 7166//4 7445//4
f 7445//4 7166//4 7167//4
f 7168//4 7445//4 7167//4
f 7168//4 7446//4 7445//4
f 7168//4 7447//4 7446//4
f 7168//4 7448//4 7447//4
f 7168//4 7449//4 7448//4
f 7168//4 7450//4 7449//4
f 7168//4 7169//4 7450//4
f 7450//4 7169//4 7170//4
f 7171//4 7450//4 7170//4
f 7171//4 7451//4 7450//4
f 7171//4 7172//4 7451//4
f 7451//4 7172//4 7173//4
f 7452//4 7173//4 7174//4
f 7175//4 7452//4 7174//4
f 7175//4 7453//4 7452//4
f 7175//4 7176//4 7453//4
f 7453//4 7176//4 7454//4
f 7454//4 7176//4 7455//4
f 7455//4 7176//4 7456//4
f 7456//4 7176//4 7457//4
f 7457//4 7176//4 7458//4
f 7458//4 7176//4 7177//4
f 7178//4 7458//4 7177//4
f 7178//4 7179//4 7458//4
f 7458//4 7179//4 7180//4
f 7181//4 7458//4 7180//4
f 7181//4 7182//4 7458//4
f 7458//4 7182//4 7183//4
f 7035//4 7458//4 7183//4
f 7035//4 7034//4 7458//4
f 7458//4 7034//4 7036//4
f 7459//4 7036//4 7037//4
f 7038//4 7459//4 7037//4
f 7038//4 7460//4 7459//4
f 7038//4 7039//4 7460//4
f 7460//4 7039//4 7461//4
f 7461//4 7039//4 7040//4
f 7462//4 7040//4 7041//4
f 7042//4 7462//4 7041//4
f 7042//4 7463//4 7462//4
f 7042//4 7464//4 7463//4
f 7042//4 7043//4 7464//4
f 7464//4 7043//4 7465//4
f 7465//4 7043//4 7044//4
f 7466//4 7044//4 7467//4
f 7466//4 7465//4 7044//4
f 7161//4 7468//4 7160//4
f 7161//4 7445//4 7468//4
f 7467//4 7044//4 7469//4
f 7469//4 7044//4 7045//4
f 7470//4 7045//4 7046//4
f 7047//4 7470//4 7046//4
f 7047//4 7471//4 7470//4
f 7047//4 7048//4 7471//4
f 7471//4 7048//4 7049//4
f 7050//4 7471//4 7049//4
f 7050//4 7472//4 7471//4
f 7050//4 7051//4 7472//4
f 7472//4 7051//4 7052//4
f 7473//4 7052//4 7053//4
f 7054//4 7473//4 7053//4
f 7054//4 7055//4 7473//4
f 7473//4 7055//4 7056//4
f 7474//4 7056//4 7057//4
f 7475//4 7057//4 7058//4
f 7476//4 7058//4 7059//4
f 7184//4 7476//4 7059//4
f 7184//4 7477//4 7476//4
f 7184//4 7478//4 7477//4
f 7184//4 7479//4 7478//4
f 7184//4 7480//4 7479//4
f 7184//4 7481//4 7480//4
f 7184//4 7482//4 7481//4
f 7184//4 7483//4 7482//4
f 7184//4 7484//4 7483//4
f 7184//4 7485//4 7484//4
f 7184//4 7486//4 7485//4
f 7184//4 7487//4 7486//4
f 7184//4 7488//4 7487//4
f 7184//4 7489//4 7488//4
f 7184//4 7490//4 7489//4
f 7184//4 7491//4 7490//4
f 7184//4 7492//4 7491//4
f 7184//4 7493//4 7492//4
f 7184//4 7494//4 7493//4
f 7184//4 7495//4 7494//4
f 7184//4 7496//4 7495//4
f 7184//4 7497//4 7496//4
f 7184//4 7498//4 7497//4
f 7184//4 7499//4 7498//4
f 7184//4 7500//4 7499//4
f 7184//4 7501//4 7500//4
f 7184//4 7502//4 7501//4
f 7184//4 7503//4 7502//4
f 7184//4 7504//4 7503//4
f 7503//4 7504//4 7505//4
f 7505//4 7504//4 7506//4
f 7506//4 7504//4 7507//4
f 7507//4 7504//4 7508//4
f 7508//4 7504//4 7509//4
f 7509//4 7504//4 7510//4
f 7510//4 7504//4 7511//4
f 7511//4 7504//4 7512//4
f 7512//4 7504//4 7513//4
f 7513//4 7504//4 7514//4
f 7514//4 7504//4 7515//4
f 7515//4 7504//4 7516//4
f 7516//4 7504//4 7517//4
f 7517//4 7504//4 7518//4
f 7518//4 7504//4 7519//4
f 7519//4 7504//4 7520//4
f 7520//4 7504//4 7521//4
f 7521//4 7504//4 7522//4
f 7522//4 7504//4 7523//4
f 7523//4 7504//4 7524//4
f 7524//4 7504//4 7525//4
f 7525//4 7504//4 7526//4
f 7526//4 7504//4 7527//4
f 7527//4 7504//4 7528//4
f 7528//4 7504//4 7529//4
f 7529//4 7504//4 7530//4
f 7530//4 7504//4 7531//4
f 7531//4 7504//4 7532//4
f 7532//4 7504//4 7533//4
f 7533//4 7504//4 7534//4
f 7534//4 7504//4 7535//4
f 7535//4 7504//4 7536//4
f 7536//4 7504//4 7444//4
f 7537//4 7444//4 7538//4
f 7537//4 7536//4 7444//4
f 7539//4 7540//4 7159//4
f 7541//4 7159//4 7542//4
f 7541//4 7539//4 7159//4
f 7476//4 7475//4 7058//4
f 7475//4 7474//4 7057//4
f 7474//4 7473//4 7056//4
f 7473//4 7472//4 7052//4
f 7470//4 7469//4 7045//4
f 7462//4 7461//4 7040//4
f 7459//4 7458//4 7036//4
f 7452//4 7451//4 7173//4
f 7468//4 7543//4 7160//4
f 7160//4 7543//4 7159//4
f 7159//4 7543//4 7544//4
f 7545//4 7159//4 7544//4
f 7545//4 7542//4 7159//4
f 7540//4 7546//4 7159//4
f 7159//4 7546//4 7444//4
f 7444//4 7546//4 7547//4
f 7548//4 7444//4 7547//4
f 7548//4 7549//4 7444//4
f 7444//4 7549//4 7550//4
f 7551//4 7444//4 7550//4
f 7551//4 7552//4 7444//4
f 7444//4 7552//4 7553//4
f 7554//4 7444//4 7553//4
f 7554//4 7555//4 7444//4
f 7444//4 7555//4 7556//4
f 7557//4 7444//4 7556//4
f 7557//4 7558//4 7444//4
f 7444//4 7558//4 7559//4
f 7560//4 7444//4 7559//4
f 7560//4 7561//4 7444//4
f 7444//4 7561//4 7562//4
f 7563//4 7444//4 7562//4
f 7563//4 7564//4 7444//4
f 7444//4 7564//4 7565//4
f 7566//4 7444//4 7565//4
f 7566//4 7567//4 7444//4
f 7444//4 7567//4 7568//4
f 7569//4 7444//4 7568//4
f 7569//4 7570//4 7444//4
f 7444//4 7570//4 7571//4
f 7572//4 7444//4 7571//4
f 7572//4 7573//4 7444//4
f 7444//4 7573//4 7538//4
f 7184//3 7216//3 7504//3
f 7504//3 7216//3 7574//3
f 7216//1 7249//1 7574//1
f 7574//1 7249//1 7443//1
f 7574//5 7443//5 7504//5
f 7504//5 7443//5 7444//5
f 7575//1040 7576//1040 3607//1040
f 3606//1120 7575//1120 3607//1120
f 3606//1039 7577//1039 7575//1039
f 3606//2098 7578//2098 7577//2098
f 3606//1037 3605//1037 7578//1037
f 7578//1036 3605//1036 7579//1036
f 7579//2099 3605//2099 7580//2099
f 7580//1121 3605//1121 3604//1121
f 7581//2100 3604//2100 7582//2100
f 7581//1034 7580//1034 3604//1034
f 3604//2101 3603//2101 7582//2101
f 7582//2102 3603//2102 7583//2102
f 7583//2103 3603//2103 7584//2103
f 7584//1122 3603//1122 3602//1122
f 7585//2104 3602//2104 3601//2104
f 7586//2105 3601//2105 3600//2105
f 7587//1125 3600//1125 3599//1125
f 7588//2106 3599//2106 3598//2106
f 7589//2107 3598//2107 3597//2107
f 7590//2108 3597//2108 3596//2108
f 7591//2109 3596//2109 3595//2109
f 7592//1130 3595//1130 3594//1130
f 7593//2110 3594//2110 3593//2110
f 7594//2111 3593//2111 3592//2111
f 7595//2112 3592//2112 3591//2112
f 3590//2113 7595//2113 3591//2113
f 3590//1016 7596//1016 7595//1016
f 3590//1014 3588//1014 7596//1014
f 7596//2114 3588//2114 3587//2114
f 7597//2115 3587//2115 3586//2115
f 3585//2116 7597//2116 3586//2116
f 3585//1010 7598//1010 7597//1010
f 3585//1008 3584//1008 7598//1008
f 7598//1009 3584//1009 3583//1009
f 7599//1006 3583//1006 3582//1006
f 3581//1005 7599//1005 3582//1005
f 3581//1004 7600//1004 7599//1004
f 3581//1002 3580//1002 7600//1002
f 7600//2117 3580//2117 3579//2117
f 7601//2118 3579//2118 3578//2118
f 3577//999 7601//999 3578//999
f 3577//2119 7602//2119 7601//2119
f 3577//2120 3576//2120 7602//2120
f 7602//997 3576//997 3575//997
f 7603//2121 3575//2121 3573//2121
f 3572//993 7603//993 3573//993
f 3572//2122 7604//2122 7603//2122
f 3572//990 3571//990 7604//990
f 7604//991 3571//991 3570//991
f 7605//2123 3570//2123 3569//2123
f 3568//2124 7605//2124 3569//2124
f 3568//986 7606//986 7605//986
f 3568//984 3567//984 7606//984
f 7606//985 3567//985 3566//985
f 7607//2125 3566//2125 3565//2125
f 7608//2126 3565//2126 3564//2126
f 7609//979 3564//979 3563//979
f 7610//2127 3563//2127 7611//2127
f 7610//2128 7609//2128 3563//2128
f 3563//2129 3562//2129 7611//2129
f 7611//975 3562//975 7612//975
f 7612//2130 3562//2130 7613//2130
f 7613//2131 3562//2131 7614//2131
f 7614//1134 3562//1134 3561//1134
f 7615//2132 3561//2132 7616//2132
f 7615//2133 7614//2133 3561//2133
f 3561//970 3560//970 7616//970
f 7616//969 3560//969 7617//969
f 7617//968 3560//968 7618//968
f 7618//2134 3560//2134 3559//2134
f 7619//2135 3559//2135 7620//2135
f 7619//2136 7618//2136 3559//2136
f 3559//965 3558//965 7620//965
f 7620//2137 3558//2137 7621//2137
f 7621//963 3558//963 7622//963
f 7622//1136 3558//1136 3557//1136
f 7623//2138 3557//2138 7624//2138
f 7623//962 7622//962 3557//962
f 3557//2139 3556//2139 7624//2139
f 7624//2140 3556//2140 7625//2140
f 7625//2141 3556//2141 7626//2141
f 7626//1089 3556//1089 3555//1089
f 7627//2142 3555//2142 7628//2142
f 7627//957 7626//957 3555//957
f 3555//2143 3554//2143 7628//2143
f 7628//2144 3554//2144 7629//2144
f 7629//2145 3554//2145 7630//2145
f 7630//2146 3554//2146 3553//2146
f 7631//951 3553//951 7632//951
f 7631//952 7630//952 3553//952
f 3553//950 3552//950 7632//950
f 7632//2147 3552//2147 7633//2147
f 7633//2148 3552//2148 7634//2148
f 7634//2149 3552//2149 3551//2149
f 7635//946 3551//946 7636//946
f 7635//947 7634//947 3551//947
f 3551//2150 3550//2150 7636//2150
f 7636//2151 3550//2151 7637//2151
f 7637//2152 3550//2152 7638//2152
f 7638//942 3550//942 3549//942
f 7639//2153 3549//2153 7640//2153
f 7639//941 7638//941 3549//941
f 7640//939 3549//939 7641//939
f 7641//1092 3549//1092 3548//1092
f 7642//1093 3548//1093 3547//1093
f 7643//1094 3547//1094 3546//1094
f 7644//935 3546//935 3545//935
f 3544//934 7644//934 3545//934
f 3544//933 7645//933 7644//933
f 3544//2154 3543//2154 7645//2154
f 7645//2155 3543//2155 3542//2155
f 7646//2156 3542//2156 3541//2156
f 3540//928 7646//928 3541//928
f 3540//2157 7647//2157 7646//2157
f 3540//2158 3538//2158 7647//2158
f 7647//926 3538//926 3537//926
f 7648//923 3537//923 3536//923
f 3535//2159 7648//2159 3536//2159
f 3535//2160 7649//2160 7648//2160
f 3535//2161 3534//2161 7649//2161
f 7649//920 3534//920 3533//920
f 7650//2162 3533//2162 3532//2162
f 3531//916 7650//916 3532//916
f 3531//915 7651//915 7650//915
f 3531//913 3530//913 7651//913
f 7651//914 3530//914 3529//914
f 7652//911 3529//911 3528//911
f 3527//2163 7652//2163 3528//2163
f 3527//909 7653//909 7652//909
f 3527//2164 3526//2164 7653//2164
f 7653//2165 3526//2165 3525//2165
f 7654//905 3525//905 3523//905
f 3522//2166 7654//2166 3523//2166
f 3522//2167 7655//2167 7654//2167
f 3522//2168 3521//2168 7655//2168
f 7655//2169 3521//2169 3520//2169
f 7656//2170 3520//2170 3519//2170
f 7657//2171 3519//2171 3518//2171
f 7658//2172 3518//2172 3517//2172
f 7659//2173 3517//2173 3516//2173
f 7660//2174 3516//2174 3515//2174
f 7661//2175 3515//2175 3514//2175
f 7662//2176 3514//2176 3513//2176
f 7663//1102 3513//1102 3512//1102
f 7664//2177 3512//2177 3511//2177
f 7665//2178 3511//2178 3510//2178
f 7666//1105 3510//1105 3509//1105
f 7667//2179 3509//2179 7668//2179
f 7667//2180 7666//2180 3509//2180
f 3509//2181 3508//2181 7668//2181
f 7668//2182 3508//2182 7669//2182
f 7669//885 3508//885 7670//885
f 7670//2183 3508//2183 3507//2183
f 7671//2184 3507//2184 7672//2184
f 7671//2185 7670//2185 3507//2185
f 3507//882 3506//882 7672//882
f 7672//881 3506//881 7673//881
f 7673//880 3506//880 7674//880
f 7674//1107 3506//1107 3504//1107
f 7675//2186 3504//2186 7676//2186
f 7675//2187 7674//2187 3504//2187
f 3504//877 3503//877 7676//877
f 7676//2188 3503//2188 7677//2188
f 7677//2189 3503//2189 7678//2189
f 7678//2190 3503//2190 3787//2190
f 7679//873 3787//873 7680//873
f 7679//2191 7678//2191 3787//2191
f 3787//872 3786//872 7680//872
f 7680//2192 3786//2192 7681//2192
f 7681//870 3786//870 7682//870
f 7682//2193 3786//2193 3785//2193
f 7683//868 3785//868 7684//868
f 7683//869 7682//869 3785//869
f 3785//2194 3784//2194 7684//2194
f 7684//866 3784//866 7685//866
f 7685//2195 3784//2195 7686//2195
f 7686//2196 3784//2196 3783//2196
f 7687//2197 3783//2197 7688//2197
f 7687//2198 7686//2198 3783//2198
f 3783//862 3782//862 7688//862
f 7688//861 3782//861 7689//861
f 7689//860 3782//860 7690//860
f 7690//1111 3782//1111 3781//1111
f 7691//1112 3781//1112 3780//1112
f 7692//1113 3780//1113 3779//1113
f 7693//856 3779//856 3778//856
f 3777//2199 7693//2199 3778//2199
f 3777//2200 3776//2200 7693//2200
f 7693//853 3776//853 7694//853
f 7694//851 3776//851 3775//851
f 3774//2201 7694//2201 3775//2201
f 3774//850 7695//850 7694//850
f 3774//2202 3773//2202 7695//2202
f 7695//2203 3773//2203 3772//2203
f 7696//845 3772//845 3771//845
f 3770//846 7696//846 3771//846
f 3770//844 7697//844 7696//844
f 3770//2204 3769//2204 7697//2204
f 7697//2205 3769//2205 3768//2205
f 7698//840 3768//840 3767//840
f 3766//2206 7698//2206 3767//2206
f 3766//2207 7699//2207 7698//2207
f 3766//2208 3765//2208 7699//2208
f 7699//2209 3765//2209 3764//2209
f 7700//2210 3764//2210 3763//2210
f 3762//1085 7700//1085 3763//1085
f 3762//2211 7701//2211 7700//2211
f 3762//2212 3761//2212 7701//2212
f 7701//2213 3761//2213 3760//2213
f 7702//2214 3760//2214 3759//2214
f 3758//1079 7702//1079 3759//1079
f 3758//1078 7703//1078 7702//1078
f 3758//2215 3757//2215 7703//2215
f 7703//2216 3757//2216 3756//2216
f 7704//2217 3756//2217 3755//2217
f 3754//2218 7704//2218 3755//2218
f 3754//1072 7705//1072 7704//1072
f 3754//2219 3753//2219 7705//2219
f 7705//2220 3753//2220 3752//2220
f 7706//1068 3752//1068 3751//1068
f 3750//2221 7706//2221 3751//2221
f 3750//2222 3749//2222 7706//2222
f 7706//2223 3749//2223 7707//2223
f 7707//2224 3749//2224 3748//2224
f 3747//1064 7707//1064 3748//1064
f 3747//2225 7708//2225 7707//2225
f 3747//2226 3746//2226 7708//2226
f 7708//2227 3746//2227 7709//2227
f 7709//1115 3746//1115 3745//1115
f 7710//1116 3745//1116 3744//1116
f 7711//2228 3744//2228 7712//2228
f 7711//2229 7710//2229 3744//2229
f 3744//1057 3743//1057 7712//1057
f 7712//1056 3743//1056 7713//1056
f 7713//1055 3743//1055 7714//1055
f 7714//2230 3743//2230 3742//2230
f 7715//2231 3742//2231 7716//2231
f 7715//2232 7714//2232 3742//2232
f 3742//1052 3741//1052 7716//1052
f 7716//1051 3741//1051 7717//1051
f 7717//2233 3741//2233 7718//2233
f 7718//2234 3741//2234 3740//2234
f 7719//2235 3740//2235 7720//2235
f 7719//1049 7718//1049 3740//1049
f 3740//2236 3739//2236 7720//2236
f 7720//2237 3739//2237 7721//2237
f 7721//2238 3739//2238 7722//2238
f 7722//1119 3739//1119 3608//1119
f 7723//2239 3608//2239 7724//2239
f 7723//1044 7722//1044 3608//1044
f 7700//2240 7699//2240 3764//2240
f 7698//841 7697//841 3768//841
f 7696//2241 7695//2241 3772//2241
f 7693//2242 7692//2242 3779//2242
f 7692//2243 7691//2243 3780//2243
f 7691//859 7690//859 3781//859
f 7666//2244 7665//2244 3510//2244
f 7665//2245 7664//2245 3511//2245
f 7664//892 7663//892 3512//892
f 7663//2246 7662//2246 3513//2246
f 7662//2247 7661//2247 3514//2247
f 7661//2248 7660//2248 3515//2248
f 7660//2249 7659//2249 3516//2249
f 7659//2250 7658//2250 3517//2250
f 7658//2251 7657//2251 3518//2251
f 7657//899 7656//899 3519//899
f 7656//900 7655//900 3520//900
f 7654//2252 7653//2252 3525//2252
f 7652//912 7651//912 3529//912
f 7650//918 7649//918 3533//918
f 7648//924 7647//924 3537//924
f 7646//2253 7645//2253 3542//2253
f 7644//936 7643//936 3546//936
f 7643//937 7642//937 3547//937
f 7642//938 7641//938 3548//938
f 7609//980 7608//980 3564//980
f 7608//2254 7607//2254 3565//2254
f 7607//983 7606//983 3566//983
f 7605//2255 7604//2255 3570//2255
f 7603//2256 7602//2256 3575//2256
f 7601//2257 7600//2257 3579//2257
f 7599//1007 7598//1007 3583//1007
f 7597//1013 7596//1013 3587//1013
f 7595//1019 7594//1019 3592//1019
f 7594//2258 7593//2258 3593//2258
f 7593//2259 7592//2259 3594//2259
f 7592//1022 7591//1022 3595//1022
f 7591//2260 7590//2260 3596//2260
f 7590//2261 7589//2261 3597//2261
f 7589//2262 7588//2262 3598//2262
f 7588//2263 7587//2263 3599//2263
f 7587//2264 7586//2264 3600//2264
f 7586//1028 7585//1028 3601//1028
f 7585//2265 7584//2265 3602//2265
f 7576//1041 7724//1041 3607//1041
f 3607//1042 7724//1042 3608//1042
f 7710//1060 7709//1060 3745//1060
f 7706//2266 7705//2266 3752//2266
f 7704//1075 7703//1075 3756//1075
f 7702//2267 7701//2267 3760//2267
f 7725//8 7600//8 7726//8
f 7727//8 7725//8 7726//8
f 7727//8 7728//8 7725//8
f 7725//8 7728//8 7729//8
f 7730//8 7725//8 7729//8
f 7730//8 7731//8 7725//8
f 7725//8 7731//8 7732//8
f 7733//8 7725//8 7732//8
f 7733//8 7734//8 7725//8
f 7725//8 7734//8 7735//8
f 7736//8 7725//8 7735//8
f 7736//8 7737//8 7725//8
f 7725//8 7737//8 7738//8
f 7739//8 7725//8 7738//8
f 7739//8 7740//8 7725//8
f 7725//8 7740//8 7741//8
f 7742//8 7725//8 7741//8
f 7742//8 7743//8 7725//8
f 7725//8 7743//8 7744//8
f 7745//8 7725//8 7744//8
f 7745//8 7746//8 7725//8
f 7725//8 7746//8 7747//8
f 7748//8 7725//8 7747//8
f 7748//8 7749//8 7725//8
f 7725//8 7749//8 7750//8
f 7751//8 7725//8 7750//8
f 7751//8 7752//8 7725//8
f 7725//8 7752//8 7753//8
f 7754//8 7725//8 7753//8
f 7754//8 7755//8 7725//8
f 7754//8 7756//8 7755//8
f 7755//8 7756//8 7757//8
f 7758//8 7755//8 7757//8
f 7758//8 7759//8 7755//8
f 7755//8 7759//8 7760//8
f 7761//8 7755//8 7760//8
f 7761//8 7762//8 7755//8
f 7755//8 7762//8 7763//8
f 7764//8 7755//8 7763//8
f 7764//8 7765//8 7755//8
f 7755//8 7765//8 7766//8
f 7767//8 7755//8 7766//8
f 7767//8 7768//8 7755//8
f 7755//8 7768//8 7769//8
f 7770//8 7755//8 7769//8
f 7770//8 7771//8 7755//8
f 7755//8 7771//8 7772//8
f 7773//8 7755//8 7772//8
f 7773//8 7774//8 7755//8
f 7755//8 7774//8 7775//8
f 7776//8 7755//8 7775//8
f 7776//8 7777//8 7755//8
f 7755//8 7777//8 7778//8
f 7779//8 7755//8 7778//8
f 7779//8 7780//8 7755//8
f 7755//8 7780//8 7781//8
f 7782//8 7755//8 7781//8
f 7782//8 7783//8 7755//8
f 7755//8 7783//8 7784//8
f 7785//8 7755//8 7784//8
f 7785//8 7786//8 7755//8
f 7755//8 7786//8 7787//8
f 7788//8 7787//8 7789//8
f 7790//8 7788//8 7789//8
f 7790//8 7791//8 7788//8
f 7788//8 7791//8 7792//8
f 7793//8 7788//8 7792//8
f 7793//8 7794//8 7788//8
f 7788//8 7794//8 7795//8
f 7796//8 7788//8 7795//8
f 7796//8 7797//8 7788//8
f 7788//8 7797//8 7798//8
f 7799//8 7788//8 7798//8
f 7799//8 7800//8 7788//8
f 7788//8 7800//8 7801//8
f 7802//8 7788//8 7801//8
f 7802//8 7803//8 7788//8
f 7788//8 7803//8 7804//8
f 7805//8 7788//8 7804//8
f 7805//8 7806//8 7788//8
f 7788//8 7806//8 7807//8
f 7808//8 7788//8 7807//8
f 7808//8 7809//8 7788//8
f 7788//8 7809//8 7810//8
f 7811//8 7788//8 7810//8
f 7811//8 7812//8 7788//8
f 7788//8 7812//8 7813//8
f 7814//8 7788//8 7813//8
f 7814//8 7815//8 7788//8
f 7788//8 7815//8 7816//8
f 7817//8 7788//8 7816//8
f 7817//8 7818//8 7788//8
f 7788//8 7818//8 7650//8
f 7650//8 7818//8 7819//8
f 7820//8 7650//8 7819//8
f 7820//8 7821//8 7650//8
f 7650//8 7821//8 7822//8
f 7823//8 7650//8 7822//8
f 7823//8 7824//8 7650//8
f 7650//8 7824//8 7825//8
f 7649//8 7825//8 7826//8
f 7648//8 7826//8 7827//8
f 7647//8 7827//8 7646//8
f 7647//8 7648//8 7827//8
f 7602//8 7828//8 7601//8
f 7602//8 7603//8 7828//8
f 7828//8 7603//8 7829//8
f 7829//8 7603//8 7604//8
f 7830//8 7604//8 7605//8
f 7606//8 7830//8 7605//8
f 7606//8 7607//8 7830//8
f 7830//8 7607//8 7608//8
f 7609//8 7830//8 7608//8
f 7609//8 7831//8 7830//8
f 7609//8 7610//8 7831//8
f 7831//8 7610//8 7611//8
f 7832//8 7611//8 7612//8
f 7613//8 7832//8 7612//8
f 7613//8 7833//8 7832//8
f 7613//8 7614//8 7833//8
f 7833//8 7614//8 7834//8
f 7834//8 7614//8 7835//8
f 7835//8 7614//8 7836//8
f 7836//8 7614//8 7615//8
f 7837//8 7615//8 7616//8
f 7838//8 7616//8 7617//8
f 7839//8 7617//8 7618//8
f 7840//8 7618//8 7619//8
f 7841//8 7619//8 7620//8
f 7621//8 7841//8 7620//8
f 7621//8 7622//8 7841//8
f 7841//8 7622//8 7623//8
f 7624//8 7841//8 7623//8
f 7624//8 7625//8 7841//8
f 7841//8 7625//8 7626//8
f 7627//8 7841//8 7626//8
f 7627//8 7628//8 7841//8
f 7841//8 7628//8 7629//8
f 7630//8 7841//8 7629//8
f 7630//8 7631//8 7841//8
f 7841//8 7631//8 7632//8
f 7633//8 7841//8 7632//8
f 7633//8 7634//8 7841//8
f 7841//8 7634//8 7842//8
f 7842//8 7634//8 7843//8
f 7843//8 7634//8 7635//8
f 7844//8 7635//8 7845//8
f 7844//8 7843//8 7635//8
f 7636//8 7846//8 7635//8
f 7636//8 7637//8 7846//8
f 7846//8 7637//8 7638//8
f 7847//8 7638//8 7639//8
f 7640//8 7847//8 7639//8
f 7640//8 7848//8 7847//8
f 7640//8 7641//8 7848//8
f 7848//8 7641//8 7642//8
f 7849//8 7642//8 7850//8
f 7849//8 7848//8 7642//8
f 7643//8 7827//8 7642//8
f 7643//8 7644//8 7827//8
f 7827//8 7644//8 7645//8
f 7646//8 7827//8 7645//8
f 7648//8 7649//8 7826//8
f 7649//8 7650//8 7825//8
f 7788//8 7755//8 7787//8
f 7830//8 7829//8 7604//8
f 7828//8 7726//8 7601//8
f 7601//8 7726//8 7600//8
f 7827//8 7851//8 7642//8
f 7642//8 7851//8 7850//8
f 7847//8 7846//8 7638//8
f 7846//8 7852//8 7635//8
f 7635//8 7852//8 7853//8
f 7854//8 7635//8 7853//8
f 7854//8 7855//8 7635//8
f 7635//8 7855//8 7845//8
f 7841//8 7840//8 7619//8
f 7840//8 7839//8 7618//8
f 7839//8 7838//8 7617//8
f 7838//8 7837//8 7616//8
f 7837//8 7836//8 7615//8
f 7832//8 7831//8 7611//8
f 5587//403 7830//403 5586//403
f 5587//404 7829//404 7830//404
f 5587//404 5588//404 7829//404
f 7829//405 5588//405 7828//405
f 7828//405 5588//405 5589//405
f 7726//406 5589//406 5590//406
f 7727//407 5590//407 5592//407
f 7728//408 5592//408 5593//408
f 7729//409 5593//409 5691//409
f 7730//410 5691//410 5690//410
f 7731//411 5690//411 5689//411
f 7732//412 5689//412 5688//412
f 7733//413 5688//413 5687//413
f 7734//414 5687//414 5686//414
f 7735//415 5686//415 5685//415
f 7736//416 5685//416 5684//416
f 7737//417 5684//417 5683//417
f 7738//418 5683//418 5682//418
f 7739//419 5682//419 5681//419
f 7740//420 5681//420 5680//420
f 7741//421 5680//421 5679//421
f 7742//422 5679//422 5678//422
f 7743//423 5678//423 5677//423
f 7744//424 5677//424 5676//424
f 7745//425 5676//425 5675//425
f 7746//426 5675//426 5674//426
f 7747//427 5674//427 5673//427
f 7748//428 5673//428 5672//428
f 7749//429 5672//429 5671//429
f 7750//430 5671//430 5670//430
f 7751//431 5670//431 5669//431
f 7752//432 5669//432 5668//432
f 7753//433 5668//433 5667//433
f 7754//434 5667//434 5666//434
f 7756//435 5666//435 5595//435
f 7757//436 5595//436 5594//436
f 7758//437 5594//437 5597//437
f 7759//438 5597//438 5598//438
f 7760//439 5598//439 5665//439
f 7761//440 5665//440 5664//440
f 7762//441 5664//441 5663//441
f 7763//442 5663//442 5662//442
f 7764//443 5662//443 5661//443
f 7765//444 5661//444 5660//444
f 7766//445 5660//445 5659//445
f 7767//446 5659//446 5658//446
f 7768//447 5658//447 5657//447
f 7769//448 5657//448 5656//448
f 7770//449 5656//449 5655//449
f 7771//450 5655//450 5654//450
f 7772//451 5654//451 5653//451
f 7773//452 5653//452 5652//452
f 7774//453 5652//453 5651//453
f 7775//454 5651//454 5650//454
f 7776//455 5650//455 5649//455
f 7777//456 5649//456 5648//456
f 7778//457 5648//457 5647//457
f 7779//458 5647//458 5646//458
f 7780//459 5646//459 5645//459
f 7781//460 5645//460 5644//460
f 7782//461 5644//461 5643//461
f 7783//462 5643//462 5642//462
f 7784//463 5642//463 5641//463
f 7785//464 5641//464 5640//464
f 7786//465 5640//465 5639//465
f 7787//466 5639//466 5638//466
f 7789//339 5638//339 5600//339
f 7790//340 5600//340 5599//340
f 7791//341 5599//341 5602//341
f 7792//342 5602//342 5603//342
f 7793//343 5603//343 5637//343
f 7794//344 5637//344 5636//344
f 7795//345 5636//345 5635//345
f 7796//346 5635//346 5634//346
f 7797//347 5634//347 5633//347
f 7798//348 5633//348 5632//348
f 7799//349 5632//349 5631//349
f 7800//350 5631//350 5630//350
f 7801//351 5630//351 5629//351
f 7802//352 5629//352 5628//352
f 7803//353 5628//353 5627//353
f 7804//354 5627//354 5626//354
f 7805//355 5626//355 5625//355
f 7806//356 5625//356 5624//356
f 7807//357 5624//357 5623//357
f 7808//358 5623//358 5622//358
f 7809//359 5622//359 5621//359
f 7810//360 5621//360 5620//360
f 7811//361 5620//361 5619//361
f 7812//362 5619//362 5618//362
f 7813//363 5618//363 5617//363
f 7814//364 5617//364 5616//364
f 7815//365 5616//365 5615//365
f 7816//366 5615//366 5614//366
f 7817//367 5614//367 5613//367
f 7818//368 5613//368 5612//368
f 7819//369 5612//369 5605//369
f 7820//370 5605//370 5604//370
f 7821//371 5604//371 5606//371
f 7822//372 5606//372 5607//372
f 7823//373 5607//373 5611//373
f 7824//374 5611//374 5610//374
f 7825//375 5610//375 5609//375
f 7826//376 5609//376 5564//376
f 7827//377 5564//377 5561//377
f 7851//378 5561//378 5562//378
f 7850//379 5562//379 5563//379
f 7849//380 5563//380 5608//380
f 7848//381 5608//381 5565//381
f 7847//382 5565//382 5566//382
f 7846//383 5566//383 5567//383
f 7852//384 5567//384 5568//384
f 7853//385 5568//385 5569//385
f 7854//386 5569//386 5570//386
f 7855//387 5570//387 5571//387
f 7845//388 5571//388 5572//388
f 7844//389 5572//389 5573//389
f 7843//390 5573//390 5574//390
f 7842//391 5574//391 5575//391
f 7841//392 5575//392 5576//392
f 7840//393 5576//393 5577//393
f 7839//394 5577//394 5578//394
f 7838//395 5578//395 5579//395
f 7837//396 5579//396 5580//396
f 7836//397 5580//397 5581//397
f 7835//398 5581//398 5582//398
f 7834//399 5582//399 5583//399
f 7833//400 5583//400 5584//400
f 7832//401 5584//401 5585//401
f 7831//402 5585//402 5586//402
f 7830//403 7831//403 5586//403
f 7831//402 7832//402 5585//402
f 7832//401 7833//401 5584//401
f 7833//400 7834//400 5583//400
f 7834//399 7835//399 5582//399
f 7835//398 7836//398 5581//398
f 7836//397 7837//397 5580//397
f 7837//396 7838//396 5579//396
f 7838//395 7839//395 5578//395
f 7839//479 7840//479 5577//479
f 7840//393 7841//393 5576//393
f 7841//392 7842//392 5575//392
f 7842//391 7843//391 5574//391
f 7843//390 7844//390 5573//390
f 7844//389 7845//389 5572//389
f 7845//388 7855//388 5571//388
f 7855//387 7854//387 5570//387
f 7854//386 7853//386 5569//386
f 7853//385 7852//385 5568//385
f 7852//384 7846//384 5567//384
f 7846//383 7847//383 5566//383
f 7847//480 7848//480 5565//480
f 7848//381 7849//381 5608//381
f 7849//380 7850//380 5563//380
f 7850//379 7851//379 5562//379
f 7851//378 7827//378 5561//378
f 7827//377 7826//377 5564//377
f 7826//376 7825//376 5609//376
f 7825//375 7824//375 5610//375
f 7824//374 7823//374 5611//374
f 7823//373 7822//373 5607//373
f 7822//372 7821//372 5606//372
f 7821//481 7820//481 5604//481
f 7820//482 7819//482 5605//482
f 7819//369 7818//369 5612//369
f 7818//368 7817//368 5613//368
f 7817//367 7816//367 5614//367
f 7816//366 7815//366 5615//366
f 7815//365 7814//365 5616//365
f 7814//364 7813//364 5617//364
f 7813//363 7812//363 5618//363
f 7812//362 7811//362 5619//362
f 7811//361 7810//361 5620//361
f 7810//360 7809//360 5621//360
f 7809//483 7808//483 5622//483
f 7808//358 7807//358 5623//358
f 7807//357 7806//357 5624//357
f 7806//356 7805//356 5625//356
f 7805//355 7804//355 5626//355
f 7804//354 7803//354 5627//354
f 7803//353 7802//353 5628//353
f 7802//352 7801//352 5629//352
f 7801//351 7800//351 5630//351
f 7800//350 7799//350 5631//350
f 7799//349 7798//349 5632//349
f 7798//348 7797//348 5633//348
f 7797//484 7796//484 5634//484
f 7796//346 7795//346 5635//346
f 7795//345 7794//345 5636//345
f 7794//344 7793//344 5637//344
f 7793//343 7792//343 5603//343
f 7792//342 7791//342 5602//342
f 7791//341 7790//341 5599//341
f 7790//340 7789//340 5600//340
f 7789//339 7787//339 5638//339
f 7787//466 7786//466 5639//466
f 7786//465 7785//465 5640//465
f 7785//464 7784//464 5641//464
f 7784//463 7783//463 5642//463
f 7783//462 7782//462 5643//462
f 7782//461 7781//461 5644//461
f 7781//460 7780//460 5645//460
f 7780//459 7779//459 5646//459
f 7779//467 7778//467 5647//467
f 7778//457 7777//457 5648//457
f 7777//456 7776//456 5649//456
f 7776//455 7775//455 5650//455
f 7775//454 7774//454 5651//454
f 7774//453 7773//453 5652//453
f 7773//452 7772//452 5653//452
f 7772//468 7771//468 5654//468
f 7771//450 7770//450 5655//450
f 7770//449 7769//449 5656//449
f 7769//469 7768//469 5657//469
f 7768//447 7767//447 5658//447
f 7767//470 7766//470 5659//470
f 7766//445 7765//445 5660//445
f 7765//444 7764//444 5661//444
f 7764//471 7763//471 5662//471
f 7763//442 7762//442 5663//442
f 7762//441 7761//441 5664//441
f 7761//440 7760//440 5665//440
f 7760//439 7759//439 5598//439
f 7759//472 7758//472 5597//472
f 7758//437 7757//437 5594//437
f 7757//436 7756//436 5595//436
f 7756//435 7754//435 5666//435
f 7754//434 7753//434 5667//434
f 7753//433 7752//433 5668//433
f 7752//432 7751//432 5669//432
f 7751//473 7750//473 5670//473
f 7750//430 7749//430 5671//430
f 7749//429 7748//429 5672//429
f 7748//428 7747//428 5673//428
f 7747//427 7746//427 5674//427
f 7746//474 7745//474 5675//474
f 7745//425 7744//425 5676//425
f 7744//424 7743//424 5677//424
f 7743//475 7742//475 5678//475
f 7742//422 7741//422 5679//422
f 7741//476 7740//476 5680//476
f 7740//420 7739//420 5681//420
f 7739//419 7738//419 5682//419
f 7738//477 7737//477 5683//477
f 7737//417 7736//417 5684//417
f 7736//416 7735//416 5685//416
f 7735//415 7734//415 5686//415
f 7734//414 7733//414 5687//414
f 7733//413 7732//413 5688//413
f 7732//412 7731//412 5689//412
f 7731//478 7730//478 5690//478
f 7730//410 7729//410 5691//410
f 7729//409 7728//409 5593//409
f 7728//408 7727//408 5592//408
f 7727//407 7726//407 5590//407
f 7726//406 7828//406 5589//406
f 6802//147 7856//147 6803//147
f 6802//148 7857//148 7856//148
f 6802//148 6801//148 7857//148
f 7857//149 6801//149 7858//149
f 7858//149 6801//149 6800//149
f 7859//150 6800//150 6799//150
f 7860//151 6799//151 6798//151
f 7861//152 6798//152 6797//152
f 7862//153 6797//153 6796//153
f 7863//154 6796//154 6795//154
f 7864//330 6795//330 6794//330
f 7865//329 6794//329 6793//329
f 7866//157 6793//157 6792//157
f 7867//158 6792//158 6791//158
f 7868//159 6791//159 6790//159
f 7869//521 6790//521 6789//521
f 7870//161 6789//161 6788//161
f 7871//162 6788//162 6787//162
f 7872//2268 6787//2268 6786//2268
f 7873//164 6786//164 6785//164
f 7874//522 6785//522 6784//522
f 7875//166 6784//166 6783//166
f 7876//326 6783//326 6782//326
f 7877//523 6782//523 6781//523
f 7878//169 6781//169 6780//169
f 7879//170 6780//170 6779//170
f 7880//323 6779//323 6778//323
f 7881//172 6778//172 6777//172
f 7882//321 6777//321 6776//321
f 7883//174 6776//174 6904//174
f 7884//319 6904//319 6887//319
f 7885//176 6887//176 6876//176
f 7886//177 6876//177 6877//177
f 7887//178 6877//178 6878//178
f 7888//179 6878//179 6879//179
f 7889//316 6879//316 6880//316
f 7890//315 6880//315 6881//315
f 7891//182 6881//182 6882//182
f 7892//313 6882//313 6883//313
f 7893//184 6883//184 6884//184
f 7894//311 6884//311 6885//311
f 7895//186 6885//186 6886//186
f 7896//309 6886//309 6888//309
f 7897//188 6888//188 6889//188
f 7898//524 6889//524 6890//524
f 7899//307 6890//307 6891//307
f 7900//191 6891//191 6892//191
f 7901//534 6892//534 6893//534
f 7902//193 6893//193 6894//193
f 7903//2269 6894//2269 6895//2269
f 7904//306 6895//306 6896//306
f 7905//196 6896//196 6897//196
f 7906//525 6897//525 6898//525
f 7907//305 6898//305 6899//305
f 7908//199 6899//199 6900//199
f 7909//200 6900//200 6901//200
f 7910//201 6901//201 6902//201
f 7911//202 6902//202 6903//202
f 7912//203 6903//203 6875//203
f 7913//204 6875//204 6874//204
f 7914//205 6874//205 6873//205
f 7915//206 6873//206 6872//206
f 7916//207 6872//207 6871//207
f 7917//208 6871//208 6870//208
f 7918//209 6870//209 6869//209
f 7919//210 6869//210 6868//210
f 7920//211 6868//211 6867//211
f 7921//212 6867//212 6866//212
f 7922//213 6866//213 6865//213
f 7923//214 6865//214 6864//214
f 7924//215 6864//215 6863//215
f 7925//216 6863//216 6862//216
f 7926//217 6862//217 6861//217
f 7927//218 6861//218 6860//218
f 7928//302 6860//302 6859//302
f 7929//301 6859//301 6858//301
f 7930//221 6858//221 6857//221
f 7931//222 6857//222 6856//222
f 7932//223 6856//223 6855//223
f 7933//526 6855//526 6854//526
f 7934//225 6854//225 6853//225
f 7935//226 6853//226 6852//226
f 7936//2270 6852//2270 6851//2270
f 7937//228 6851//228 6850//228
f 7938//527 6850//527 6849//527
f 7939//230 6849//230 6848//230
f 7940//298 6848//298 6847//298
f 7941//528 6847//528 6846//528
f 7942//233 6846//233 6845//233
f 7943//234 6845//234 6844//234
f 7944//295 6844//295 6843//295
f 7945//236 6843//236 6842//236
f 7946//293 6842//293 6841//293
f 7947//238 6841//238 6840//238
f 7948//291 6840//291 6839//291
f 7949//240 6839//240 6838//240
f 7950//241 6838//241 6837//241
f 7951//242 6837//242 6835//242
f 7952//243 6835//243 6834//243
f 7953//288 6834//288 6833//288
f 7954//287 6833//287 6832//287
f 7955//246 6832//246 6831//246
f 7956//285 6831//285 6830//285
f 7957//248 6830//248 6829//248
f 7958//283 6829//283 6828//283
f 7959//250 6828//250 6827//250
f 7960//281 6827//281 6826//281
f 7961//252 6826//252 6825//252
f 7962//530 6825//530 6824//530
f 7963//279 6824//279 6823//279
f 7964//255 6823//255 6822//255
f 7965//531 6822//531 6821//531
f 7966//257 6821//257 6820//257
f 7967//2271 6820//2271 6819//2271
f 7968//278 6819//278 6818//278
f 7969//260 6818//260 6817//260
f 7970//532 6817//532 6816//532
f 7971//277 6816//277 6815//277
f 7972//263 6815//263 6814//263
f 7973//264 6814//264 6813//264
f 7974//265 6813//265 6812//265
f 7975//266 6812//266 6811//266
f 7976//267 6811//267 6810//267
f 7977//268 6810//268 6809//268
f 7978//269 6809//269 6808//269
f 7979//270 6808//270 6807//270
f 7980//271 6807//271 6806//271
f 7981//272 6806//272 6805//272
f 7982//273 6805//273 6804//273
f 7983//274 6804//274 6803//274
f 7856//147 7983//147 6803//147
f 7983//274 7982//274 6804//274
f 7982//273 7981//273 6805//273
f 7981//272 7980//272 6806//272
f 7980//271 7979//271 6807//271
f 7979//270 7978//270 6808//270
f 7978//269 7977//269 6809//269
f 7977//268 7976//268 6810//268
f 7976//267 7975//267 6811//267
f 7975//266 7974//266 6812//266
f 7974//265 7973//265 6813//265
f 7973//264 7972//264 6814//264
f 7972//263 7971//263 6815//263
f 7971//277 7970//277 6816//277
f 7970//532 7969//532 6817//532
f 7969//260 7968//260 6818//260
f 7968//278 7967//278 6819//278
f 7967//2271 7966//2271 6820//2271
f 7966//257 7965//257 6821//257
f 7965//531 7964//531 6822//531
f 7964//255 7963//255 6823//255
f 7963//254 7962//254 6824//254
f 7962//530 7961//530 6825//530
f 7961//252 7960//252 6826//252
f 7960//281 7959//281 6827//281
f 7959//250 7958//250 6828//250
f 7958//283 7957//283 6829//283
f 7957//248 7956//248 6830//248
f 7956//285 7955//285 6831//285
f 7955//246 7954//246 6832//246
f 7954//287 7953//287 6833//287
f 7953//288 7952//288 6834//288
f 7952//243 7951//243 6835//243
f 7951//242 7950//242 6837//242
f 7950//241 7949//241 6838//241
f 7949//240 7948//240 6839//240
f 7948//291 7947//291 6840//291
f 7947//238 7946//238 6841//238
f 7946//293 7945//293 6842//293
f 7945//236 7944//236 6843//236
f 7944//295 7943//295 6844//295
f 7943//234 7942//234 6845//234
f 7942//233 7941//233 6846//233
f 7941//528 7940//528 6847//528
f 7940//231 7939//231 6848//231
f 7939//230 7938//230 6849//230
f 7938//527 7937//527 6850//527
f 7937//228 7936//228 6851//228
f 7936//2270 7935//2270 6852//2270
f 7935//226 7934//226 6853//226
f 7934//225 7933//225 6854//225
f 7933//526 7932//526 6855//526
f 7932//223 7931//223 6856//223
f 7931//222 7930//222 6857//222
f 7930//221 7929//221 6858//221
f 7929//301 7928//301 6859//301
f 7928//302 7927//302 6860//302
f 7927//218 7926//218 6861//218
f 7926//217 7925//217 6862//217
f 7925//216 7924//216 6863//216
f 7924//215 7923//215 6864//215
f 7923//214 7922//214 6865//214
f 7922//213 7921//213 6866//213
f 7921//212 7920//212 6867//212
f 7920//211 7919//211 6868//211
f 7919//210 7918//210 6869//210
f 7918//209 7917//209 6870//209
f 7917//208 7916//208 6871//208
f 7916//207 7915//207 6872//207
f 7915//206 7914//206 6873//206
f 7914//205 7913//205 6874//205
f 7913//204 7912//204 6875//204
f 7912//203 7911//203 6903//203
f 7911//202 7910//202 6902//202
f 7910//201 7909//201 6901//201
f 7909//200 7908//200 6900//200
f 7908//199 7907//199 6899//199
f 7907//305 7906//305 6898//305
f 7906//525 7905//525 6897//525
f 7905//196 7904//196 6896//196
f 7904//306 7903//306 6895//306
f 7903//2269 7902//2269 6894//2269
f 7902//193 7901//193 6893//193
f 7901//534 7900//534 6892//534
f 7900//191 7899//191 6891//191
f 7899//190 7898//190 6890//190
f 7898//524 7897//524 6889//524
f 7897//188 7896//188 6888//188
f 7896//309 7895//309 6886//309
f 7895//186 7894//186 6885//186
f 7894//311 7893//311 6884//311
f 7893//184 7892//184 6883//184
f 7892//313 7891//313 6882//313
f 7891//182 7890//182 6881//182
f 7890//315 7889//315 6880//315
f 7889//316 7888//316 6879//316
f 7888//179 7887//179 6878//179
f 7887//178 7886//178 6877//178
f 7886//177 7885//177 6876//177
f 7885//176 7884//176 6887//176
f 7884//319 7883//319 6904//319
f 7883//174 7882//174 6776//174
f 7882//321 7881//321 6777//321
f 7881//172 7880//172 6778//172
f 7880//323 7879//323 6779//323
f 7879//170 7878//170 6780//170
f 7878//169 7877//169 6781//169
f 7877//523 7876//523 6782//523
f 7876//167 7875//167 6783//167
f 7875//166 7874//166 6784//166
f 7874//522 7873//522 6785//522
f 7873//164 7872//164 6786//164
f 7872//2268 7871//2268 6787//2268
f 7871//162 7870//162 6788//162
f 7870//161 7869//161 6789//161
f 7869//521 7868//521 6790//521
f 7868//159 7867//159 6791//159
f 7867//158 7866//158 6792//158
f 7866//157 7865//157 6793//157
f 7865//329 7864//329 6794//329
f 7864//330 7863//330 6795//330
f 7863//154 7862//154 6796//154
f 7862//153 7861//153 6797//153
f 7861//152 7860//152 6798//152
f 7860//151 7859//151 6799//151
f 7859//150 7858//150 6800//150
f 7788//3 7650//3 7984//3
f 7985//3 7788//3 7984//3
f 7985//3 7986//3 7788//3
f 7788//3 7986//3 7987//3
f 7988//3 7788//3 7987//3
f 7988//3 7989//3 7788//3
f 7788//3 7989//3 7990//3
f 7991//3 7788//3 7990//3
f 7991//3 7992//3 7788//3
f 7788//3 7992//3 7993//3
f 7994//3 7788//3 7993//3
f 7994//3 7995//3 7788//3
f 7788//3 7995//3 7996//3
f 7997//3 7788//3 7996//3
f 7997//3 7998//3 7788//3
f 7788//3 7998//3 7999//3
f 8000//3 7788//3 7999//3
f 8000//3 8001//3 7788//3
f 7788//3 8001//3 8002//3
f 8003//3 7788//3 8002//3
f 8003//3 8004//3 7788//3
f 7788//3 8004//3 8005//3
f 8006//3 7788//3 8005//3
f 8006//3 8007//3 7788//3
f 7788//3 8007//3 8008//3
f 8009//3 7788//3 8008//3
f 8009//3 8010//3 7788//3
f 7788//3 8010//3 8011//3
f 8012//3 8011//3 8013//3
f 8014//3 8012//3 8013//3
f 8014//3 8015//3 8012//3
f 8012//3 8015//3 8016//3
f 8017//3 8012//3 8016//3
f 8017//3 8018//3 8012//3
f 8012//3 8018//3 8019//3
f 8020//3 8012//3 8019//3
f 8020//3 8021//3 8012//3
f 8012//3 8021//3 8022//3
f 8023//3 8012//3 8022//3
f 8023//3 8024//3 8012//3
f 8012//3 8024//3 8025//3
f 8026//3 8012//3 8025//3
f 8026//3 8027//3 8012//3
f 8012//3 8027//3 8028//3
f 8029//3 8012//3 8028//3
f 8029//3 8030//3 8012//3
f 8012//3 8030//3 8031//3
f 8032//3 8012//3 8031//3
f 8032//3 8033//3 8012//3
f 8012//3 8033//3 8034//3
f 8035//3 8012//3 8034//3
f 8035//3 8036//3 8012//3
f 8012//3 8036//3 8037//3
f 8038//3 8012//3 8037//3
f 8038//3 8039//3 8012//3
f 8012//3 8039//3 8040//3
f 8041//3 8012//3 8040//3
f 8041//3 8042//3 8012//3
f 8012//3 8042//3 8043//3
f 8044//3 8012//3 8043//3
f 8044//3 8045//3 8012//3
f 8044//3 8046//3 8045//3
f 8045//3 8046//3 8047//3
f 8048//3 8045//3 8047//3
f 8048//3 8049//3 8045//3
f 8045//3 8049//3 8050//3
f 8051//3 8045//3 8050//3
f 8051//3 8052//3 8045//3
f 8045//3 8052//3 8053//3
f 8054//3 8045//3 8053//3
f 8054//3 8055//3 8045//3
f 8045//3 8055//3 8056//3
f 8057//3 8045//3 8056//3
f 8057//3 8058//3 8045//3
f 8045//3 8058//3 8059//3
f 8060//3 8045//3 8059//3
f 8060//3 8061//3 8045//3
f 8045//3 8061//3 8062//3
f 8063//3 8045//3 8062//3
f 8063//3 8064//3 8045//3
f 8045//3 8064//3 8065//3
f 8066//3 8045//3 8065//3
f 8066//3 8067//3 8045//3
f 8045//3 8067//3 8068//3
f 8069//3 8045//3 8068//3
f 8069//3 8070//3 8045//3
f 8045//3 8070//3 8071//3
f 8072//3 8045//3 8071//3
f 8072//3 8073//3 8045//3
f 8045//3 8073//3 8074//3
f 8075//3 8045//3 8074//3
f 8075//3 7700//3 8045//3
f 8075//1925 8076//1925 7700//1925
f 7700//3 8076//3 8077//3
f 8078//3 7700//3 8077//3
f 8078//3 8079//3 7700//3
f 7700//3 8079//3 8080//3
f 8081//3 7700//3 8080//3
f 8081//3 8082//3 7700//3
f 7700//3 8082//3 7699//3
f 7699//3 8082//3 8083//3
f 7698//3 8083//3 8084//3
f 7697//3 8084//3 7696//3
f 7697//3 7698//3 8084//3
f 7654//3 8085//3 7653//3
f 7654//3 7655//3 8085//3
f 8085//3 7655//3 7656//3
f 7657//3 8085//3 7656//3
f 7657//3 8086//3 8085//3
f 7657//3 7658//3 8086//3
f 8086//3 7658//3 7659//3
f 8087//3 7659//3 7660//3
f 7661//3 8087//3 7660//3
f 7661//3 7662//3 8087//3
f 8087//3 7662//3 8088//3
f 8088//3 7662//3 7663//3
f 7664//3 8088//3 7663//3
f 7664//3 8089//3 8088//3
f 7664//3 7665//3 8089//3
f 8089//3 7665//3 8090//3
f 8090//3 7665//3 8091//3
f 8091//3 7665//3 8092//3
f 8092//3 7665//3 7666//3
f 8093//3 7666//3 7667//3
f 8094//3 7667//3 8095//3
f 8094//3 8093//3 7667//3
f 7653//3 8096//3 7652//3
f 7653//3 8085//3 8096//3
f 7667//3 7668//3 8095//3
f 8095//3 7668//3 7669//3
f 8097//3 7669//3 7670//3
f 8098//3 7670//3 7671//3
f 8099//3 7671//3 7672//3
f 7673//3 8099//3 7672//3
f 7673//3 7674//3 8099//3
f 8099//3 7674//3 7675//3
f 7676//3 8099//3 7675//3
f 7676//3 7677//3 8099//3
f 8099//3 7677//3 7678//3
f 7679//3 8099//3 7678//3
f 7679//3 7680//3 8099//3
f 8099//3 7680//3 8100//3
f 8100//3 7680//3 7681//3
f 7682//3 8100//3 7681//3
f 7682//3 8101//3 8100//3
f 7682//3 8102//3 8101//3
f 7682//3 8103//3 8102//3
f 7682//3 8104//3 8103//3
f 7682//3 8105//3 8104//3
f 7682//3 7683//3 8105//3
f 8105//3 7683//3 7684//3
f 8106//1924 7684//1924 7685//1924
f 7686//1925 8106//1925 7685//1925
f 7686//3 8107//3 8106//3
f 7686//3 7687//3 8107//3
f 8107//3 7687//3 7688//3
f 8108//3 7688//3 7689//3
f 7690//3 8108//3 7689//3
f 7690//3 7691//3 8108//3
f 8108//3 7691//3 8109//3
f 8109//3 7691//3 8110//3
f 8110//3 7691//3 8111//3
f 8111//3 7691//3 8112//3
f 8112//3 7691//3 8084//3
f 8084//3 7691//3 7692//3
f 7693//3 8084//3 7692//3
f 7693//3 7694//3 8084//3
f 8084//3 7694//3 7695//3
f 7696//1925 8084//1925 7695//1925
f 7698//3 7699//3 8083//3
f 8012//3 7788//3 8011//3
f 8108//3 8107//3 7688//3
f 8106//3 8105//3 7684//3
f 8099//3 8098//3 7671//3
f 8098//3 8097//3 7670//3
f 8097//3 8095//3 7669//3
f 8093//3 8092//3 7666//3
f 8087//3 8086//3 7659//3
f 8096//3 8113//3 7652//3
f 7652//3 8113//3 7651//3
f 7651//3 8113//3 7984//3
f 7650//3 7651//3 7984//3
f 7703//1 7912//1 7702//1
f 7703//1 7704//1 7912//1
f 7912//1 7704//1 7705//1
f 7706//1 7912//1 7705//1
f 7706//1 7707//1 7912//1
f 7912//1 7707//1 7708//1
f 7709//1 7912//1 7708//1
f 7709//1 7911//1 7912//1
f 7709//1 7910//1 7911//1
f 7709//1 7909//1 7910//1
f 7709//1 7908//1 7909//1
f 7709//1 7907//1 7908//1
f 7709//1 7710//1 7907//1
f 7907//1 7710//1 7711//1
f 7712//1 7907//1 7711//1
f 7712//1 7906//1 7907//1
f 7712//1 7713//1 7906//1
f 7906//1 7713//1 7714//1
f 7905//1 7714//1 7715//1
f 7716//1 7905//1 7715//1
f 7716//1 7904//1 7905//1
f 7716//1 7717//1 7904//1
f 7904//1 7717//1 7903//1
f 7903//1 7717//1 7902//1
f 7902//1 7717//1 7901//1
f 7901//1 7717//1 7900//1
f 7900//1 7717//1 7899//1
f 7899//1 7717//1 7718//1
f 7719//1 7899//1 7718//1
f 7719//1 7720//1 7899//1
f 7899//1 7720//1 7721//1
f 7722//1 7899//1 7721//1
f 7722//1 7723//1 7899//1
f 7899//1 7723//1 7724//1
f 7576//1 7899//1 7724//1
f 7576//1 7575//1 7899//1
f 7899//1 7575//1 7577//1
f 7898//1 7577//1 7578//1
f 7579//1 7898//1 7578//1
f 7579//1 7897//1 7898//1
f 7579//1 7580//1 7897//1
f 7897//1 7580//1 7896//1
f 7896//1 7580//1 7581//1
f 7895//1 7581//1 7582//1
f 7583//1 7895//1 7582//1
f 7583//1 7894//1 7895//1
f 7583//1 7893//1 7894//1
f 7583//1 7584//1 7893//1
f 7893//1 7584//1 7892//1
f 7892//1 7584//1 7585//1
f 7891//1 7585//1 7890//1
f 7891//1 7892//1 7585//1
f 7702//1 7913//1 7701//1
f 7702//1 7912//1 7913//1
f 7890//1 7585//1 7889//1
f 7889//1 7585//1 7586//1
f 7888//1 7586//1 7587//1
f 7588//1 7888//1 7587//1
f 7588//1 7887//1 7888//1
f 7588//1 7589//1 7887//1
f 7887//1 7589//1 7590//1
f 7591//1 7887//1 7590//1
f 7591//1 7886//1 7887//1
f 7591//1 7592//1 7886//1
f 7886//1 7592//1 7593//1
f 7885//1 7593//1 7594//1
f 7595//1 7885//1 7594//1
f 7595//1 7596//1 7885//1
f 7885//1 7596//1 7597//1
f 7884//1 7597//1 7598//1
f 7883//1 7598//1 7599//1
f 7882//1 7599//1 7600//1
f 7725//1 7882//1 7600//1
f 7725//1 7881//1 7882//1
f 7725//1 7880//1 7881//1
f 7725//1 7879//1 7880//1
f 7725//1 7878//1 7879//1
f 7725//1 7877//1 7878//1
f 7725//1 7876//1 7877//1
f 7725//1 7875//1 7876//1
f 7725//1 7874//1 7875//1
f 7725//1 7873//1 7874//1
f 7725//1 7872//1 7873//1
f 7725//1 7871//1 7872//1
f 7725//1 7870//1 7871//1
f 7725//1 7869//1 7870//1
f 7725//1 7868//1 7869//1
f 7725//1 7867//1 7868//1
f 7725//1 7866//1 7867//1
f 7725//1 7865//1 7866//1
f 7725//1 7864//1 7865//1
f 7725//1 7863//1 7864//1
f 7725//1 7862//1 7863//1
f 7725//1 7861//1 7862//1
f 7725//1 7860//1 7861//1
f 7725//1 7859//1 7860//1
f 7725//1 7858//1 7859//1
f 7725//1 7857//1 7858//1
f 7725//1 7856//1 7857//1
f 7725//1 7983//1 7856//1
f 7725//1 8114//1 7983//1
f 7983//1 8114//1 7982//1
f 7982//1 8114//1 7981//1
f 7981//1 8114//1 7980//1
f 7980//1 8114//1 7979//1
f 7979//1 8114//1 7978//1
f 7978//1 8114//1 7977//1
f 7977//1 8114//1 7976//1
f 7976//1 8114//1 7975//1
f 7975//1 8114//1 7974//1
f 7974//1 8114//1 7973//1
f 7973//1 8114//1 7972//1
f 7972//1 8114//1 7971//1
f 7971//1 8114//1 7970//1
f 7970//1 8114//1 7969//1
f 7969//1 8114//1 7968//1
f 7968//1 8114//1 7967//1
f 7967//1 8114//1 7966//1
f 7966//1 8114//1 7965//1
f 7965//1 8114//1 7964//1
f 7964//1 8114//1 7963//1
f 7963//1 8114//1 7962//1
f 7962//1 8114//1 7961//1
f 7961//1 8114//1 7960//1
f 7960//1 8114//1 7959//1
f 7959//1 8114//1 7958//1
f 7958//1 8114//1 7957//1
f 7957//1 8114//1 7956//1
f 7956//1 8114//1 7955//1
f 7955//1 8114//1 7954//1
f 7954//1 8114//1 7953//1
f 7953//1 8114//1 7952//1
f 7952//1 8114//1 7951//1
f 7951//1 8114//1 8045//1
f 7950//1 8045//1 7949//1
f 7950//1 7951//1 8045//1
f 7919//1 7920//1 7700//1
f 7918//1 7700//1 7917//1
f 7918//1 7919//1 7700//1
f 7882//1 7883//1 7599//1
f 7883//1 7884//1 7598//1
f 7884//1 7885//1 7597//1
f 7885//1 7886//1 7593//1
f 7888//1 7889//1 7586//1
f 7895//1 7896//1 7581//1
f 7898//1 7899//1 7577//1
f 7905//1 7906//1 7714//1
f 7913//1 7914//1 7701//1
f 7701//1 7914//1 7700//1
f 7700//1 7914//1 7915//1
f 7916//1 7700//1 7915//1
f 7916//1 7917//1 7700//1
f 7920//1 7921//1 7700//1
f 7700//1 7921//1 8045//1
f 8045//1 7921//1 7922//1
f 7923//1 8045//1 7922//1
f 7923//1 7924//1 8045//1
f 8045//1 7924//1 7925//1
f 7926//1 8045//1 7925//1
f 7926//1 7927//1 8045//1
f 8045//1 7927//1 7928//1
f 7929//1 8045//1 7928//1
f 7929//1 7930//1 8045//1
f 8045//1 7930//1 7931//1
f 7932//1 8045//1 7931//1
f 7932//1 7933//1 8045//1
f 8045//1 7933//1 7934//1
f 7935//1 8045//1 7934//1
f 7935//1 7936//1 8045//1
f 8045//1 7936//1 7937//1
f 7938//1 8045//1 7937//1
f 7938//1 7939//1 8045//1
f 8045//1 7939//1 7940//1
f 7941//1 8045//1 7940//1
f 7941//1 7942//1 8045//1
f 8045//1 7942//1 7943//1
f 7944//1 8045//1 7943//1
f 7944//1 7945//1 8045//1
f 8045//1 7945//1 7946//1
f 7947//1 8045//1 7946//1
f 7947//1 7948//1 8045//1
f 8045//1 7948//1 7949//1
f 7725//2 7755//2 8114//2
f 8114//2 7755//2 8115//2
f 7755//4 7788//4 8115//4
f 8115//4 7788//4 8012//4
f 8115//5 8012//5 8114//5
f 8114//5 8012//5 8045//5
f 8116//739 8117//739 4276//739
f 4275//2272 8116//2272 4276//2272
f 4275//737 8118//737 8116//737
f 4275//2273 8119//2273 8118//2273
f 4275//788 4274//788 8119//788
f 8119//2274 4274//2274 8120//2274
f 8120//734 4274//734 8121//734
f 8121//733 4274//733 4273//733
f 8122//2275 4273//2275 8123//2275
f 8122//732 8121//732 4273//732
f 4273//789 4272//789 8123//789
f 8123//730 4272//730 8124//730
f 8124//2276 4272//2276 8125//2276
f 8125//728 4272//728 4271//728
f 8126//2277 4271//2277 8127//2277
f 8126//2278 8125//2278 4271//2278
f 4271//725 4270//725 8127//725
f 8127//724 4270//724 8128//724
f 8128//2279 4270//2279 8129//2279
f 8129//2280 4270//2280 8130//2280
f 8130//790 4270//790 4269//790
f 8131//2281 4269//2281 4268//2281
f 8132//2282 4268//2282 4267//2282
f 8133//718 4267//718 4266//718
f 4265//717 8133//717 4266//717
f 4265//716 8134//716 8133//716
f 4265//2283 4264//2283 8134//2283
f 8134//2284 4264//2284 4263//2284
f 8135//712 4263//712 4262//712
f 4261//711 8135//711 4262//711
f 4261//2285 8136//2285 8135//2285
f 4261//708 4259//708 8136//708
f 8136//2286 4259//2286 4258//2286
f 8137//706 4258//706 4257//706
f 4256//2287 8137//2287 4257//2287
f 4256//2288 8138//2288 8137//2288
f 4256//702 4255//702 8138//702
f 8138//2289 4255//2289 4254//2289
f 8139//2290 4254//2290 4253//2290
f 4252//699 8139//699 4253//699
f 4252//698 8140//698 8139//698
f 4252//696 4251//696 8140//696
f 8140//697 4251//697 4250//697
f 8141//694 4250//694 4249//694
f 4248//693 8141//693 4249//693
f 4248//692 8142//692 8141//692
f 4248//2291 4247//2291 8142//2291
f 8142//2292 4247//2292 4246//2292
f 8143//2293 4246//2293 4244//2293
f 4243//687 8143//687 4244//687
f 4243//686 8144//686 8143//686
f 4243//2294 4242//2294 8144//2294
f 8144//2295 4242//2295 4241//2295
f 8145//2296 4241//2296 4240//2296
f 8146//2297 4240//2297 4239//2297
f 8147//795 4239//795 4238//795
f 8148//2298 4238//2298 4237//2298
f 8149//2299 4237//2299 4236//2299
f 8150//2300 4236//2300 4235//2300
f 8151//2301 4235//2301 4234//2301
f 8152//800 4234//800 4233//800
f 8153//2302 4233//2302 4232//2302
f 8154//2303 4232//2303 4231//2303
f 8155//803 4231//803 4230//803
f 8156//2304 4230//2304 8157//2304
f 8156//2305 8155//2305 4230//2305
f 4230//2306 4229//2306 8157//2306
f 8157//2307 4229//2307 8158//2307
f 8158//668 4229//668 8159//668
f 8159//804 4229//804 4228//804
f 8160//666 4228//666 8161//666
f 8160//2308 8159//2308 4228//2308
f 4228//665 4227//665 8161//665
f 8161//2309 4227//2309 8162//2309
f 8162//663 4227//663 8163//663
f 8163//805 4227//805 4226//805
f 8164//661 4226//661 8165//661
f 8164//662 8163//662 4226//662
f 4226//660 4225//660 8165//660
f 8165//2310 4225//2310 8166//2310
f 8166//658 4225//658 8167//658
f 8167//806 4225//806 4224//806
f 8168//2311 4224//2311 8169//2311
f 8168//2312 8167//2312 4224//2312
f 4224//2313 4223//2313 8169//2313
f 8169//2314 4223//2314 8170//2314
f 8170//653 4223//653 8171//653
f 8171//2315 4223//2315 4222//2315
f 8172//651 4222//651 8173//651
f 8172//2316 8171//2316 4222//2316
f 4222//650 4221//650 8173//650
f 8173//2317 4221//2317 8174//2317
f 8174//2318 4221//2318 8175//2318
f 8175//2319 4221//2319 4220//2319
f 8176//646 4220//646 8177//646
f 8176//647 8175//647 4220//647
f 4220//645 4219//645 8177//645
f 8177//2320 4219//2320 8178//2320
f 8178//2321 4219//2321 8179//2321
f 8179//809 4219//809 4218//809
f 8180//810 4218//810 4217//810
f 8181//2322 4217//2322 4216//2322
f 8182//639 4216//639 4215//639
f 4214//2323 8182//2323 4215//2323
f 4214//2324 4213//2324 8182//2324
f 8182//2325 4213//2325 8183//2325
f 8183//2326 4213//2326 4212//2326
f 4211//634 8183//634 4212//634
f 4211//2327 8184//2327 8183//2327
f 4211//2328 4210//2328 8184//2328
f 8184//2329 4210//2329 4209//2329
f 8185//2330 4209//2330 4207//2330
f 4206//2331 8185//2331 4207//2331
f 4206//627 8186//627 8185//627
f 4206//2332 4205//2332 8186//2332
f 8186//2333 4205//2333 4204//2333
f 8187//623 4204//623 4203//623
f 4202//2334 8187//2334 4203//2334
f 4202//2335 8188//2335 8187//2335
f 4202//2336 4201//2336 8188//2336
f 8188//2337 4201//2337 4200//2337
f 8189//617 4200//617 4199//617
f 4198//2338 8189//2338 4199//2338
f 4198//615 8190//615 8189//615
f 4198//2339 4197//2339 8190//2339
f 8190//2340 4197//2340 4196//2340
f 8191//2341 4196//2341 4195//2341
f 4194//2342 8191//2342 4195//2342
f 4194//609 8192//609 8191//609
f 4194//2343 4193//2343 8192//2343
f 8192//2344 4193//2344 4191//2344
f 8193//605 4191//605 4190//605
f 4189//604 8193//604 4190//604
f 4189//2345 8194//2345 8193//2345
f 4189//601 4188//601 8194//601
f 8194//2346 4188//2346 4187//2346
f 8195//2347 4187//2347 4186//2347
f 4185//598 8195//598 4186//598
f 4185//597 4184//597 8195//597
f 8195//2348 4184//2348 8196//2348
f 8196//2349 4184//2349 4183//2349
f 4182//595 8196//595 4183//595
f 4182//2350 8197//2350 8196//2350
f 4182//812 4181//812 8197//812
f 8197//2351 4181//2351 8198//2351
f 8198//813 4181//813 4180//813
f 8199//814 4180//814 4179//814
f 8200//589 4179//589 8201//589
f 8200//590 8199//590 4179//590
f 4179//588 4178//588 8201//588
f 8201//2352 4178//2352 8202//2352
f 8202//2353 4178//2353 8203//2353
f 8203//2354 4178//2354 4177//2354
f 8204//584 4177//584 8205//584
f 8204//2355 8203//2355 4177//2355
f 4177//2356 4176//2356 8205//2356
f 8205//582 4176//582 8206//582
f 8206//581 4176//581 8207//581
f 8207//2357 4176//2357 4175//2357
f 8208//2358 4175//2358 8209//2358
f 8208//580 8207//580 4175//580
f 4175//578 4173//578 8209//578
f 8209//577 4173//577 8210//577
f 8210//2359 4173//2359 8211//2359
f 8211//2360 4173//2360 4172//2360
f 8212//2361 4172//2361 8213//2361
f 8212//2362 8211//2362 4172//2362
f 4172//573 4328//573 8213//573
f 8213//2363 4328//2363 8214//2363
f 8214//2364 4328//2364 8215//2364
f 8215//818 4328//818 4327//818
f 8216//569 4327//569 8217//569
f 8216//570 8215//570 4327//570
f 4327//568 4326//568 8217//568
f 8217//2365 4326//2365 8218//2365
f 8218//2366 4326//2366 8219//2366
f 8219//2367 4326//2367 4325//2367
f 8220//2368 4325//2368 8221//2368
f 8220//565 8219//565 4325//565
f 4325//2369 4324//2369 8221//2369
f 8221//2370 4324//2370 8222//2370
f 8222//2371 4324//2371 8223//2371
f 8223//820 4324//820 4323//820
f 8224//2372 4323//2372 4322//2372
f 8225//2373 4322//2373 4321//2373
f 8226//823 4321//823 4320//823
f 8227//2374 4320//2374 4319//2374
f 8228//2375 4319//2375 4318//2375
f 8229//2376 4318//2376 4317//2376
f 8230//2377 4317//2377 4316//2377
f 8231//2378 4316//2378 4315//2378
f 8232//2379 4315//2379 4314//2379
f 8233//2380 4314//2380 4313//2380
f 8234//2381 4313//2381 4312//2381
f 4311//2382 8234//2382 4312//2382
f 4311//2383 8235//2383 8234//2383
f 4311//2384 4310//2384 8235//2384
f 8235//546 4310//546 4309//546
f 8236//2385 4309//2385 4308//2385
f 4307//2386 8236//2386 4308//2386
f 4307//541 8237//541 8236//541
f 4307//2387 4306//2387 8237//2387
f 8237//539 4306//539 4305//539
f 8238//537 4305//537 4304//537
f 4303//831 8238//831 4304//831
f 4303//832 8239//832 8238//832
f 4303//785 4302//785 8239//785
f 8239//2388 4302//2388 4301//2388
f 8240//783 4301//783 4300//783
f 4299//2389 8240//2389 4300//2389
f 4299//2390 8241//2390 8240//2390
f 4299//2391 4298//2391 8241//2391
f 8241//780 4298//780 4297//780
f 8242//777 4297//777 4296//777
f 4295//2392 8242//2392 4296//2392
f 4295//2393 8243//2393 8242//2393
f 4295//773 4294//773 8243//773
f 8243//2394 4294//2394 4293//2394
f 8244//2395 4293//2395 4292//2395
f 4291//2396 8244//2396 4292//2396
f 4291//769 8245//769 8244//769
f 4291//767 4290//767 8245//767
f 8245//768 4290//768 4289//768
f 8246//833 4289//833 4288//833
f 8247//764 4288//764 4287//764
f 8248//762 4287//762 4286//762
f 8249//2397 4286//2397 8250//2397
f 8249//761 8248//761 4286//761
f 4286//759 4285//759 8250//759
f 8250//758 4285//758 8251//758
f 8251//2398 4285//2398 8252//2398
f 8252//2399 4285//2399 8253//2399
f 8253//2400 4285//2400 4284//2400
f 8254//754 4284//754 8255//754
f 8254//2401 8253//2401 4284//2401
f 4284//2402 4283//2402 8255//2402
f 8255//2403 4283//2403 8256//2403
f 8256//2404 4283//2404 8257//2404
f 8257//835 4283//835 4282//835
f 8258//2405 4282//2405 8259//2405
f 8258//2406 8257//2406 4282//2406
f 4282//2407 4281//2407 8259//2407
f 8259//2408 4281//2408 8260//2408
f 8260//2409 4281//2409 8261//2409
f 8261//2410 4281//2410 4280//2410
f 8262//744 4280//744 8263//744
f 8262//2411 8261//2411 4280//2411
f 4280//743 4277//743 8263//743
f 8263//742 4277//742 8264//742
f 8264//2412 4277//2412 8265//2412
f 8265//2413 4277//2413 4276//2413
f 8117//2414 8265//2414 4276//2414
f 8189//2415 8188//2415 4200//2415
f 8187//624 8186//624 4204//624
f 8185//2416 8184//2416 4209//2416
f 8182//2417 8181//2417 4216//2417
f 8181//2418 8180//2418 4217//2418
f 8180//642 8179//642 4218//642
f 8155//2419 8154//2419 4231//2419
f 8154//674 8153//674 4232//674
f 8153//2420 8152//2420 4233//2420
f 8152//2421 8151//2421 4234//2421
f 8151//2422 8150//2422 4235//2422
f 8150//2423 8149//2423 4236//2423
f 8149//2424 8148//2424 4237//2424
f 8148//680 8147//680 4238//680
f 8147//2425 8146//2425 4239//2425
f 8146//2426 8145//2426 4240//2426
f 8145//683 8144//683 4241//683
f 8143//689 8142//689 4246//689
f 8141//695 8140//695 4250//695
f 8139//2427 8138//2427 4254//2427
f 8137//2428 8136//2428 4258//2428
f 8135//2429 8134//2429 4263//2429
f 8133//719 8132//719 4267//719
f 8132//2430 8131//2430 4268//2430
f 8131//721 8130//721 4269//721
f 8248//763 8247//763 4287//763
f 8247//765 8246//765 4288//765
f 8246//766 8245//766 4289//766
f 8244//772 8243//772 4293//772
f 8242//778 8241//778 4297//778
f 8240//784 8239//784 4301//784
f 8238//538 8237//538 4305//538
f 8236//2431 8235//2431 4309//2431
f 8234//550 8233//550 4313//550
f 8233//551 8232//551 4314//551
f 8232//2432 8231//2432 4315//2432
f 8231//2433 8230//2433 4316//2433
f 8230//2434 8229//2434 4317//2434
f 8229//2435 8228//2435 4318//2435
f 8228//2436 8227//2436 4319//2436
f 8227//2437 8226//2437 4320//2437
f 8226//558 8225//558 4321//558
f 8225//2438 8224//2438 4322//2438
f 8224//2439 8223//2439 4323//2439
f 8199//591 8198//591 4180//591
f 8195//600 8194//600 4187//600
f 8193//606 8192//606 4191//606
f 8191//2440 8190//2440 4196//2440
f 8242//8 8266//8 8241//8
f 8242//8 8243//8 8266//8
f 8266//8 8243//8 8244//8
f 8245//8 8266//8 8244//8
f 8245//8 8246//8 8266//8
f 8266//8 8246//8 8247//8
f 8267//8 8247//8 8268//8
f 8267//8 8266//8 8247//8
f 8241//8 8269//8 8240//8
f 8241//8 8266//8 8269//8
f 8248//8 8270//8 8247//8
f 8248//8 8249//8 8270//8
f 8270//8 8249//8 8271//8
f 8271//8 8249//8 8250//8
f 8251//8 8271//8 8250//8
f 8251//8 8272//8 8271//8
f 8251//8 8252//8 8272//8
f 8272//8 8252//8 8253//8
f 8254//8 8272//8 8253//8
f 8254//8 8273//8 8272//8
f 8254//8 8274//8 8273//8
f 8254//8 8275//8 8274//8
f 8254//8 8276//8 8275//8
f 8254//8 8277//8 8276//8
f 8254//8 8278//8 8277//8
f 8254//8 8279//8 8278//8
f 8254//8 8280//8 8279//8
f 8254//8 8255//8 8280//8
f 8280//8 8255//8 8256//8
f 8257//8 8280//8 8256//8
f 8257//8 8281//8 8280//8
f 8257//8 8258//8 8281//8
f 8281//8 8258//8 8259//8
f 8260//8 8281//8 8259//8
f 8260//8 8261//8 8281//8
f 8281//8 8261//8 8262//8
f 8263//8 8281//8 8262//8
f 8263//8 8264//8 8281//8
f 8281//8 8264//8 8265//8
f 8117//8 8281//8 8265//8
f 8117//8 8116//8 8281//8
f 8281//8 8116//8 8118//8
f 8119//8 8281//8 8118//8
f 8119//8 8120//8 8281//8
f 8281//8 8120//8 8282//8
f 8282//8 8120//8 8121//8
f 8283//8 8121//8 8122//8
f 8284//8 8122//8 8123//8
f 8285//8 8123//8 8124//8
f 8286//8 8124//8 8125//8
f 8287//8 8125//8 8288//8
f 8287//8 8286//8 8125//8
f 8288//8 8125//8 8289//8
f 8289//8 8125//8 8126//8
f 8290//8 8126//8 8127//8
f 8128//8 8290//8 8127//8
f 8128//8 8291//8 8290//8
f 8128//8 8129//8 8291//8
f 8291//8 8129//8 8130//8
f 8292//8 8130//8 8131//8
f 8132//8 8292//8 8131//8
f 8132//8 8133//8 8292//8
f 8292//8 8133//8 8134//8
f 8135//8 8292//8 8134//8
f 8135//8 8293//8 8292//8
f 8135//8 8136//8 8293//8
f 8293//8 8136//8 8294//8
f 8294//8 8136//8 8137//8
f 8138//8 8294//8 8137//8
f 8138//8 8295//8 8294//8
f 8138//8 8139//8 8295//8
f 8295//8 8139//8 8296//8
f 8297//8 8296//8 8298//8
f 8297//8 8295//8 8296//8
f 8299//8 8300//8 8301//8
f 8302//8 8301//8 8303//8
f 8302//8 8299//8 8301//8
f 8304//8 8305//8 8306//8
f 8307//8 8306//8 8308//8
f 8307//8 8304//8 8306//8
f 8309//8 8310//8 8239//8
f 8311//8 8239//8 8312//8
f 8311//8 8309//8 8239//8
f 8290//8 8289//8 8126//8
f 8286//8 8285//8 8124//8
f 8285//8 8284//8 8123//8
f 8284//8 8283//8 8122//8
f 8283//8 8282//8 8121//8
f 8270//8 8313//8 8247//8
f 8247//8 8313//8 8268//8
f 8269//8 8314//8 8240//8
f 8240//8 8314//8 8239//8
f 8239//8 8314//8 8315//8
f 8316//8 8239//8 8315//8
f 8316//8 8312//8 8239//8
f 8310//8 8317//8 8239//8
f 8239//8 8317//8 8306//8
f 8306//8 8317//8 8318//8
f 8319//8 8306//8 8318//8
f 8319//8 8320//8 8306//8
f 8306//8 8320//8 8321//8
f 8322//8 8306//8 8321//8
f 8322//8 8323//8 8306//8
f 8306//8 8323//8 8324//8
f 8325//8 8306//8 8324//8
f 8325//8 8326//8 8306//8
f 8306//8 8326//8 8327//8
f 8328//8 8306//8 8327//8
f 8328//8 8329//8 8306//8
f 8306//8 8329//8 8330//8
f 8331//8 8306//8 8330//8
f 8331//8 8332//8 8306//8
f 8306//8 8332//8 8333//8
f 8334//8 8306//8 8333//8
f 8334//8 8335//8 8306//8
f 8306//8 8335//8 8336//8
f 8337//8 8306//8 8336//8
f 8337//8 8338//8 8306//8
f 8306//8 8338//8 8339//8
f 8340//8 8306//8 8339//8
f 8340//8 8341//8 8306//8
f 8306//8 8341//8 8342//8
f 8308//8 8306//8 8342//8
f 8305//8 8343//8 8306//8
f 8306//8 8343//8 8301//8
f 8301//8 8343//8 8344//8
f 8345//8 8301//8 8344//8
f 8345//8 8346//8 8301//8
f 8301//8 8346//8 8347//8
f 8348//8 8301//8 8347//8
f 8348//8 8349//8 8301//8
f 8301//8 8349//8 8350//8
f 8351//8 8301//8 8350//8
f 8351//8 8352//8 8301//8
f 8301//8 8352//8 8353//8
f 8354//8 8301//8 8353//8
f 8354//8 8355//8 8301//8
f 8301//8 8355//8 8356//8
f 8357//8 8301//8 8356//8
f 8357//8 8358//8 8301//8
f 8301//8 8358//8 8359//8
f 8360//8 8301//8 8359//8
f 8360//8 8361//8 8301//8
f 8301//8 8361//8 8362//8
f 8363//8 8301//8 8362//8
f 8363//8 8364//8 8301//8
f 8301//8 8364//8 8365//8
f 8366//8 8301//8 8365//8
f 8366//8 8367//8 8301//8
f 8301//8 8367//8 8368//8
f 8369//8 8301//8 8368//8
f 8369//8 8370//8 8301//8
f 8301//8 8370//8 8303//8
f 8300//8 8371//8 8301//8
f 8301//8 8371//8 8296//8
f 8296//8 8371//8 8372//8
f 8373//8 8296//8 8372//8
f 8373//8 8374//8 8296//8
f 8296//8 8374//8 8375//8
f 8376//8 8296//8 8375//8
f 8376//8 8377//8 8296//8
f 8296//8 8377//8 8378//8
f 8379//8 8296//8 8378//8
f 8379//8 8380//8 8296//8
f 8296//8 8380//8 8381//8
f 8382//8 8296//8 8381//8
f 8382//8 8383//8 8296//8
f 8296//8 8383//8 8384//8
f 8385//8 8296//8 8384//8
f 8385//8 8386//8 8296//8
f 8296//8 8386//8 8387//8
f 8388//8 8296//8 8387//8
f 8388//8 8389//8 8296//8
f 8296//8 8389//8 8390//8
f 8391//8 8296//8 8390//8
f 8391//8 8392//8 8296//8
f 8296//8 8392//8 8393//8
f 8394//8 8296//8 8393//8
f 8394//8 8395//8 8296//8
f 8296//8 8395//8 8396//8
f 8298//8 8296//8 8396//8
f 8292//8 8291//8 8130//8
f 6209//403 8290//403 6208//403
f 6209//404 8289//404 8290//404
f 6209//404 6210//404 8289//404
f 8289//405 6210//405 8288//405
f 8288//405 6210//405 6211//405
f 8287//406 6211//406 6212//406
f 8286//407 6212//407 6213//407
f 8285//408 6213//408 6214//408
f 8284//409 6214//409 6215//409
f 8283//410 6215//410 6216//410
f 8282//411 6216//411 6217//411
f 8281//412 6217//412 6218//412
f 8280//413 6218//413 6219//413
f 8279//414 6219//414 6220//414
f 8278//415 6220//415 6221//415
f 8277//416 6221//416 6222//416
f 8276//417 6222//417 6232//417
f 8275//477 6232//477 6231//477
f 8274//419 6231//419 6230//419
f 8273//420 6230//420 6229//420
f 8272//421 6229//421 6223//421
f 8271//422 6223//422 6224//422
f 8270//423 6224//423 6225//423
f 8313//424 6225//424 6226//424
f 8268//425 6226//425 6227//425
f 8267//474 6227//474 6228//474
f 8266//427 6228//427 6204//427
f 8269//428 6204//428 6203//428
f 8314//429 6203//429 6202//429
f 8315//430 6202//430 6201//430
f 8316//473 6201//473 6200//473
f 8312//432 6200//432 6199//432
f 8311//433 6199//433 6198//433
f 8309//489 6198//489 6197//489
f 8310//435 6197//435 6196//435
f 8317//436 6196//436 6195//436
f 8318//437 6195//437 6194//437
f 8319//438 6194//438 6193//438
f 8320//439 6193//439 6192//439
f 8321//440 6192//440 6191//440
f 8322//441 6191//441 6190//441
f 8323//442 6190//442 6189//442
f 8324//443 6189//443 6188//443
f 8325//444 6188//444 6187//444
f 8326//445 6187//445 6186//445
f 8327//446 6186//446 6185//446
f 8328//447 6185//447 6184//447
f 8329//469 6184//469 6183//469
f 8330//449 6183//449 6182//449
f 8331//450 6182//450 6181//450
f 8332//451 6181//451 6180//451
f 8333//452 6180//452 6179//452
f 8334//453 6179//453 6178//453
f 8335//454 6178//454 6177//454
f 8336//455 6177//455 6176//455
f 8337//456 6176//456 6175//456
f 8338//457 6175//457 6174//457
f 8339//458 6174//458 6173//458
f 8340//459 6173//459 6172//459
f 8341//460 6172//460 6171//460
f 8342//461 6171//461 6170//461
f 8308//462 6170//462 6169//462
f 8307//463 6169//463 6168//463
f 8304//464 6168//464 6167//464
f 8305//465 6167//465 6166//465
f 8343//466 6166//466 6164//466
f 8344//339 6164//339 6163//339
f 8345//340 6163//340 6162//340
f 8346//341 6162//341 6161//341
f 8347//342 6161//342 6160//342
f 8348//343 6160//343 6159//343
f 8349//344 6159//344 6158//344
f 8350//345 6158//345 6157//345
f 8351//346 6157//346 6156//346
f 8352//347 6156//347 6155//347
f 8353//348 6155//348 6154//348
f 8354//349 6154//349 6153//349
f 8355//350 6153//350 6152//350
f 8356//351 6152//351 6151//351
f 8357//352 6151//352 6150//352
f 8358//353 6150//353 6149//353
f 8359//485 6149//485 6148//485
f 8360//355 6148//355 6147//355
f 8361//356 6147//356 6146//356
f 8362//357 6146//357 6145//357
f 8363//358 6145//358 6144//358
f 8364//359 6144//359 6143//359
f 8365//360 6143//360 6142//360
f 8366//361 6142//361 6141//361
f 8367//486 6141//486 6140//486
f 8368//363 6140//363 6139//363
f 8369//364 6139//364 6138//364
f 8370//365 6138//365 6137//365
f 8303//366 6137//366 6136//366
f 8302//487 6136//487 6135//487
f 8299//368 6135//368 6134//368
f 8300//369 6134//369 6133//369
f 8371//482 6133//482 6131//482
f 8372//371 6131//371 6130//371
f 8373//372 6130//372 6129//372
f 8374//373 6129//373 6128//373
f 8375//374 6128//374 6127//374
f 8376//375 6127//375 6126//375
f 8377//376 6126//376 6125//376
f 8378//377 6125//377 6124//377
f 8379//378 6124//378 6123//378
f 8380//379 6123//379 6122//379
f 8381//380 6122//380 6121//380
f 8382//381 6121//381 6120//381
f 8383//382 6120//382 6119//382
f 8384//383 6119//383 6118//383
f 8385//488 6118//488 6117//488
f 8386//385 6117//385 6116//385
f 8387//386 6116//386 6115//386
f 8388//387 6115//387 6114//387
f 8389//388 6114//388 6113//388
f 8390//389 6113//389 6112//389
f 8391//390 6112//390 6111//390
f 8392//391 6111//391 6110//391
f 8393//392 6110//392 6109//392
f 8394//393 6109//393 6108//393
f 8395//394 6108//394 6107//394
f 8396//395 6107//395 6106//395
f 8298//396 6106//396 6105//396
f 8297//397 6105//397 6104//397
f 8295//398 6104//398 6103//398
f 8294//399 6103//399 6205//399
f 8293//400 6205//400 6206//400
f 8292//401 6206//401 6207//401
f 8291//402 6207//402 6208//402
f 8290//403 8291//403 6208//403
f 8291//402 8292//402 6207//402
f 8292//401 8293//401 6206//401
f 8293//400 8294//400 6205//400
f 8294//399 8295//399 6103//399
f 8295//398 8297//398 6104//398
f 8297//397 8298//397 6105//397
f 8298//396 8396//396 6106//396
f 8396//395 8395//395 6107//395
f 8395//479 8394//479 6108//479
f 8394//393 8393//393 6109//393
f 8393//392 8392//392 6110//392
f 8392//391 8391//391 6111//391
f 8391//390 8390//390 6112//390
f 8390//389 8389//389 6113//389
f 8389//388 8388//388 6114//388
f 8388//491 8387//491 6115//491
f 8387//386 8386//386 6116//386
f 8386//385 8385//385 6117//385
f 8385//384 8384//384 6118//384
f 8384//383 8383//383 6119//383
f 8383//480 8382//480 6120//480
f 8382//381 8381//381 6121//381
f 8381//380 8380//380 6122//380
f 8380//492 8379//492 6123//492
f 8379//378 8378//378 6124//378
f 8378//377 8377//377 6125//377
f 8377//376 8376//376 6126//376
f 8376//375 8375//375 6127//375
f 8375//493 8374//493 6128//493
f 8374//373 8373//373 6129//373
f 8373//372 8372//372 6130//372
f 8372//371 8371//371 6131//371
f 8371//482 8300//482 6133//482
f 8300//369 8299//369 6134//369
f 8299//368 8302//368 6135//368
f 8302//367 8303//367 6136//367
f 8303//366 8370//366 6137//366
f 8370//365 8369//365 6138//365
f 8369//364 8368//364 6139//364
f 8368//363 8367//363 6140//363
f 8367//362 8366//362 6141//362
f 8366//361 8365//361 6142//361
f 8365//360 8364//360 6143//360
f 8364//483 8363//483 6144//483
f 8363//358 8362//358 6145//358
f 8362//494 8361//494 6146//494
f 8361//356 8360//356 6147//356
f 8360//355 8359//355 6148//355
f 8359//354 8358//354 6149//354
f 8358//353 8357//353 6150//353
f 8357//352 8356//352 6151//352
f 8356//351 8355//351 6152//351
f 8355//350 8354//350 6153//350
f 8354//349 8353//349 6154//349
f 8353//348 8352//348 6155//348
f 8352//484 8351//484 6156//484
f 8351//346 8350//346 6157//346
f 8350//345 8349//345 6158//345
f 8349//344 8348//344 6159//344
f 8348//343 8347//343 6160//343
f 8347//342 8346//342 6161//342
f 8346//341 8345//341 6162//341
f 8345//340 8344//340 6163//340
f 8344//339 8343//339 6164//339
f 8343//466 8305//466 6166//466
f 8305//465 8304//465 6167//465
f 8304//464 8307//464 6168//464
f 8307//463 8308//463 6169//463
f 8308//462 8342//462 6170//462
f 8342//461 8341//461 6171//461
f 8341//460 8340//460 6172//460
f 8340//459 8339//459 6173//459
f 8339//467 8338//467 6174//467
f 8338//457 8337//457 6175//457
f 8337//456 8336//456 6176//456
f 8336//455 8335//455 6177//455
f 8335//454 8334//454 6178//454
f 8334//453 8333//453 6179//453
f 8333//452 8332//452 6180//452
f 8332//451 8331//451 6181//451
f 8331//450 8330//450 6182//450
f 8330//449 8329//449 6183//449
f 8329//469 8328//469 6184//469
f 8328//447 8327//447 6185//447
f 8327//470 8326//470 6186//470
f 8326//445 8325//445 6187//445
f 8325//444 8324//444 6188//444
f 8324//443 8323//443 6189//443
f 8323//442 8322//442 6190//442
f 8322//441 8321//441 6191//441
f 8321//440 8320//440 6192//440
f 8320//439 8319//439 6193//439
f 8319//438 8318//438 6194//438
f 8318//437 8317//437 6195//437
f 8317//436 8310//436 6196//436
f 8310//490 8309//490 6197//490
f 8309//434 8311//434 6198//434
f 8311//433 8312//433 6199//433
f 8312//432 8316//432 6200//432
f 8316//473 8315//473 6201//473
f 8315//430 8314//430 6202//430
f 8314//429 8269//429 6203//429
f 8269//428 8266//428 6204//428
f 8266//427 8267//427 6228//427
f 8267//474 8268//474 6227//474
f 8268//425 8313//425 6226//425
f 8313//424 8270//424 6225//424
f 8270//475 8271//475 6224//475
f 8271//422 8272//422 6223//422
f 8272//421 8273//421 6229//421
f 8273//420 8274//420 6230//420
f 8274//419 8275//419 6231//419
f 8275//477 8276//477 6232//477
f 8276//417 8277//417 6222//417
f 8277//416 8278//416 6221//416
f 8278//415 8279//415 6220//415
f 8279//414 8280//414 6219//414
f 8280//413 8281//413 6218//413
f 8281//412 8282//412 6217//412
f 8282//478 8283//478 6216//478
f 8283//410 8284//410 6215//410
f 8284//409 8285//409 6214//409
f 8285//408 8286//408 6213//408
f 8286//407 8287//407 6212//407
f 8287//406 8288//406 6211//406
f 7505//211 8397//211 7503//211
f 7505//212 8398//212 8397//212
f 7505//212 7506//212 8398//212
f 8398//213 7506//213 8399//213
f 8399//213 7506//213 7507//213
f 8400//214 7507//214 7508//214
f 8401//215 7508//215 7509//215
f 8402//216 7509//216 7510//216
f 8403//217 7510//217 7511//217
f 8404//218 7511//218 7512//218
f 8405//302 7512//302 7513//302
f 8406//301 7513//301 7514//301
f 8407//221 7514//221 7515//221
f 8408//222 7515//222 7516//222
f 8409//223 7516//223 7517//223
f 8410//526 7517//526 7518//526
f 8411//225 7518//225 7519//225
f 8412//226 7519//226 7520//226
f 8413//2270 7520//2270 7521//2270
f 8414//228 7521//228 7522//228
f 8415//527 7522//527 7523//527
f 8416//230 7523//230 7524//230
f 8417//298 7524//298 7525//298
f 8418//528 7525//528 7526//528
f 8419//233 7526//233 7527//233
f 8420//234 7527//234 7528//234
f 8421//295 7528//295 7529//295
f 8422//236 7529//236 7530//236
f 8423//293 7530//293 7531//293
f 8424//238 7531//238 7532//238
f 8425//291 7532//291 7533//291
f 8426//240 7533//240 7534//240
f 8427//241 7534//241 7535//241
f 8428//242 7535//242 7536//242
f 8429//243 7536//243 7537//243
f 8430//288 7537//288 7538//288
f 8431//287 7538//287 7573//287
f 8432//246 7573//246 7572//246
f 8433//285 7572//285 7571//285
f 8434//248 7571//248 7570//248
f 8435//283 7570//283 7569//283
f 8436//250 7569//250 7568//250
f 8437//281 7568//281 7567//281
f 8438//252 7567//252 7566//252
f 8439//530 7566//530 7565//530
f 8440//279 7565//279 7564//279
f 8441//255 7564//255 7563//255
f 8442//531 7563//531 7562//531
f 8443//257 7562//257 7561//257
f 8444//2271 7561//2271 7560//2271
f 8445//278 7560//278 7559//278
f 8446//260 7559//260 7558//260
f 8447//532 7558//532 7557//532
f 8448//277 7557//277 7556//277
f 8449//263 7556//263 7555//263
f 8450//264 7555//264 7554//264
f 8451//265 7554//265 7553//265
f 8452//266 7553//266 7552//266
f 8453//267 7552//267 7551//267
f 8454//268 7551//268 7550//268
f 8455//269 7550//269 7549//269
f 8456//270 7549//270 7548//270
f 8457//271 7548//271 7547//271
f 8458//272 7547//272 7546//272
f 8459//273 7546//273 7540//273
f 8460//274 7540//274 7539//274
f 8461//147 7539//147 7541//147
f 8462//148 7541//148 7542//148
f 8463//149 7542//149 7545//149
f 8464//150 7545//150 7544//150
f 8465//151 7544//151 7543//151
f 8466//152 7543//152 7468//152
f 8467//153 7468//153 7445//153
f 8468//154 7445//154 7446//154
f 8469//330 7446//330 7447//330
f 8470//329 7447//329 7448//329
f 8471//157 7448//157 7449//157
f 8472//158 7449//158 7450//158
f 8473//159 7450//159 7451//159
f 8474//521 7451//521 7452//521
f 8475//161 7452//161 7453//161
f 8476//162 7453//162 7454//162
f 8477//2268 7454//2268 7455//2268
f 8478//164 7455//164 7456//164
f 8479//522 7456//522 7457//522
f 8480//166 7457//166 7458//166
f 8481//326 7458//326 7459//326
f 8482//523 7459//523 7460//523
f 8483//169 7460//169 7461//169
f 8484//170 7461//170 7462//170
f 8485//323 7462//323 7463//323
f 8486//172 7463//172 7464//172
f 8487//321 7464//321 7465//321
f 8488//174 7465//174 7466//174
f 8489//319 7466//319 7467//319
f 8490//176 7467//176 7469//176
f 8491//177 7469//177 7470//177
f 8492//178 7470//178 7471//178
f 8493//179 7471//179 7472//179
f 8494//316 7472//316 7473//316
f 8495//315 7473//315 7474//315
f 8496//182 7474//182 7475//182
f 8497//313 7475//313 7476//313
f 8498//184 7476//184 7477//184
f 8499//311 7477//311 7478//311
f 8500//186 7478//186 7479//186
f 8501//309 7479//309 7480//309
f 8502//188 7480//188 7481//188
f 8503//524 7481//524 7482//524
f 8504//307 7482//307 7483//307
f 8505//191 7483//191 7484//191
f 8506//534 7484//534 7485//534
f 8507//193 7485//193 7486//193
f 8508//2269 7486//2269 7487//2269
f 8509//306 7487//306 7488//306
f 8510//196 7488//196 7489//196
f 8511//525 7489//525 7490//525
f 8512//305 7490//305 7491//305
f 8513//199 7491//199 7492//199
f 8514//200 7492//200 7493//200
f 8515//201 7493//201 7494//201
f 8516//202 7494//202 7495//202
f 8517//203 7495//203 7496//203
f 8518//204 7496//204 7497//204
f 8519//205 7497//205 7498//205
f 8520//206 7498//206 7499//206
f 8521//207 7499//207 7500//207
f 8522//208 7500//208 7501//208
f 8523//209 7501//209 7502//209
f 8524//210 7502//210 7503//210
f 8397//211 8524//211 7503//211
f 8524//210 8523//210 7502//210
f 8523//209 8522//209 7501//209
f 8522//208 8521//208 7500//208
f 8521//207 8520//207 7499//207
f 8520//206 8519//206 7498//206
f 8519//205 8518//205 7497//205
f 8518//204 8517//204 7496//204
f 8517//203 8516//203 7495//203
f 8516//202 8515//202 7494//202
f 8515//201 8514//201 7493//201
f 8514//200 8513//200 7492//200
f 8513//199 8512//199 7491//199
f 8512//305 8511//305 7490//305
f 8511//525 8510//525 7489//525
f 8510//196 8509//196 7488//196
f 8509//306 8508//306 7487//306
f 8508//2269 8507//2269 7486//2269
f 8507//193 8506//193 7485//193
f 8506//534 8505//534 7484//534
f 8505//191 8504//191 7483//191
f 8504//190 8503//190 7482//190
f 8503//524 8502//524 7481//524
f 8502//188 8501//188 7480//188
f 8501//309 8500//309 7479//309
f 8500//186 8499//186 7478//186
f 8499//311 8498//311 7477//311
f 8498//184 8497//184 7476//184
f 8497//313 8496//313 7475//313
f 8496//182 8495//182 7474//182
f 8495//315 8494//315 7473//315
f 8494//316 8493//316 7472//316
f 8493//179 8492//179 7471//179
f 8492//178 8491//178 7470//178
f 8491//177 8490//177 7469//177
f 8490//176 8489//176 7467//176
f 8489//319 8488//319 7466//319
f 8488//174 8487//174 7465//174
f 8487//321 8486//321 7464//321
f 8486//172 8485//172 7463//172
f 8485//323 8484//323 7462//323
f 8484//170 8483//170 7461//170
f 8483//169 8482//169 7460//169
f 8482//523 8481//523 7459//523
f 8481//167 8480//167 7458//167
f 8480//166 8479//166 7457//166
f 8479//522 8478//522 7456//522
f 8478//164 8477//164 7455//164
f 8477//2268 8476//2268 7454//2268
f 8476//162 8475//162 7453//162
f 8475//161 8474//161 7452//161
f 8474//521 8473//521 7451//521
f 8473//159 8472//159 7450//159
f 8472//158 8471//158 7449//158
f 8471//157 8470//157 7448//157
f 8470//329 8469//329 7447//329
f 8469//330 8468//330 7446//330
f 8468//154 8467//154 7445//154
f 8467//153 8466//153 7468//153
f 8466//152 8465//152 7543//152
f 8465//151 8464//151 7544//151
f 8464//150 8463//150 7545//150
f 8463//149 8462//149 7542//149
f 8462//148 8461//148 7541//148
f 8461//147 8460//147 7539//147
f 8460//274 8459//274 7540//274
f 8459//273 8458//273 7546//273
f 8458//272 8457//272 7547//272
f 8457//271 8456//271 7548//271
f 8456//270 8455//270 7549//270
f 8455//269 8454//269 7550//269
f 8454//268 8453//268 7551//268
f 8453//267 8452//267 7552//267
f 8452//266 8451//266 7553//266
f 8451//265 8450//265 7554//265
f 8450//264 8449//264 7555//264
f 8449//263 8448//263 7556//263
f 8448//277 8447//277 7557//277
f 8447//532 8446//532 7558//532
f 8446//260 8445//260 7559//260
f 8445//278 8444//278 7560//278
f 8444//2271 8443//2271 7561//2271
f 8443//257 8442//257 7562//257
f 8442//531 8441//531 7563//531
f 8441//255 8440//255 7564//255
f 8440//254 8439//254 7565//254
f 8439//530 8438//530 7566//530
f 8438//252 8437//252 7567//252
f 8437//281 8436//281 7568//281
f 8436//250 8435//250 7569//250
f 8435//283 8434//283 7570//283
f 8434//248 8433//248 7571//248
f 8433//285 8432//285 7572//285
f 8432//246 8431//246 7573//246
f 8431//287 8430//287 7538//287
f 8430//288 8429//288 7537//288
f 8429//243 8428//243 7536//243
f 8428//242 8427//242 7535//242
f 8427//241 8426//241 7534//241
f 8426//240 8425//240 7533//240
f 8425//291 8424//291 7532//291
f 8424//238 8423//238 7531//238
f 8423//293 8422//293 7530//293
f 8422//236 8421//236 7529//236
f 8421//295 8420//295 7528//295
f 8420//234 8419//234 7527//234
f 8419//233 8418//233 7526//233
f 8418//528 8417//528 7525//528
f 8417//231 8416//231 7524//231
f 8416//230 8415//230 7523//230
f 8415//527 8414//527 7522//527
f 8414//228 8413//228 7521//228
f 8413//2270 8412//2270 7520//2270
f 8412//226 8411//226 7519//226
f 8411//225 8410//225 7518//225
f 8410//526 8409//526 7517//526
f 8409//223 8408//223 7516//223
f 8408//222 8407//222 7515//222
f 8407//221 8406//221 7514//221
f 8406//301 8405//301 7513//301
f 8405//302 8404//302 7512//302
f 8404//218 8403//218 7511//218
f 8403//217 8402//217 7510//217
f 8402//216 8401//216 7509//216
f 8401//215 8400//215 7508//215
f 8400//214 8399//214 7507//214
f 8076//75 8525//75 8077//75
f 8076//76 8526//76 8525//76
f 8076//76 8075//76 8526//76
f 8526//77 8075//77 8527//77
f 8527//77 8075//77 8074//77
f 8528//78 8074//78 8073//78
f 8529//79 8073//79 8072//79
f 8530//80 8072//80 8071//80
f 8531//81 8071//81 8070//81
f 8532//82 8070//82 8069//82
f 8533//83 8069//83 8068//83
f 8534//84 8068//84 8067//84
f 8535//85 8067//85 8066//85
f 8536//86 8066//86 8065//86
f 8537//87 8065//87 8064//87
f 8538//517 8064//517 8063//517
f 8539//89 8063//89 8062//89
f 8540//90 8062//90 8061//90
f 8541//142 8061//142 8060//142
f 8542//92 8060//92 8059//92
f 8543//93 8059//93 8058//93
f 8544//94 8058//94 8057//94
f 8545//95 8057//95 8056//95
f 8546//96 8056//96 8055//96
f 8547//97 8055//97 8054//97
f 8548//98 8054//98 8053//98
f 8549//99 8053//99 8052//99
f 8550//100 8052//100 8051//100
f 8551//101 8051//101 8050//101
f 8552//102 8050//102 8049//102
f 8553//103 8049//103 8048//103
f 8554//104 8048//104 8047//104
f 8555//508 8047//508 8046//508
f 8556//509 8046//509 8044//509
f 8557//510 8044//510 8043//510
f 8558//511 8043//511 8042//511
f 8559//109 8042//109 8041//109
f 8560//110 8041//110 8040//110
f 8561//111 8040//111 8039//111
f 8562//112 8039//112 8038//112
f 8563//113 8038//113 8037//113
f 8564//114 8037//114 8036//114
f 8565//115 8036//115 8035//115
f 8566//116 8035//116 8034//116
f 8567//117 8034//117 8033//117
f 8568//513 8033//513 8032//513
f 8569//119 8032//119 8031//119
f 8570//120 8031//120 8030//120
f 8571//141 8030//141 8029//141
f 8572//1753 8029//1753 8028//1753
f 8573//123 8028//123 8027//123
f 8574//124 8027//124 8026//124
f 8575//514 8026//514 8025//514
f 8576//126 8025//126 8024//126
f 8577//127 8024//127 8023//127
f 8578//128 8023//128 8022//128
f 8579//129 8022//129 8021//129
f 8580//535 8021//535 8020//535
f 8581//131 8020//131 8019//131
f 8582//132 8019//132 8018//132
f 8583//133 8018//133 8017//133
f 8584//134 8017//134 8016//134
f 8585//332 8016//332 8015//332
f 8586//136 8015//136 8014//136
f 8587//137 8014//137 8013//137
f 8588//140 8013//140 8011//140
f 8589//11 8011//11 8010//11
f 8590//12 8010//12 8009//12
f 8591//13 8009//13 8008//13
f 8592//14 8008//14 8007//14
f 8593//15 8007//15 8006//15
f 8594//16 8006//16 8005//16
f 8595//17 8005//17 8004//17
f 8596//18 8004//18 8003//18
f 8597//19 8003//19 8002//19
f 8598//20 8002//20 8001//20
f 8599//21 8001//21 8000//21
f 8600//22 8000//22 7999//22
f 8601//23 7999//23 7998//23
f 8602//24 7998//24 7997//24
f 8603//25 7997//25 7996//25
f 8604//26 7996//26 7995//26
f 8605//27 7995//27 7994//27
f 8606//28 7994//28 7993//28
f 8607//29 7993//29 7992//29
f 8608//30 7992//30 7991//30
f 8609//497 7991//497 7990//497
f 8610//32 7990//32 7989//32
f 8611//33 7989//33 7988//33
f 8612//34 7988//34 7987//34
f 8613//35 7987//35 7986//35
f 8614//36 7986//36 7985//36
f 8615//37 7985//37 7984//37
f 8616//38 7984//38 8113//38
f 8617//39 8113//39 8096//39
f 8618//40 8096//40 8085//40
f 8619//498 8085//498 8086//498
f 8620//499 8086//499 8087//499
f 8621//500 8087//500 8088//500
f 8622//501 8088//501 8089//501
f 8623//45 8089//45 8090//45
f 8624//46 8090//46 8091//46
f 8625//47 8091//47 8092//47
f 8626//48 8092//48 8093//48
f 8627//49 8093//49 8094//49
f 8628//50 8094//50 8095//50
f 8629//51 8095//51 8097//51
f 8630//52 8097//52 8098//52
f 8631//53 8098//53 8099//53
f 8632//503 8099//503 8100//503
f 8633//55 8100//55 8101//55
f 8634//56 8101//56 8102//56
f 8635//57 8102//57 8103//57
f 8636//58 8103//58 8104//58
f 8637//59 8104//59 8105//59
f 8638//60 8105//60 8106//60
f 8639//504 8106//504 8107//504
f 8640//62 8107//62 8108//62
f 8641//63 8108//63 8109//63
f 8642//64 8109//64 8110//64
f 8643//65 8110//65 8111//65
f 8644//66 8111//66 8112//66
f 8645//67 8112//67 8084//67
f 8646//68 8084//68 8083//68
f 8647//69 8083//69 8082//69
f 8648//70 8082//70 8081//70
f 8649//144 8081//144 8080//144
f 8650//72 8080//72 8079//72
f 8651//73 8079//73 8078//73
f 8652//334 8078//334 8077//334
f 8525//335 8652//335 8077//335
f 8652//74 8651//74 8078//74
f 8651//73 8650//73 8079//73
f 8650//72 8649//72 8080//72
f 8649//144 8648//144 8081//144
f 8648//70 8647//70 8082//70
f 8647//69 8646//69 8083//69
f 8646//68 8645//68 8084//68
f 8645//67 8644//67 8112//67
f 8644//66 8643//66 8111//66
f 8643//65 8642//65 8110//65
f 8642//64 8641//64 8109//64
f 8641//63 8640//63 8108//63
f 8640//62 8639//62 8107//62
f 8639//504 8638//504 8106//504
f 8638//60 8637//60 8105//60
f 8637//59 8636//59 8104//59
f 8636//58 8635//58 8103//58
f 8635//57 8634//57 8102//57
f 8634//56 8633//56 8101//56
f 8633//55 8632//55 8100//55
f 8632//54 8631//54 8099//54
f 8631//53 8630//53 8098//53
f 8630//52 8629//52 8097//52
f 8629//51 8628//51 8095//51
f 8628//50 8627//50 8094//50
f 8627//49 8626//49 8093//49
f 8626//48 8625//48 8092//48
f 8625//47 8624//47 8091//47
f 8624//46 8623//46 8090//46
f 8623//45 8622//45 8089//45
f 8622//501 8621//501 8088//501
f 8621//500 8620//500 8087//500
f 8620//499 8619//499 8086//499
f 8619//498 8618//498 8085//498
f 8618//40 8617//40 8096//40
f 8617//39 8616//39 8113//39
f 8616//38 8615//38 7984//38
f 8615//37 8614//37 7985//37
f 8614//36 8613//36 7986//36
f 8613//35 8612//35 7987//35
f 8612//34 8611//34 7988//34
f 8611//33 8610//33 7989//33
f 8610//32 8609//32 7990//32
f 8609//497 8608//497 7991//497
f 8608//30 8607//30 7992//30
f 8607//29 8606//29 7993//29
f 8606//28 8605//28 7994//28
f 8605//1754 8604//1754 7995//1754
f 8604//26 8603//26 7996//26
f 8603//25 8602//25 7997//25
f 8602//496 8601//496 7998//496
f 8601//23 8600//23 7999//23
f 8600//22 8599//22 8000//22
f 8599//21 8598//21 8001//21
f 8598//20 8597//20 8002//20
f 8597//536 8596//536 8003//536
f 8596//18 8595//18 8004//18
f 8595//17 8594//17 8005//17
f 8594//16 8593//16 8006//16
f 8593//15 8592//15 8007//15
f 8592//337 8591//337 8008//337
f 8591//13 8590//13 8009//13
f 8590//12 8589//12 8010//12
f 8589//11 8588//11 8011//11
f 8588//140 8587//140 8013//140
f 8587//137 8586//137 8014//137
f 8586//136 8585//136 8015//136
f 8585//135 8584//135 8016//135
f 8584//134 8583//134 8017//134
f 8583//133 8582//133 8018//133
f 8582//132 8581//132 8019//132
f 8581//131 8580//131 8020//131
f 8580//130 8579//130 8021//130
f 8579//129 8578//129 8022//129
f 8578//128 8577//128 8023//128
f 8577//127 8576//127 8024//127
f 8576//126 8575//126 8025//126
f 8575//125 8574//125 8026//125
f 8574//124 8573//124 8027//124
f 8573//123 8572//123 8028//123
f 8572//122 8571//122 8029//122
f 8571//141 8570//141 8030//141
f 8570//120 8569//120 8031//120
f 8569//119 8568//119 8032//119
f 8568//513 8567//513 8033//513
f 8567//117 8566//117 8034//117
f 8566//116 8565//116 8035//116
f 8565//115 8564//115 8036//115
f 8564//114 8563//114 8037//114
f 8563//113 8562//113 8038//113
f 8562//112 8561//112 8039//112
f 8561//111 8560//111 8040//111
f 8560//110 8559//110 8041//110
f 8559//109 8558//109 8042//109
f 8558//511 8557//511 8043//511
f 8557//510 8556//510 8044//510
f 8556//509 8555//509 8046//509
f 8555//508 8554//508 8047//508
f 8554//104 8553//104 8048//104
f 8553//103 8552//103 8049//103
f 8552//102 8551//102 8050//102
f 8551//101 8550//101 8051//101
f 8550//100 8549//100 8052//100
f 8549//99 8548//99 8053//99
f 8548//98 8547//98 8054//98
f 8547//97 8546//97 8055//97
f 8546//96 8545//96 8056//96
f 8545//507 8544//507 8057//507
f 8544//94 8543//94 8058//94
f 8543//93 8542//93 8059//93
f 8542//92 8541//92 8060//92
f 8541//142 8540//142 8061//142
f 8540//90 8539//90 8062//90
f 8539//89 8538//89 8063//89
f 8538//517 8537//517 8064//517
f 8537//87 8536//87 8065//87
f 8536//86 8535//86 8066//86
f 8535//85 8534//85 8067//85
f 8534//84 8533//84 8068//84
f 8533//83 8532//83 8069//83
f 8532//82 8531//82 8070//82
f 8531//81 8530//81 8071//81
f 8530//80 8529//80 8072//80
f 8529//79 8528//79 8073//79
f 8528//78 8527//78 8074//78
f 8301//3 8296//3 8653//3
f 8653//3 8296//3 8654//3
f 8296//1 8139//1 8497//1
f 8498//1 8296//1 8497//1
f 8498//1 8499//1 8296//1
f 8296//1 8499//1 8500//1
f 8501//1 8296//1 8500//1
f 8501//1 8502//1 8296//1
f 8296//1 8502//1 8503//1
f 8504//1 8296//1 8503//1
f 8504//1 8505//1 8296//1
f 8296//1 8505//1 8506//1
f 8507//1 8296//1 8506//1
f 8507//1 8508//1 8296//1
f 8296//1 8508//1 8509//1
f 8510//1 8296//1 8509//1
f 8510//1 8511//1 8296//1
f 8296//1 8511//1 8512//1
f 8513//1 8296//1 8512//1
f 8513//1 8514//1 8296//1
f 8296//1 8514//1 8515//1
f 8516//1 8296//1 8515//1
f 8516//1 8517//1 8296//1
f 8296//1 8517//1 8518//1
f 8519//1 8296//1 8518//1
f 8519//1 8520//1 8296//1
f 8296//1 8520//1 8521//1
f 8522//1 8296//1 8521//1
f 8522//1 8523//1 8296//1
f 8296//1 8523//1 8524//1
f 8654//1 8524//1 8397//1
f 8398//1 8654//1 8397//1
f 8398//1 8399//1 8654//1
f 8654//1 8399//1 8400//1
f 8401//1 8654//1 8400//1
f 8401//1 8402//1 8654//1
f 8654//1 8402//1 8403//1
f 8404//1 8654//1 8403//1
f 8404//1 8405//1 8654//1
f 8654//1 8405//1 8406//1
f 8407//1 8654//1 8406//1
f 8407//1 8408//1 8654//1
f 8654//1 8408//1 8409//1
f 8410//1 8654//1 8409//1
f 8410//1 8411//1 8654//1
f 8654//1 8411//1 8412//1
f 8413//1 8654//1 8412//1
f 8413//1 8414//1 8654//1
f 8654//1 8414//1 8415//1
f 8416//1 8654//1 8415//1
f 8416//1 8417//1 8654//1
f 8654//1 8417//1 8418//1
f 8419//1 8654//1 8418//1
f 8419//1 8420//1 8654//1
f 8654//1 8420//1 8421//1
f 8422//1 8654//1 8421//1
f 8422//1 8423//1 8654//1
f 8654//1 8423//1 8424//1
f 8425//1 8654//1 8424//1
f 8425//1 8426//1 8654//1
f 8654//1 8426//1 8427//1
f 8428//1 8654//1 8427//1
f 8428//1 8655//1 8654//1
f 8428//1 8429//1 8655//1
f 8655//1 8429//1 8430//1
f 8431//1 8655//1 8430//1
f 8431//1 8432//1 8655//1
f 8655//1 8432//1 8433//1
f 8434//1 8655//1 8433//1
f 8434//1 8435//1 8655//1
f 8655//1 8435//1 8436//1
f 8437//1 8655//1 8436//1
f 8437//1 8438//1 8655//1
f 8655//1 8438//1 8439//1
f 8440//1 8655//1 8439//1
f 8440//1 8441//1 8655//1
f 8655//1 8441//1 8442//1
f 8443//1 8655//1 8442//1
f 8443//1 8444//1 8655//1
f 8655//1 8444//1 8445//1
f 8446//1 8655//1 8445//1
f 8446//1 8447//1 8655//1
f 8655//1 8447//1 8448//1
f 8449//1 8655//1 8448//1
f 8449//1 8450//1 8655//1
f 8655//1 8450//1 8451//1
f 8452//1 8655//1 8451//1
f 8452//1 8453//1 8655//1
f 8655//1 8453//1 8454//1
f 8455//1 8655//1 8454//1
f 8455//1 8456//1 8655//1
f 8655//1 8456//1 8457//1
f 8458//1 8655//1 8457//1
f 8458//1 8189//1 8655//1
f 8458//1 8459//1 8189//1
f 8189//1 8459//1 8460//1
f 8461//1 8189//1 8460//1
f 8461//1 8462//1 8189//1
f 8189//1 8462//1 8463//1
f 8464//1 8189//1 8463//1
f 8464//1 8465//1 8189//1
f 8189//1 8465//1 8188//1
f 8188//1 8465//1 8466//1
f 8187//1 8466//1 8467//1
f 8186//1 8467//1 8185//1
f 8186//1 8187//1 8467//1
f 8143//1 8494//1 8142//1
f 8143//1 8144//1 8494//1
f 8494//1 8144//1 8145//1
f 8146//1 8494//1 8145//1
f 8146//1 8493//1 8494//1
f 8146//1 8147//1 8493//1
f 8493//1 8147//1 8148//1
f 8492//1 8148//1 8149//1
f 8150//1 8492//1 8149//1
f 8150//1 8151//1 8492//1
f 8492//1 8151//1 8491//1
f 8491//1 8151//1 8152//1
f 8153//1 8491//1 8152//1
f 8153//1 8490//1 8491//1
f 8153//1 8154//1 8490//1
f 8490//1 8154//1 8489//1
f 8489//1 8154//1 8488//1
f 8488//1 8154//1 8487//1
f 8487//1 8154//1 8155//1
f 8486//1 8155//1 8156//1
f 8485//1 8156//1 8484//1
f 8485//1 8486//1 8156//1
f 8142//1 8495//1 8141//1
f 8142//1 8494//1 8495//1
f 8156//1 8157//1 8484//1
f 8484//1 8157//1 8158//1
f 8483//1 8158//1 8159//1
f 8482//1 8159//1 8160//1
f 8481//1 8160//1 8161//1
f 8162//1 8481//1 8161//1
f 8162//1 8163//1 8481//1
f 8481//1 8163//1 8164//1
f 8165//1 8481//1 8164//1
f 8165//1 8166//1 8481//1
f 8481//1 8166//1 8167//1
f 8168//1 8481//1 8167//1
f 8168//1 8169//1 8481//1
f 8481//1 8169//1 8480//1
f 8480//1 8169//1 8170//1
f 8171//1 8480//1 8170//1
f 8171//1 8479//1 8480//1
f 8171//1 8478//1 8479//1
f 8171//1 8477//1 8478//1
f 8171//1 8476//1 8477//1
f 8171//1 8475//1 8476//1
f 8171//1 8172//1 8475//1
f 8475//1 8172//1 8173//1
f 8474//1 8173//1 8174//1
f 8175//1 8474//1 8174//1
f 8175//1 8473//1 8474//1
f 8175//1 8176//1 8473//1
f 8473//1 8176//1 8177//1
f 8472//1 8177//1 8178//1
f 8179//1 8472//1 8178//1
f 8179//1 8180//1 8472//1
f 8472//1 8180//1 8471//1
f 8471//1 8180//1 8470//1
f 8470//1 8180//1 8469//1
f 8469//1 8180//1 8468//1
f 8468//1 8180//1 8467//1
f 8467//1 8180//1 8181//1
f 8182//1 8467//1 8181//1
f 8182//1 8183//1 8467//1
f 8467//1 8183//1 8184//1
f 8185//1 8467//1 8184//1
f 8187//1 8188//1 8466//1
f 8654//1 8296//1 8524//1
f 8472//1 8473//1 8177//1
f 8474//1 8475//1 8173//1
f 8481//1 8482//1 8160//1
f 8482//1 8483//1 8159//1
f 8483//1 8484//1 8158//1
f 8486//1 8487//1 8155//1
f 8492//1 8493//1 8148//1
f 8495//1 8496//1 8141//1
f 8141//1 8496//1 8140//1
f 8140//1 8496//1 8497//1
f 8139//1 8140//1 8497//1
f 8192//2 8645//2 8191//2
f 8192//2 8193//2 8645//2
f 8645//2097 8193//2097 8194//2097
f 8195//2 8645//2 8194//2
f 8195//2 8196//2 8645//2
f 8645//2 8196//2 8197//2
f 8198//2 8645//2 8197//2
f 8198//2 8644//2 8645//2
f 8198//2 8643//2 8644//2
f 8198//2 8642//2 8643//2
f 8198//2 8641//2 8642//2
f 8198//2 8640//2 8641//2
f 8198//2 8199//2 8640//2
f 8640//2 8199//2 8200//2
f 8201//2 8640//2 8200//2
f 8201//2 8639//2 8640//2
f 8201//2 8202//2 8639//2
f 8639//2 8202//2 8203//2
f 8638//2097 8203//2097 8204//2097
f 8205//2096 8638//2096 8204//2096
f 8205//2 8637//2 8638//2
f 8205//2 8206//2 8637//2
f 8637//2 8206//2 8636//2
f 8636//2 8206//2 8635//2
f 8635//2 8206//2 8634//2
f 8634//2 8206//2 8633//2
f 8633//2 8206//2 8632//2
f 8632//2 8206//2 8207//2
f 8208//2 8632//2 8207//2
f 8208//2 8209//2 8632//2
f 8632//2 8209//2 8210//2
f 8211//2 8632//2 8210//2
f 8211//2 8212//2 8632//2
f 8632//2 8212//2 8213//2
f 8214//2 8632//2 8213//2
f 8214//2 8215//2 8632//2
f 8632//2 8215//2 8216//2
f 8631//2 8216//2 8217//2
f 8218//2 8631//2 8217//2
f 8218//2 8630//2 8631//2
f 8218//2 8219//2 8630//2
f 8630//2 8219//2 8629//2
f 8629//2 8219//2 8220//2
f 8628//2 8220//2 8221//2
f 8222//2 8628//2 8221//2
f 8222//2 8627//2 8628//2
f 8222//2 8626//2 8627//2
f 8222//2 8223//2 8626//2
f 8626//2 8223//2 8625//2
f 8625//2 8223//2 8224//2
f 8624//2 8224//2 8623//2
f 8624//2 8625//2 8224//2
f 8191//2 8646//2 8190//2
f 8191//2 8645//2 8646//2
f 8623//2 8224//2 8622//2
f 8622//2 8224//2 8225//2
f 8621//2 8225//2 8226//2
f 8227//2 8621//2 8226//2
f 8227//2 8620//2 8621//2
f 8227//2 8228//2 8620//2
f 8620//2 8228//2 8229//2
f 8230//2 8620//2 8229//2
f 8230//2 8619//2 8620//2
f 8230//2 8231//2 8619//2
f 8619//2 8231//2 8232//2
f 8618//2 8232//2 8233//2
f 8234//2 8618//2 8233//2
f 8234//2 8235//2 8618//2
f 8618//2 8235//2 8236//2
f 8617//2 8236//2 8237//2
f 8616//2 8237//2 8238//2
f 8615//2 8238//2 8239//2
f 8306//2 8615//2 8239//2
f 8306//2 8614//2 8615//2
f 8306//2 8613//2 8614//2
f 8306//2 8612//2 8613//2
f 8306//2 8611//2 8612//2
f 8306//2 8610//2 8611//2
f 8306//2 8609//2 8610//2
f 8306//2 8608//2 8609//2
f 8306//2 8607//2 8608//2
f 8306//2 8606//2 8607//2
f 8306//2 8605//2 8606//2
f 8306//2 8604//2 8605//2
f 8306//2 8603//2 8604//2
f 8306//2 8602//2 8603//2
f 8306//2 8601//2 8602//2
f 8306//2 8600//2 8601//2
f 8306//2 8599//2 8600//2
f 8306//2 8598//2 8599//2
f 8306//2 8597//2 8598//2
f 8306//2 8596//2 8597//2
f 8306//2 8595//2 8596//2
f 8306//2 8594//2 8595//2
f 8306//2 8593//2 8594//2
f 8306//2 8592//2 8593//2
f 8306//2 8591//2 8592//2
f 8306//2 8590//2 8591//2
f 8306//2 8589//2 8590//2
f 8306//2 8588//2 8589//2
f 8306//2 8656//2 8588//2
f 8588//2 8656//2 8587//2
f 8587//2 8656//2 8586//2
f 8586//2 8656//2 8585//2
f 8585//2 8656//2 8584//2
f 8584//2 8656//2 8583//2
f 8583//2 8656//2 8582//2
f 8582//2 8656//2 8581//2
f 8581//2 8656//2 8580//2
f 8580//2 8656//2 8579//2
f 8579//2 8656//2 8578//2
f 8578//2 8656//2 8577//2
f 8577//2 8656//2 8576//2
f 8576//2 8656//2 8575//2
f 8575//2 8656//2 8574//2
f 8574//2 8656//2 8573//2
f 8573//2 8656//2 8572//2
f 8572//2 8656//2 8571//2
f 8571//2 8656//2 8570//2
f 8570//2 8656//2 8569//2
f 8569//2 8656//2 8568//2
f 8568//2 8656//2 8567//2
f 8567//2 8656//2 8566//2
f 8566//2 8656//2 8565//2
f 8565//2 8656//2 8564//2
f 8564//2 8656//2 8563//2
f 8563//2 8656//2 8562//2
f 8562//2 8656//2 8561//2
f 8561//2 8656//2 8560//2
f 8560//2 8656//2 8559//2
f 8559//2 8656//2 8558//2
f 8558//2 8656//2 8557//2
f 8557//2 8656//2 8556//2
f 8556//2 8656//2 8655//2
f 8555//2 8655//2 8554//2
f 8555//2 8556//2 8655//2
f 8652//2096 8525//2096 8189//2096
f 8651//2 8189//2 8650//2
f 8651//2 8652//2 8189//2
f 8525//2097 8526//2097 8189//2097
f 8189//2 8526//2 8655//2
f 8655//2 8526//2 8527//2
f 8528//2 8655//2 8527//2
f 8528//2 8529//2 8655//2
f 8655//2 8529//2 8530//2
f 8531//2 8655//2 8530//2
f 8531//2 8532//2 8655//2
f 8655//2 8532//2 8533//2
f 8534//2 8655//2 8533//2
f 8534//2 8535//2 8655//2
f 8655//2 8535//2 8536//2
f 8537//2 8655//2 8536//2
f 8537//2 8538//2 8655//2
f 8655//2 8538//2 8539//2
f 8540//2 8655//2 8539//2
f 8540//2 8541//2 8655//2
f 8655//2 8541//2 8542//2
f 8543//2 8655//2 8542//2
f 8543//2 8544//2 8655//2
f 8655//2 8544//2 8545//2
f 8546//2 8655//2 8545//2
f 8546//2 8547//2 8655//2
f 8655//2 8547//2 8548//2
f 8549//2 8655//2 8548//2
f 8549//2 8550//2 8655//2
f 8655//2 8550//2 8551//2
f 8552//2 8655//2 8551//2
f 8552//2 8553//2 8655//2
f 8655//2 8553//2 8554//2
f 8615//2 8616//2 8238//2
f 8616//2 8617//2 8237//2
f 8617//2 8618//2 8236//2
f 8618//2 8619//2 8232//2
f 8621//2 8622//2 8225//2
f 8628//2 8629//2 8220//2
f 8631//2 8632//2 8216//2
f 8638//2 8639//2 8203//2
f 8646//2 8647//2 8190//2
f 8190//2 8647//2 8189//2
f 8189//2 8647//2 8648//2
f 8649//2 8189//2 8648//2
f 8649//2 8650//2 8189//2
f 8306//4 8301//4 8656//4
f 8656//4 8301//4 8653//4
f 8656//5 8653//5 8655//5
f 8655//5 8653//5 8654//5
